-- phpMyAdmin SQL Dump
-- version 3.5.0
-- http://www.phpmyadmin.net
--
-- Host: localhost
-- Generation Time: May 01, 2018 at 09:25 AM
-- Server version: 5.6.29-1~dotdeb+7.1
-- PHP Version: 5.6.30-0+deb8u1

SET SQL_MODE="NO_AUTO_VALUE_ON_ZERO";
SET time_zone = "+00:00";


/*!40101 SET @OLD_CHARACTER_SET_CLIENT=@@CHARACTER_SET_CLIENT */;
/*!40101 SET @OLD_CHARACTER_SET_RESULTS=@@CHARACTER_SET_RESULTS */;
/*!40101 SET @OLD_COLLATION_CONNECTION=@@COLLATION_CONNECTION */;
/*!40101 SET NAMES utf8 */;

--
-- Database: `rms_demo`
--

-- --------------------------------------------------------

--
-- Table structure for table `bank_balance`
--

CREATE TABLE IF NOT EXISTS `bank_balance` (
  `val` varchar(255) COLLATE utf8_unicode_ci NOT NULL
) ENGINE=InnoDB DEFAULT CHARSET=utf8 COLLATE=utf8_unicode_ci;

--
-- Dumping data for table `bank_balance`
--

INSERT INTO `bank_balance` (`val`) VALUES
('0.00');

-- --------------------------------------------------------

--
-- Table structure for table `bus`
--

CREATE TABLE IF NOT EXISTS `bus` (
  `id` int(11) NOT NULL AUTO_INCREMENT,
  `name` varchar(10) COLLATE utf8_unicode_ci NOT NULL,
  `country` varchar(3) COLLATE utf8_unicode_ci NOT NULL,
  `zip` int(10) NOT NULL,
  `description` varchar(255) COLLATE utf8_unicode_ci NOT NULL,
  `bu_info` text COLLATE utf8_unicode_ci NOT NULL,
  `training_link` text COLLATE utf8_unicode_ci NOT NULL,
  `pos_db_dir` varchar(255) COLLATE utf8_unicode_ci NOT NULL,
  `pos_archives_dir` varchar(255) COLLATE utf8_unicode_ci NOT NULL,
  `id_pos_cash_method` varchar(255) COLLATE utf8_unicode_ci NOT NULL,
  `email_order` varchar(255) COLLATE utf8_unicode_ci NOT NULL,
  `delivery_header` text COLLATE utf8_unicode_ci NOT NULL,
  `delivery_info` text COLLATE utf8_unicode_ci NOT NULL,
  `welcome_email` text COLLATE utf8_unicode_ci,
  `pushover_device` varchar(255) COLLATE utf8_unicode_ci NOT NULL,
  `pushover_device_kitchen` varchar(255) COLLATE utf8_unicode_ci NOT NULL,
  `net_ip` text COLLATE utf8_unicode_ci NOT NULL,
  `humanity_positions` text COLLATE utf8_unicode_ci NOT NULL,
  `cashier_alert_amount_safe` int(11) NOT NULL,
  `cashier_alert_amount_close_min` int(11) NOT NULL,
  `cashier_alert_amount_close_max` int(11) NOT NULL,
  `api_key` varchar(255) COLLATE utf8_unicode_ci DEFAULT NULL,
  PRIMARY KEY (`id`),
  UNIQUE KEY `id` (`id`)
) ENGINE=InnoDB  DEFAULT CHARSET=utf8 COLLATE=utf8_unicode_ci AUTO_INCREMENT=5 ;

--
-- Dumping data for table `bus`
--

INSERT INTO `bus` (`id`, `name`, `country`, `zip`, `description`, `bu_info`, `training_link`, `pos_db_dir`, `pos_archives_dir`, `id_pos_cash_method`, `email_order`, `delivery_header`, `delivery_info`, `welcome_email`, `pushover_device`, `pushover_device_kitchen`, `net_ip`, `humanity_positions`, `cashier_alert_amount_safe`, `cashier_alert_amount_close_min`, `cashier_alert_amount_close_max`, `api_key`) VALUES
(1, 'FR75ARCH', 'FR', 75003, '', 'HANK VEGAN BURGER\n55 rue des Archives 75003 Paris\n+33 9 72 44 03 99\nDirect : +33 9 72 44 68 41\n\nHANK VEGAN PIZZA\n18 rue des Gravilliers 75003 Paris\n+33 9 72 50 33 68\nDirect : +33 9 72 56 68 17\n\nEmail manager : manager-fr75arch@hankrestaurant.com\nEmail questions RH : rh-fr75arch@hankrestaurant.com', '', '/home/cashbkp/1/cashpad/cashpad.db', '/home/cashbkp/1/cashpad/archives/c3c9e76c-30e1-47dd-8375-4d5f37ba87ff', '7DD4A3FB-ADC2-49D9-9EDE-01129023FE37', 'order-fr75arch@hankrestaurant.com', '<span style="font-size: 22px; font-weight: bold; color: #ffab14;">HANK BURGER</span>\r\nAdresse de livraison :\r\n<span style="font-size: 16px; font-weight: bold; color: #ffab14;">55 rue des archives 75003 Paris</span>\r\nS.A.S. HANK\r\nRCS 798983706\r\nAPE 5610C\r\nTVA FR38798983706', '- Livrer uniquement dans les horaires et jours déterminés.\n- Le stationnement est délicat, mais possible sur les places de livraison, au coin de la rue ou en arret sur l''arret de bus (contactez-nous pour que nous venions vous aider pour ne pas quitter le camion). Interdiction de bloquer la rue, nous devons controler les marchandises.\n- Toutes les marchandises sont forcément controlées sans exception AVANT la signature du Bon de transport. Si le livreur ne peut ou ne veut pas attendre, cette mention sera inscrite sur le BDT. Nous n''inscrirons jamais les mentions inutiles "sous réserve de truc et machin..." etc.\n- Merci de récupérer vos palettes, nous ne pouvons pas les stocker. Dans tous les cas, nous ne pouvons pas prendre en charge les frais de palette.\n- Café offert à tous les livreurs sympa! :-)', 'Hello!\nBienvenue chez Hank!\n\nEn vue des prochains services, voici quelques informations.\nNous venons de créer ton espace personnel sur notre plateforme «RMS» accessible ici : http://rms.hankrestaurant.com\nTon login par défaut est prenom.nom puis le mot de passe par défaut à changer est : jaimehank\nSi cela ne fonctionne pas, clique sur "Forgot password" sur la page de login pour obtenir un mot de passe.\nLa bible du fonctionnement du restaurant, le "Hank’s play book" est disponible ici : http://rms.hankrestaurant.com/skills/start/\n\nPour le planning, tu peux le consulter ici : https://hank.humanity.com/\n\nTu as normalement reçu un email te demandant d’activer ton compte.\nIl faut également activer ton email en cliquant sur le lien “Activer mon email” sur la page principale\nTon login est prenom.nom. Si cela ne fonctionne pas, clique sur "Forgot password" sur la page de login pour retrouver ton mot de passe.\nPar défaut, tu es notifié de tes shifts 24h à l''avance puis 1h à l''avance. Tu peux changer cela dans les paramètres de ton compte.\n\nIMPORTANT, si ce n’est pas déjà fait, merci de transmettre AVANT TON PREMIER SHIFT, par email à l''adresse rh-fr69opera@hankrestaurant.com (et pas en reply de cet email), par photo ou scan :\n- ta pièce d’identité\n- si tu n’es pas européen ton document d’autorisation de travail\n- ta carte vitale\n- ton attestation sécurité sociale ou CMU si tu en es bénéficiaire\n- ton attestation de mutuelle personnelle si tu en as déjà une\n- ton IBAN (numéro seulement FR76xxxxx et pas l''image).\n\nCordialement,\n—\nThe Hank dream team', 'FR75ARCH', '', '0.0.0.0', '796796,521151,1351252,1382104,1449377,1458545,1223166', 5, -3, 6000, ''),
(2, 'FR75GRAV', 'FR', 75003, '', 'HANK VEGAN PIZZA\n18 rue des Gravilliers 75003 Paris\n+33 9 72 50 33 68\nDirect : +33 9 72 56 68 17\n\nHANK VEGAN BURGER\n55 rue des Archives 75003 Paris\n+33 9 72 44 03 99\nDirect : +33 9 72 44 68 41\n\nEmail manager : manager-fr75grav@hankrestaurant.com\nEmail questions RH : rh-fr75grav@hankrestaurant.com', '', '/home/cashbkp/2/cashpad/cashpad.db', '/home/cashbkp/2/cashpad/archives/b3a43e1a-2490-4e05-af15-7ea85233c987', '7DD4A3FB-ADC2-49D9-9EDE-01129023FE37', 'order-fr75grav@hankrestaurant.com', '<span style="font-size: 22px; font-weight: bold; color: #b8402f;">HANK PIZZA</span>\nAdresse de livraison :\n<span style="font-size: 16px; font-weight: bold; color: #b8402f;">18 rue des Gravilliers 75003 Paris</span>\nS.A.S. HANK\nRCS 798983706\nAPE 5610C\nTVA FR38798983706', '- Livrer uniquement dans les horaires et jours déterminés.\n- Le stationnement est délicat, mais possible sur les places de livraison, au coin de la rue ou en arret sur l''arret de bus (contactez-nous pour que nous venions vous aider pour ne pas quitter le camion). Interdiction de bloquer la rue, nous devons controler les marchandises.\n- Toutes les marchandises sont forcément controlées sans exception AVANT la signature du Bon de transport. Si le livreur ne peut ou ne veut pas attendre, cette mention sera inscrite sur le BDT. Nous n''inscrirons jamais les mentions inutiles "sous réserve de truc et machin..." etc.\n- Merci de récupérer vos palettes, nous ne pouvons pas les stocker. Dans tous les cas, nous ne pouvons pas prendre en charge les frais de palette.\n- Café offert à tous les livreurs sympa! :-)', 'Hello!\r\nBienvenue chez Hank!\r\n\r\nEn vue des prochains services, voici quelques informations.\r\nNous venons de créer ton espace personnel sur notre plateforme «RMS» accessible ici : http://rms.hankrestaurant.com\r\nTon login par défaut est prenom.nom puis le mot de passe par défaut à changer est : jaimehank\r\nSi cela ne fonctionne pas, clique sur "Forgot password" sur la page de login pour obtenir un mot de passe.\r\nLa bible du fonctionnement du restaurant, le "Hank’s play book" est disponible ici : http://rms.hankrestaurant.com/skills/start/\r\n\r\nPour le planning, tu peux le consulter ici : https://hank.humanity.com/\r\n\r\nTu as normalement reçu un email te demandant d’activer ton compte.\r\nIl faut également activer ton email en cliquant sur le lien “Activer mon email” sur la page principale\r\nTon login est prenom.nom. Si cela ne fonctionne pas, clique sur "Forgot password" sur la page de login pour retrouver ton mot de passe.\r\nPar défaut, tu es notifié de tes shifts 24h à l''avance puis 1h à l''avance. Tu peux changer cela dans les paramètres de ton compte.\r\n\r\nIMPORTANT, si ce n’est pas déjà fait, merci de transmettre AVANT TON PREMIER SHIFT, par email à l''adresse rh-fr69opera@hankrestaurant.com (et pas en reply de cet email), par photo ou scan :\r\n- ta pièce d’identité\r\n- si tu n’es pas européen ton document d’autorisation de travail\r\n- ta carte vitale\r\n- ton attestation sécurité sociale ou CMU si tu en es bénéficiaire\r\n- ton attestation de mutuelle personnelle si tu en as déjà une\r\n- ton IBAN (numéro seulement FR76xxxxx et pas l''image).\r\n\r\nCordialement,\r\n—\r\nThe Hank dream team', 'FR75GRAV', 'FR75GRAV-KITCHEN', '0.0.0.0', '1223167,1349033,1453840,1546366,1449085,1488236,1223165,1416694', 5, -3, 6000, ''),
(3, 'FR75ROCH', 'FR', 75003, '', 'HANK VEGAN BURGER\r\n8 rue de Rochechouart 75009 Paris\r\n\r\nEmail manager : manager-fr75roch@hankrestaurant.com', '', '/home/cashbkp/3/cashpad/cashpad.db', '/home/cashbkp/3/cashpad/archives/6b6d67ca-0884-48d3-98ff-33a2d5908274', '7DD4A3FB-ADC2-49D9-9EDE-01129023FE37', 'order-fr75roch@hankrestaurant.com', '<span style="font-size: 22px; font-weight: bold; color: #b8402f;">HANK BURGER</span>\r\nAdresse de livraison :\r\n<span style="font-size: 16px; font-weight: bold; color: #b8402f;">8 rue de Rochechouart 75009 Paris</span>\r\nS.A.S. HANK\r\nRCS 830695862\r\nAPE 5610C\r\nTVA FR70830695862', '- Livrer uniquement dans les horaires et jours déterminés.\r\n- Le stationnement est délicat, mais possible sur les places de livraison, au coin de la rue ou en arret sur l''arret de bus (contactez-nous pour que nous venions vous aider pour ne pas quitter le camion). Interdiction de bloquer la rue, nous devons controler les marchandises.\r\n- Toutes les marchandises sont forcément controlées sans exception AVANT la signature du Bon de transport. Si le livreur ne peut ou ne veut pas attendre, cette mention sera inscrite sur le BDT. Nous n''inscrirons jamais les mentions inutiles "sous réserve de truc et machin..." etc.\r\n- Merci de récupérer vos palettes, nous ne pouvons pas les stocker. Dans tous les cas, nous ne pouvons pas prendre en charge les frais de palette.\r\n- Café offert à tous les livreurs sympa! :-)', 'Hello!\r\nBienvenue chez Hank!\r\n\r\nEn vue des prochains services, voici quelques informations.\r\nNous venons de créer ton espace personnel sur notre plateforme «RMS» accessible ici : http://rms.hankrestaurant.com\r\nTon login par défaut est prenom.nom puis le mot de passe par défaut à changer est : jaimehank\r\nSi cela ne fonctionne pas, clique sur "Forgot password" sur la page de login pour obtenir un mot de passe.\r\nLa bible du fonctionnement du restaurant, le "Hank’s play book" est disponible ici : http://rms.hankrestaurant.com/skills/start/\r\n\r\nPour le planning, tu peux le consulter ici : https://hank.humanity.com/\r\n\r\nTu as normalement reçu un email te demandant d’activer ton compte.\r\nIl faut également activer ton email en cliquant sur le lien “Activer mon email” sur la page principale\r\nTon login est prenom.nom. Si cela ne fonctionne pas, clique sur "Forgot password" sur la page de login pour retrouver ton mot de passe.\r\nPar défaut, tu es notifié de tes shifts 24h à l''avance puis 1h à l''avance. Tu peux changer cela dans les paramètres de ton compte.\r\n\r\nIMPORTANT, si ce n’est pas déjà fait, merci de transmettre AVANT TON PREMIER SHIFT, par email à l''adresse rh-fr69opera@hankrestaurant.com (et pas en reply de cet email), par photo ou scan :\r\n- ta pièce d’identité\r\n- si tu n’es pas européen ton document d’autorisation de travail\r\n- ta carte vitale\r\n- ton attestation sécurité sociale ou CMU si tu en es bénéficiaire\r\n- ton attestation de mutuelle personnelle si tu en as déjà une\r\n- ton IBAN (numéro seulement FR76xxxxx et pas l''image).\r\n\r\nCordialement,\r\n—\r\nThe Hank dream team', 'FR75ROCH', 'FR75ROCH-KITCHEN', '0.0.0.0', '1694356,1694355,1694357,1694358,1694359,1694360,1694361', 5, -3, 6000, ''),
(4, 'FR69OPERA', 'FR', 69001, '', 'HANK VEGAN BURGER\r\n5 rue Pizay 69001 Lyon\r\n\r\nEmail manager : manager-fr69opera@hankrestaurant.com', '', '/home/cashbkp/4/cashpad/cashpad.db', '/home/cashbkp/4/cashpad/archives/a77110e3-638a-47f4-8d15-2324ab988d5d', '7DD4A3FB-ADC2-49D9-9EDE-01129023FE37', 'order-fr69opera@hankrestaurant.com', '<span style="font-size: 22px; font-weight: bold; color: #ffab14;">HANK BURGER</span>\r\nAdresse de livraison & facturation :\r\n<span style="font-size: 16px; font-weight: bold; color: #ffab14;">5 rue Pizay 69001 Lyon</span>\r\nS.A.S.U. HANK\r\nRCS LYON 837499722 00010\r\nAPE 5610C\r\nTVA FR37837499722', '- Livrer uniquement dans les horaires et jours déterminés.\r\n- Le stationnement est délicat, mais possible sur les places de livraison, au coin de la rue ou en arret sur l''arret de bus (contactez-nous pour que nous venions vous aider pour ne pas quitter le camion). Interdiction de bloquer la rue, nous devons controler les marchandises.\r\n- Toutes les marchandises sont forcément controlées sans exception AVANT la signature du Bon de transport. Si le livreur ne peut ou ne veut pas attendre, cette mention sera inscrite sur le BDT. Nous n''inscrirons jamais les mentions inutiles "sous réserve de truc et machin..." etc.\r\n- Merci de récupérer vos palettes, nous ne pouvons pas les stocker. Dans tous les cas, nous ne pouvons pas prendre en charge les frais de palette.\r\n- Café offert à tous les livreurs sympa! :-)', 'Hello!\r\nBienvenue chez Hank!\r\n\r\nEn vue des prochains services, voici quelques informations.\r\nNous venons de créer ton espace personnel sur notre plateforme «RMS» accessible ici : http://rms.hankrestaurant.com\r\nTon login par défaut est prenom.nom puis le mot de passe par défaut à changer est : jaimehank\r\nSi cela ne fonctionne pas, clique sur "Forgot password" sur la page de login pour obtenir un mot de passe.\r\nLa bible du fonctionnement du restaurant, le "Hank’s play book" est disponible ici : http://rms.hankrestaurant.com/skills/start/\r\n\r\nPour le planning, tu peux le consulter ici : https://hank.humanity.com/\r\n\r\nTu as normalement reçu un email te demandant d’activer ton compte.\r\nIl faut également activer ton email en cliquant sur le lien “Activer mon email” sur la page principale\r\nTon login est prenom.nom. Si cela ne fonctionne pas, clique sur "Forgot password" sur la page de login pour retrouver ton mot de passe.\r\nPar défaut, tu es notifié de tes shifts 24h à l''avance puis 1h à l''avance. Tu peux changer cela dans les paramètres de ton compte.\r\n\r\nIMPORTANT, si ce n’est pas déjà fait, merci de transmettre AVANT TON PREMIER SHIFT, par email à l''adresse rh-fr69opera@hankrestaurant.com (et pas en reply de cet email), par photo ou scan :\r\n- ta pièce d’identité\r\n- si tu n’es pas européen ton document d’autorisation de travail\r\n- ta carte vitale\r\n- ton attestation sécurité sociale ou CMU si tu en es bénéficiaire\r\n- ton attestation de mutuelle personnelle si tu en as déjà une\r\n- ton IBAN (numéro seulement FR76xxxxx et pas l''image).\r\n\r\nCordialement,\r\n—\r\nThe Hank dream team', 'FR69OPERA', 'FR69OPERA-KITCHEN', '0.0.0.0', '1786706, 1786705, 1786707, 1786708, 1786709, 1786710, 1786711', 5, -3, 6000, '');

-- --------------------------------------------------------

--
-- Table structure for table `cameras`
--

CREATE TABLE IF NOT EXISTS `cameras` (
  `id` int(11) NOT NULL AUTO_INCREMENT,
  `id_bu` int(11) NOT NULL,
  `name` varchar(255) COLLATE utf8_unicode_ci NOT NULL,
  `address` text COLLATE utf8_unicode_ci NOT NULL,
  `login` varchar(255) COLLATE utf8_unicode_ci NOT NULL,
  `password` varchar(255) COLLATE utf8_unicode_ci NOT NULL,
  `active` tinyint(1) NOT NULL DEFAULT '1',
  PRIMARY KEY (`id`),
  UNIQUE KEY `id_bu` (`id_bu`,`name`)
) ENGINE=InnoDB  DEFAULT CHARSET=utf8 COLLATE=utf8_unicode_ci AUTO_INCREMENT=12 ;

--
-- Dumping data for table `cameras`
--

INSERT INTO `cameras` (`id`, `id_bu`, `name`, `address`, `login`, `password`, `active`) VALUES
(1, 1, 'cam1', 'http://0.0.0.0:9001/axis-cgi/mjpg/video.cgi?date=1&clock=1&camera=1&resolution=640x360&compression=50', 'view', '', 1);

-- --------------------------------------------------------

--
-- Table structure for table `checklists`
--

CREATE TABLE IF NOT EXISTS `checklists` (
  `id` int(11) NOT NULL AUTO_INCREMENT,
  `name` varchar(255) COLLATE utf8_unicode_ci NOT NULL,
  `active` tinyint(1) NOT NULL,
  `order` int(11) NOT NULL,
  `id_bu` int(11) DEFAULT NULL,
  `type` enum('service','kitchen') COLLATE utf8_unicode_ci NOT NULL DEFAULT 'service',
  PRIMARY KEY (`id`),
  UNIQUE KEY `id` (`id`,`id_bu`),
  KEY `id_bu` (`id_bu`)
) ENGINE=InnoDB  DEFAULT CHARSET=utf8 COLLATE=utf8_unicode_ci AUTO_INCREMENT=22 ;

--
-- Dumping data for table `checklists`
--

INSERT INTO `checklists` (`id`, `name`, `active`, `order`, `id_bu`, `type`) VALUES
(2, 'PAUSE', 0, 2, 1, 'service'),
(3, 'OPENING BURGER', 1, 1, 1, 'service'),
(4, 'CLOSING BURGER', 1, 3, 1, 'service'),
(5, 'ORDER: 3/semaine', 0, 4, 1, 'service'),
(6, 'ORDER: hebdo', 0, 5, 1, 'service'),
(7, 'ORDER: mensuel', 0, 6, 1, 'service'),
(8, 'OPENING PIZZA', 1, 1000, 2, 'service'),
(9, 'CLOSING PIZZA', 1, 2000, 2, 'service'),
(10, 'INTER PIZZA', 1, 3000, 2, 'service'),
(11, 'INTER BURGER', 1, 3000, 1, 'service'),
(12, 'CLOSING PIZZA KITCHEN', 1, 20000, 2, 'kitchen'),
(13, 'OPEN PIZZA KITCHEN', 1, 10000, 2, 'kitchen'),
(15, 'CHECK CUISINE MANAGER', 1, 30000, 2, 'kitchen'),
(16, 'OPENING BURGER', 1, 1, 4, 'service'),
(17, 'CLOSING BURGER', 1, 3, 4, 'service'),
(18, 'OPENING BURGER', 1, 1, 3, 'service'),
(19, 'CLOSING BURGER', 1, 3, 3, 'service'),
(20, 'INTER BURGER', 1, 3000, 3, 'service'),
(21, 'INTER BURGER', 1, 3000, 4, 'service');

-- --------------------------------------------------------

--
-- Table structure for table `checklist_records`
--

CREATE TABLE IF NOT EXISTS `checklist_records` (
  `id` int(11) NOT NULL AUTO_INCREMENT,
  `user` int(11) unsigned DEFAULT NULL,
  `date` datetime DEFAULT NULL,
  `id_checklist` int(11) DEFAULT NULL,
  `data` text COLLATE utf8_unicode_ci NOT NULL,
  PRIMARY KEY (`id`),
  KEY `id_checklist` (`id_checklist`),
  KEY `user` (`user`)
) ENGINE=InnoDB  DEFAULT CHARSET=utf8 COLLATE=utf8_unicode_ci AUTO_INCREMENT=4609 ;

-- --------------------------------------------------------

--
-- Table structure for table `checklist_tasks`
--

CREATE TABLE IF NOT EXISTS `checklist_tasks` (
  `id` int(11) NOT NULL AUTO_INCREMENT,
  `id_checklist` int(11) DEFAULT NULL,
  `name` text COLLATE utf8_unicode_ci NOT NULL,
  `comment` text COLLATE utf8_unicode_ci NOT NULL,
  `priority` enum('1','2','3') COLLATE utf8_unicode_ci NOT NULL,
  `active` tinyint(1) NOT NULL,
  `order` int(11) NOT NULL,
  `day_week_num` set('0','2','3','4','5','6','1') COLLATE utf8_unicode_ci DEFAULT NULL,
  `day_month_num` set('1','2','3','4','5','6','7','8','9','10','11','12','13','14','15','16','17','18','19','20','21','22','23','24','25','26','27','28') COLLATE utf8_unicode_ci DEFAULT NULL,
  PRIMARY KEY (`id`),
  KEY `id_checklist` (`id_checklist`)
) ENGINE=InnoDB  DEFAULT CHARSET=utf8 COLLATE=utf8_unicode_ci AUTO_INCREMENT=471 ;

--
-- Dumping data for table `checklist_tasks`
--

INSERT INTO `checklist_tasks` (`id`, `id_checklist`, `name`, `comment`, `priority`, `active`, `order`, `day_week_num`, `day_month_num`) VALUES
(1, 3, 'Allumer lumieres', '', '3', 1, 100, NULL, NULL),
(2, 3, 'Lever les rideaux\n', '', '1', 0, 200, NULL, NULL),
(3, 3, 'Jeter les bouteilles', 'Au bout de la rue dans le r&eacute;cup&#39; verre juste avant la poste. Laisser une bouteille vide dans le bac le plus en haut pour que l&#39;on comprenne que les bouteilles se mettent ici.', '1', 1, 1860, NULL, NULL),
(13, 3, 'Vérifier stock emballages / couverts. Faire une liste et donner cette liste à la personne qui ouvre la salle du haut. \r\n', 'Emballages : - burger - potatoes - potatoes cheese - cookies - fourchette - cuillère - serviette - sacs - boite salade + Rouleau CB et caisse\r\n', '1', 1, 353, NULL, NULL),
(14, 3, 'Nettoyer, sécher et préparer TOUS les plateaux', '', '1', 1, 2500, NULL, NULL),
(15, 3, 'Vérifier que la lumière vitrine burger est allumée + hotte', '', '1', 1, 1890, NULL, NULL),
(18, 3, 'Vérifier la propreté et mettre en place la salle RDC + la salle du haut\r\n', 'Tables, chaises, consoles à sauces \r\nEntrouvrir un peu les fenêtres\r\nPasser le balai dans la salle RDC après la réception du pain.\r\nNettoyer les vitres de la porte d''entrée + vitrine burger (intérieur / extérieur)  ', '1', 1, 1800, NULL, NULL),
(19, 3, 'V&eacute;rifier WC', 'V&eacute;rifier la propret&eacute;, sol, miroir, lavabo\nV&eacute;rifier stock papier toilette + essuie main&nbsp;', '1', 1, 1850, NULL, NULL),
(20, 3, 'Allumer les fours à 11h15. Lancer les cuissons de steaks et de potatoes.', 'Potatoes : week end : 3 à 4 plateaux de prêts à 12h, semaine : 2 plateaux\nSteaks précuits : week end : 2 plaques, semaine : 1 plaque ', '1', 1, 2000, NULL, NULL),
(21, 3, '<p>\n Lancer musique</p>\n', '', '1', 0, 2100, NULL, NULL),
(51, 3, ' Renouveler les desserts de la cloche à dessert\r\n', ' Mettre les desserts les plus récents en présentation sous la cloche et les plus anciens en vente en premier sur les plateaux', '1', 1, 1890, NULL, NULL),
(52, 3, 'Allumer/Cliquer sur "Ouvert" sur la tablette livraisons Delivroo et indiquer dans "menu" quels sont les produits éventuellement manquant (bionade, dessert...).', '', '3', 0, 1910, NULL, NULL),
(53, 3, 'Rincer et remplir le thermos ', '', '1', 0, 1501, '0,3,5', NULL),
(55, 3, 'Four Merrychef remettre bac a glace dans congélateur avec eau + nettoyage four', '(si pas déjà fait à la fermeture) et nettoyer le four : <br />\n- grille de ventilation à l''arrière <br />\n- cavité intérieur (enlever le socle du fond) ', '3', 0, 2050, NULL, NULL),
(56, 3, 'Mettre a jour le menu (tableau)', 'Vérifier dessert du jour, salade du jour, touriste', '3', 1, 2110, NULL, NULL),
(67, 3, 'Nettoyer Four MERYCHEF ', 'Sortir les deux plaques ainsi que les filtres sur les côtés (à l''interieur du four). Les nettoyer et les passer au lave-vaisselle. Passer l''aspirateur dt un sopalin dans le four pour récupérer les miettes. Nettoyer les marques de cuisson. ', '2', 0, 1950, NULL, NULL),
(68, 3, 'Compter la caisse + mise à jour du fond de caisse + recup cle restaurant\n', '- Compter pièces + billets\n- Dans Cashpad -> Comptabilité -> cliquer sur "Fond de caisse à l''ouverture" et indiqué le montant trouvé\n- Vérifier que la clé du restaurant est sous la partie des pièces dans le tiroir de caisse. Si elle n’y est pas, vérifier si elle se trouve dans la boîte aux lettres et la replacer dans la caisse', '3', 1, 350, NULL, NULL),
(71, 3, '<p>\n Vider seau d''eau (evacuation clim) sous l''évier RDC</p>\n', '', '1', 0, 300, NULL, NULL),
(72, 3, 'NOTER LES RETOURS FOURNISSEURS dans le cahier', '', '1', 1, 1900, NULL, NULL),
(74, 8, 'Allumer les lumières', '', '1', 1, 1, NULL, NULL),
(75, 8, 'Allumer les fours de réchauffe pizza 30 mn avant 12h et VERIFIER que la hotte fonctionne', 'Allumer la hotte si OFF', '3', 1, 7000, NULL, NULL),
(76, 8, 'Allumer et mettre en service les laves-vaisselle', 'Visser le plug/filtre, mettre deux pastilles bleues et jaunes dans le lave-vaisselle, fermer la machine et l''allumer. ', '1', 1, 2500, NULL, NULL),
(77, 8, 'Allumer amplificateur', 'Numéro 14 sur télécommande si pas automatique', '1', 1, 9400, NULL, NULL),
(78, 8, 'Allumer lumière vitrine pizza + salade ', 'Si pas automatique, numéro 7 sur télécommande', '1', 0, 9998, NULL, NULL),
(79, 8, 'Mettre en place la salle', 'Tabourets/chaises/coussins\nMettre gobelets, vérifier le niveau des sauces piquantes et des salières/poivrières', '1', 1, 4000, NULL, NULL),
(80, 8, 'Vérifier les distributeurs de papier et de savon + propreté des WC', 'WC haut + essuie main haut x2\nWC bas + essuie main bas ', '1', 1, 3500, NULL, NULL),
(81, 8, 'Allumer le frigo boissons et la machine à café', '', '1', 1, 2000, NULL, NULL),
(83, 8, 'Mettre en place les pizzas, salades, desserts.', 'Refaire des salades si besoin (besoins env. 40) Attention fifo, les first dans bac de gauche de la saladette.\nRemplir le 3P de pizzas', '1', 1, 6000, NULL, NULL),
(84, 9, 'Eteindre four de réchauffe pizza', '', '3', 1, 1000, NULL, NULL),
(85, 9, 'Fermer les fenetres', 'HAUT : bureau + cuisine + rue x2 + cour x1\r\nRDC : cour ', '3', 1, 9000, NULL, NULL),
(86, 9, 'FERMER LA PORTE DANS WC AVEC VERROU ACCES COURS \r\nVérifier que les poubelles sont rentrées\r\n', '', '3', 0, 30000, NULL, NULL),
(87, 9, 'Protéger les échelles', 'Filmer ou capoter les échelles de pizzas et les rentrer en chambre froide, ainsi que les gastros  à refroidir.\r\néventuellement laissés par l''équipe de cuisine.', '3', 1, 10000, NULL, NULL),
(88, 9, 'Nettoyage des Salles et des WC', 'Nettoyage des salles et WC : nettoyer les tables, les tabourets, avec une éponge et du vinaigre blanc. Secouer les coussins et les placer sur le canapé. Placer les tabourets et chaises sur les tables. Rouler le paillasson et le ranger près de la porte (ne surtout pas l''étendre sur les tabourets et sur les tables). Passer le balai. \r\nLes WC se nettoient au papier jetable et au vinaigre. Passer un coup sur les miroirs, porte-savon, lavabo, poignée de porte et cuvette.\r\n-- Vider et laver à l''aide de vinaigre et papier jetable les balayettes WC et leurs socles. --', '3', 1, 5000, NULL, NULL),
(89, 9, 'Remonter les cartons et cagettes vide', 'Les mettre bien en évidence devant la porte d''entrée pour que cela gène le passage du livreur qui doit (littéralement) tomber dessus', '1', 1, 10500, NULL, NULL),
(90, 9, 'Lave-vaisselle ouvert, enlever le plug blanc en laissant le filtre en place.\r\nLorsque le lave-vaisselle est vide, enlever le filtre, le nettoyer et le rincer dans l''évier. Puis le remettre à sa place sans le plug blanc à laisser dans le panier (afin qu''il se lave aussi). \r\nMettre du vinaigre blanc sur les parois et dans le fond et faire tourner le lave-vaisselle pendant 1 minute afin de le rincer.\r\nOuvrir la porte, remettre le plug, éteindre le lave-vaisselle en appuyant sur le bouton tout à gauche et laisser la porte grande ouverte', '', '3', 1, 3500, NULL, NULL),
(92, 9, 'Mettre le plateau de caisse dans bureau sur coffre et laisser la caisse vide ouverte a fond\r\nBien ranger ordinateur et tablette pour qu''ils ne soient pas visible de la rue', '', '3', 1, 8000, NULL, NULL),
(93, 9, 'Eteindre les lumières\r\n- LABO/SOUS SOL, intérrupteur dans escalier\r\n- RDC numéro 3,4,5,6\r\n- ETAGE numéro 1,2\r\n', 'Télécommande dans tiroir cuisine du RDC à droite de l''évier', '3', 1, 13000, NULL, NULL),
(94, 9, 'Fermer la porte en partant + vérifier fermeture devanture', '', '3', 1, 14000, NULL, NULL),
(95, 9, 'Eteindre frigo boisson', 'Bouton 1/0 face avant, en haut', '2', 1, 1250, NULL, NULL),
(96, 9, 'Clôturer la caisse', '- imprimer les tickets Appel des terminaux CB (action : F > CB EMV/CB CLESS > Appel) : EMV + CLESS pour les DEUX terminaux. Renseigner ces infos sur la fiche papier de fermeture caisse.\r\n- clôturer la caisse sur Cashpad : cliquer sur l''icône Maison en haut à droite de l''écran de caisse, et faire "sortir". Aller dans "comptabilité", puis "cloturer caisse". S''il est écrit "cloture impossible", c''est parce que des tickets sont restés ouverts et empêchent la cloture. Pour les fermer, il faut retourner dans l''onglet de caisse, aller dans "tickets", et cliquer sur "masquer historique" afin de faire apparaitre les tickets restés ouverts. Il faut rentrer dans chaque tickets et les annuler, en indiquant la raison de l''annulation, exemple "ticket non cloturé".\r\n- cash out : laisser 8 billets de 10€ et tous les billets de 5€ dans la caisse et prélever le reste des billets. (s''il n''y a pas assez de billets de 10€ utiliser alors des billets de 20€ pour atteindre la somme de 80€) Compter les billets prélevés et renseigner les infos sur la fiche papier de fermeture caisse.\r\n- fond de caisse : compter à l''aide de la machine la somme des pièces présentes dans le tiroir caisse, ainsi que la somme des rouleaux de monnaie qui s''y trouvent. Compter aussi les billets laissés dans le tiroir caisse. Renseigner ces infos sur la fiche papier de fermeture caisse.\r\n- mettre dans l''enveloppe de caisse : tickets CB, tickets Appel CB, billets prélevés.\r\n- remplir le RMS Cashier Close \r\n- terminer de remplir la fiche papier de fermeture caisse avec le numéro donné par Cashier puis la mettre dans l''enveloppe\r\n- fermer l''enveloppe et la placer dans le coffre sous la caisse (bien vérifier qu''elle est bien tombée dans le coffre!) ', '2', 1, 7000, NULL, NULL),
(97, 8, 'Compter la caisse, enregistrer dans HankCashier\n', '- Compter pièces + billets\n- Dans Cashpad -> Comptabilité -> cliquer sur "Fond de caisse à l''ouverture" et indiqué le montant trouvé', '3', 1, 500, NULL, NULL),
(98, 9, 'Filmer l''alimentaire', 'Protection des denrées : filmer (sans trous) les plaques de pizza, les ranger FIFO dans le frigo 3 portes. Filmer les desserts et les salades, les ranger FIFO dans le frigo 2 portes. Ne pas oublier de filmer les pizzas staff et les desserts non entamés (par exemple tarte choco)', '3', 1, 2000, NULL, NULL),
(99, 9, 'Eteindre la machine à café.', 'Vider le réceptacle à dosettes et laver les parties amovibles.', '2', 1, 1500, NULL, NULL),
(100, 8, 'Fermer porte cuisine etage + bureau ', 'Maintenir fermé pendant que le restaurant est ouvert.', '3', 1, 10000, NULL, NULL),
(102, 9, 'Nettoyage Cuisine RDC', '- Comptoir : nettoyage des surfaces : de haut en bas. Nettoyer au vinaigre blanc et à l''éponge les meubles, présentoir pizza, saladette, plans de travail, portes des frigos, et du lave-vaisselle. Nettoyer aussi les marbres et sols du labo si vous avez utilisé les lieux après le départ de l''équipe de cuisine. ', '3', 1, 4000, NULL, NULL),
(103, 9, 'Remplir les deux frigos boisson', '', '1', 0, 500, NULL, NULL),
(104, 10, 'Remplir les frigos boissons ', 'Et café et thé', '1', 1, 1000, NULL, NULL),
(105, 10, 'Eteindre le four du haut ', '', '3', 1, 500, NULL, NULL),
(106, 10, 'Jeter les cartons et le verre.', 'Ne pas jeter le verre après 20h. \nTasser les poubelles, et les changer si elles sont pleines (notamment les toilettes, vite pleines) ', '2', 1, 2000, NULL, NULL),
(107, 10, 'Vidanger et remplacer les pastilles du lave-vaisselle', '', '2', 1, 3000, NULL, NULL),
(108, 10, 'Nettoyer et remettre en état les dessertes ', 'Débarrasser, vérifier les huiles, sels, poivres ... ', '2', 1, 4000, NULL, NULL),
(109, 10, 'Nettoyage cuisine, planche de découpe, plans de travail, aquarium sol et pompe à bière', '', '2', 1, 5000, NULL, NULL),
(110, 10, 'Passer le balais sur les sols, bien faire le tour des tables et chaises, où s''accumulent les déchets divers. ', '', '2', 1, 6000, NULL, NULL),
(111, 10, 'Vider le bac d''eau sous le frigo 3P, le rincer et le remettre à sa place. ', '', '3', 1, 7000, '5,1', NULL),
(112, 10, 'Faire des petites salades ', 'ATTENTION fifo, les premières dans le bac de gauche de la saladette. Les dater, emprunter la dateuse en bas et la remettre à sa place', '2', 1, 8000, NULL, NULL),
(113, 10, 'Nettoyage WC, miroirs et porte-savons, sol et plinthes\nRefill papiers mains et toilettes\nFaire les WC un par un, les condamner lorsque le sol est encore glissant avec le panneau "Sol glissant, WC disponibles en haut/en bas"', '', '2', 1, 9000, NULL, NULL),
(114, 10, 'Check du linge', 'SORTIR LE LINGE du sèche-linge, ET LE PLIER. Nettoyage du filtre.', '2', 1, 10000, NULL, NULL),
(115, 9, 'Protégez les tablettes', 'Les cacher et les brancher sous la caisse, attention, elles ne doivent pas être visibles de la rue. ', '3', 1, 12000, NULL, NULL),
(116, 9, 'Traiter les poubelles', 'Remplacer les sacs poubelle : faire le tour de TOUTES les poubelles muni d''un rouleau de sacs de 150L et d''un de 50L. Lorsque vous enlevez un sac, remplacez-le immédiatement par un neuf. Si ce n''est pas encore fait, rentrer les poubelles dans la cour silencieusement, les aligner contre le mur. Y mettre les sacs pleins dans la verte, et les cartons dans la jaune. Une fois rentré dans le restaurant, bien refermer les portes derrière soi (loquet + verrou).', '3', 1, 6000, NULL, NULL),
(117, 8, 'Vérifier le bon rangement des poubelles dans la cour ET JETER LE VERRE ET LE CARTON', 'Bien alignées contre le mur, pas de palette, rien par terre.\r\nSi des sacs ne rentrent pas, ils sont cachés. ', '3', 1, 3000, NULL, NULL),
(119, 3, '<p>\n Décongeler un max de potatoes</p>\n', '', '3', 1, 2400, '0,6', NULL),
(120, 9, 'Eteindre les climatiseurs', 'Etage + RDC, télécommande dans le placard des compteurs.', '3', 1, 1750, NULL, NULL),
(121, 8, 'Lire le cahier d''information, et aller voir la cuisine pour s''assurer que vous ayez de quoi faire vos salades et cookies.\r\n', 'Retourner voir la cuisine un quart d''heure avant midi. ', '3', 1, 250, NULL, NULL),
(122, 3, 'Se laver les mains', '', '1', 1, 150, NULL, NULL),
(123, 3, 'Lire le cahier d&#39;information', '', '3', 1, 170, NULL, NULL),
(124, 3, 'Changer les torchons et gérer le linge', 'Descendre le linge sale et lancer une machine. Plier le linge du sèche linge s’il y en a et remonter du linge pour que le placard sous le lavabo soit rempli pour la journée avec des tabliers, des torchons et des maniques', '1', 1, 450, NULL, NULL),
(125, 3, 'Remplir la TODO', 'Faire l''inventaire des toppings, sauce, etc et déterminer les besoins pour la journée', '1', 1, 352, NULL, NULL),
(126, 3, 'Vérifier les reminder à faire ce jour + les noter sur un papier', 'le four doit être aspiré tous les 3 jours, attention à ne pas l’oublier car cela peut prendre feu s’il y a trop de graines de sésame à l’intérieur', '1', 1, 171, NULL, NULL),
(127, 3, 'Allumer le lave-vaisselle\n', 'Mettre les 2 pastilles &agrave; l&rsquo;int&eacute;rieur, le fermer afin qu&rsquo;il puisse se remplir\n', '1', 1, 360, NULL, NULL),
(128, 3, 'Ouvrir la porte pour les clients', '', '3', 1, 3000, NULL, NULL),
(129, 3, 'Remplir le présentoir de menus et de plans pour aller à la pizzeria', '', '1', 1, 2900, NULL, NULL),
(130, 3, 'Fermer la porte à clée et la maintenir fermée jusqu''a l''ouverture.', '', '1', 1, 10, NULL, NULL),
(131, 3, 'Vérifier que l’intégralité de la todo a été faite, et ranger les bons de livraison dans le classeur. ', '', '1', 1, 2800, NULL, NULL),
(133, 11, 'Checker si todo à faire \r\n', 'avoir en réserve (en plus des gastros et bibs presque pleins dans la saladette, si moins des deux tiers, faire comme s’il était vide pour le décompte)\r\nsteaks : 2 bacs semaine, 3 bacs week-end\r\ntomates : 2 gastros semaine, 3 gastros week end\r\noignons : 1 gastro \r\ncheese : 2 gastros\r\ncornichons : 1 gastro\r\nolives : 1 gastro semaine, 2 week-end\r\npoivrons : 2 gastros\r\nroquette : 2 gastros semaine, 3 week-end\r\noignons frits : 1 sachet\r\nsteaks sans gluten : 1 gastro semaine, 2 week-end\r\npetits pots mayos : 1 seau semaine, 1 et demi week-end\r\nsalade : 4 sachets\r\nAlfalfa : 4 paquets\r\nsauces : 2 TATA, 3 Catcheuse, 4 Touriste, 4 BBQ, 4 rockeuse\r\nsalade coleslaw : 15 semaine, 25 week end\r\nSalade du jour : 10 semaine, 20 week end', '3', 1, 1000, NULL, NULL),
(134, 11, 'Faire des desserts si besoin', 'carrot cake : avoir environ 15 semaine, 40 week end\r\ncookies : avoir environ 15 semaine, 30 week end\r\nDesserts du jour : étage au dessus des potatoes rempli dans le 3P', '2', 1, 2000, NULL, NULL),
(135, 11, 'Remonter les potatoes et en décongeler', 'semaine : 6 cartons (24 sachets) en décongélation\nweek end : 8 cartons (32 sachets) en décongélation', '3', 1, 3000, NULL, NULL),
(136, 11, 'FIFO + couper pains ', 'Réorganiser les boites, les plus anciennes devant, controler les etiquettes.\nCouper tous les pains et remonter le nombre de caisse nécessaire pour que toutes les boîtes soient remplies', '1', 1, 4000, NULL, NULL),
(137, 11, 'Checker les distributeurs à sauce et les remplir si besoin', 'ketchup et vegannaise : minimum les 2 tiers, \nmoutarde : minimum la moitié\nremplir les pots en verre pour les sauces à emporter', '2', 1, 5000, NULL, NULL),
(138, 11, 'Vérifier le stock des emballages', 'potatoes, burgers, serviettes, sacs VAE, fourchettes, cuillères, gobelets et couvercles à thé, café, eau ', '2', 1, 6000, NULL, NULL),
(139, 11, 'Remplir le frigo boisson régulièrement \n', '', '2', 1, 7000, NULL, NULL),
(140, 11, 'Nettoyer le poste burger', 'Gratter la plaque, ramasser les miettes, passer le balai, nettoyer la vitre si besoin, nettoyer l’étagère des sauces et steaks sans gluten si besoin, nettoyer les côtés en inox si besoin, recharger en emballages burger', '3', 1, 8000, NULL, NULL),
(141, 11, 'Nettoyer les tables', 'Etage, RDC', '3', 1, 9000, NULL, NULL),
(142, 11, 'Passer le balai partout : 1er étage, RDC, derrière le comptoir, dans les toilettes, et dans la réserve \n', '', '3', 1, 10000, NULL, NULL),
(143, 11, 'Changer toutes les poubelles', 'Burgers, évier, essuies mains clients, étage, RDC', '3', 1, 11000, NULL, NULL),
(144, 11, 'Nettoyer le lavabo client, le miroir client et la vitre du frigo boisson', '\n', '2', 1, 12000, NULL, NULL),
(145, 11, 'Nettoyer les toilettes (cuvette, miroir, toiles d’araignées, trou)', '', '3', 1, 13000, NULL, NULL),
(146, 11, 'Vérifier stock essuie mains et papier toilette\n', '', '3', 1, 14000, NULL, NULL),
(147, 11, 'Lancer machine à laver le linge, sèche linge, plier le linge', '', '1', 1, 15000, NULL, NULL),
(148, 11, 'Sortir les poubelles', 'Ne pas oublier de les rentrer après le passage du camion poubelles', '3', 1, 16000, NULL, NULL),
(149, 11, 'Jeter les verres', '', '3', 1, 17000, NULL, NULL),
(150, 11, 'Scotcher les cartons ensemble', '', '2', 1, 18000, NULL, NULL),
(151, 11, 'Faire un maximum de reminder et avancer ceux qui sont dans 1, 2, 3 ou même 4 jours', '', '1', 1, 19000, NULL, NULL),
(152, 11, 'Faire la vaisselle, nettoyer et préparer tous les plateaux', '', '2', 1, 20000, NULL, NULL),
(153, 11, 'Nettoyer le sous sol', 'Désinfecter les plans de travail, vider le lave vaisselle et le désinfecter, passer le balai, passer la serpillère', '1', 1, 21000, NULL, NULL),
(154, 8, 'Récuperer la commande CHAMBELLAND chez WILD AND THE MOON', 'GARDER LE TICKET ET METTRE AU CLASSEUR NOIR', '3', 1, 1550, '3,5,1', NULL),
(155, 4, 'FERMER LA PORTE', '', '3', 1, 1000, NULL, NULL),
(156, 4, 'Remplir le frigo boisson', '', '2', 1, 3000, NULL, NULL),
(157, 4, 'Recharger le frigo 3P avec au moins 8 sachets de potatoes et Faire décongeler des sachets de potatoes en chambre froide', '4 cartons (16 sachets) du dimanche soir au jeudi soir, 6 cartons (24 sachets) vendredi et samedi soir ', '2', 1, 4000, NULL, NULL),
(158, 4, 'Recharger le bac inférieur du frigo 1P avec des pains sans gluten', 'Au moins 2 sachets de 10 pains', '2', 1, 5000, NULL, NULL),
(159, 4, 'Éteindre la climatisation en haut et en bas (ou le chauffage)', '', '2', 1, 6000, NULL, NULL),
(160, 4, 'Vérifier que la hotte est éteinte', '', '3', 1, 7000, NULL, NULL),
(161, 4, 'Éteindre les fours turbochef et laisser la porte entrouverte', 'Appuyer sur “BACK” puis “OVEN OFF” ', '3', 1, 8000, NULL, NULL),
(162, 4, 'Éteindre les machines', 'la machine à café (bouton derrière la machine)\nle chauffe frite\nla saladette toppings\nla lumière du frigo boisson client\nla lumière du petit frigo comptoir (éteindre seulement le bouton avec l’ampoule)', '3', 1, 9000, NULL, NULL),
(163, 4, 'Protéger les pains', 'Refermer les bacs de pains, protéger les pains sans gluten et les oignons frits dans les bacs de pains. Il ne suffit pas de les filmer, cela ne les protège pas assez, il faut absolument les mettre dans des boîtes fermées', '3', 1, 10000, NULL, NULL),
(164, 4, 'Ranger tous les gastros et bibs dans les frigos et la CF. Changer les capuchons des bibs utilisés pendant le service. ', 'Refermer tous les gastros de toppings avec des couvercles ou du film alimentaire \r\nChanger les capuchons des sauces utilisées pendant le service\r\nFermer les bacs de steaks natursoy et steaks sans gluten\r\nRanger les gastros à utiliser en priorité dans le 3P', '2', 1, 11000, NULL, NULL),
(165, 4, 'Filmer les desserts', 'Plateau par plateau (ne pas superposer les plateaux avant de les filmer ensemble)\nNe pas oublier les desserts de la cloche à desserts\nRanger tous les carrot cake dans les frigos ou CF\nNe rien superposer sur un plateau de carrot cake', '3', 1, 12000, NULL, NULL),
(166, 4, 'Mettre les distributeurs de vegannaise et les petits pots au frigo', '', '2', 1, 13000, NULL, NULL),
(167, 4, 'Nettoyer le poste burger', 'Gratter la plaque et la nettoyer intégralement à l’intérieur et à l’extérieur, ne pas mettre le côté grattant de l’éponge sur la vitrocéramique \nNettoyer le haut de la saladette topping devant la fenêtre\nNettoyer la fenêtre\nNettoyer la saladette topping (à l’intérieur et en dessous)\nNettoyer la planche en bois\nNettoyer la plancha chauffante (ne pas utiliser le côté grattant de l’éponge)\nNettoyer le mur blanc sous la saladette topping', '2', 1, 14000, NULL, NULL),
(168, 4, 'Nettoyer l’espace derrière le comptoir', 'Nettoyer au dessus, en dessous et les côtés des fours\n Nettoyer les portes des frigos à l’extérieur et à l’intérieur, bien nettoyer les poignées\nNettoyer le chauffe frite, au dessus, à l’intérieur et la partie qui s’enlève : liquide vaisselle et éponge, bien frotter (ne pas hésiter à allumer la lumière pour vérifier)\nNettoyer le comptoir en bois, ne rien laisser trainer (stylos à mettre dans le pots, etc)\nNettoyer l’espace au dessus du lave vaisselle, l’évier, et à droite de l’évier\nChanger les poubelles', '2', 1, 15000, NULL, NULL),
(169, 4, 'Gérer le linge', 'Descendre le linge sale et vérifier qu’il ne reste pas de linge propre et mouillé dans la machine à laver, sinon les mettre dans le sèche linge et lancer le sèche linge\n- sèche linge : enlever filtre pour nettoyer la poussière et bien le remettre\n- NE PAS lancer de machine à laver après 20h !', '1', 1, 16000, NULL, NULL),
(170, 4, 'Remonter les caisses de pains pleines nécessaires au service du lendemain, les caisses de pains vides, les cagettes et les cartons', 'les 3 emplacements doivent être pris par des caisses pleines, les vides doivent être mises dans la salle  \nmettre les cartons et cagettes devant la porte d’entrée pour le livreur de fruits et légumes', '2', 1, 17000, NULL, NULL),
(171, 4, 'Vérifier la bonne fermeture et le bon fonctionnement de tous les frigos et congels', '', '3', 1, 18000, NULL, NULL),
(172, 4, 'Faire la plonge intégralement et la ranger au labo (gastro, bibs, etc)', 'sauf ce qui doit rester en haut (gastro potatoes, gastro emballages potatoes, gastro steaks tampons, pelle potatoes, gastro salade, etc.)', '2', 1, 19000, NULL, NULL),
(173, 4, 'Nettoyer le labo', 'Eponge et vinaigre sur les plans de travail, passer le balais puis la serpillère\nVérifier qu’il n’y a pas de nourriture en dehors de la CF (sachets de potatoes, sauces, etc.) et que les bacs de pains sont bien fermés ou filmés\nVérifier qu’il y a de l’eau dans le réservoir de la CF', '1', 1, 20000, NULL, NULL),
(174, 4, 'Nettoyer la salle du haut et la salle du RDC + sol réserve ', 'Ouvrir les fenêtres en grand pour aérer pendant le nettoyage et bien penser à les refermer après, nettoyer toutes les tables, les bacs des distributeurs à sauce et les 2 consoles, changer les sacs poubelles, mettre tous les coussins sur le canapé, mettre les tables et les tabourets sur les bancs en haut, les chaises sur les tables au RDC, passer le balais AUSSI SOUS LE CANAPÉ, passer la serpillère (bien frotter pour enlever toutes les tâches), fermer les fenêtre du haut', '3', 1, 21000, NULL, NULL),
(175, 4, 'Nettoyer les toilettes + lavabo', 'Nettoyer entièrement l''abattant au vinaigre, les 2 miroirs, le distributeur de papier toilettes, nettoyer la poignée des deux côtés,  changer les 2 poubelles, nettoyer le lavabo, passer le balais, passer la serpillère', '3', 1, 22000, NULL, NULL),
(176, 4, 'Vider le lave vaisselle et le nettoyer, l’éteindre et laisser la porte ouverte', 'Soulever et dévisser la bite et rester appuyer sur start pendant 5 secondes jusqu’à entendre un bruit qui indique que le lave vaisselle se vide\nasperger de vinaigre l’intérieur du lave vaisselle, frotter avec une éponge, sortir le filtre et très bien le nettoyer', '2', 1, 23000, NULL, NULL),
(177, 4, 'Passer le balai et la serpillère derrière le comptoir ', 'Retirer les deux caisses d''emballage afin de pouvoir passer le balai et ne pas laisser de miettes\nNe surtout pas oublier l''espace SOUS L''EVIER : balai et serpillère : retirer la poubelle et les produits de nettoyage afin de passer le balai et la serpillère correctement', '2', 1, 24000, NULL, NULL),
(178, 4, 'Vérifier la fermeture des fenêtres du haut et de la fenêtre du poste burger', '', '3', 1, 25000, NULL, NULL),
(179, 4, 'IL EST 22H55 OU PLUS', '', '3', 1, 26000, NULL, NULL),
(180, 4, 'Eteindre les lumières et fermer la porte en partant', 'Vérifier que la porte est bien fermée en essayant de l’ouvrir \nRegardez vous en train de fermer la porte, visualiser votre action \nEST CE QUE J’AI BIEN FERMÉ LA PORTE', '3', 1, 27000, NULL, NULL),
(181, 4, 'FAIRE LA CAISSE', '- imprimer les tickets Appel des terminaux CB (action : F > CB EMV/CB CLESS > Appel). Renseigner ces infos sur la fiche papier de fermeture caisse.\r\n- clôturer la caisse sur Cashpad : cliquer sur l''icône maison en haut à droite de l''écran de caisse, et faire ''sortir''. Aller dans ''comptabilité'' puis appuyer sur ''clôturer''. S''il est écrit ''clôture impossible'' c''est parce que des tickets sont restés ouverts et empêchent la clôture. Pour les fermer, il faut retourner dans l''onglet de caisse, aller dans ''tickets'' et cliquer sur ''masquer historique'' pour ne faire apparaître que les tickets restés ouverts. Il faut rentrer dans chaque ticket et les annuler et en note écrire la raison de l''annulation. ex : ticket non clôturé.\r\n- cash out : laisser 8 billets de 10€ et tous les billets de 5€ dans la caisse et prélever le reste des billets. (s''il n''y a pas assez de billets de 10€ utiliser alors des billets de 20€ pour atteindre la somme de 80€) Compter les billets prélevés et renseigner les infos sur la fiche papier de fermeture caisse.\r\n- fond de caisse : compter à l''aide de la machine la somme des pièces présentes dans le tiroir caisse, ainsi que la somme des rouleaux de monnaie qui s''y trouvent. Compter aussi les billets laissés dans le tiroir caisse. Renseigner ces infos sur la fiche papier de fermeture caisse.\r\n- mettre dans l''enveloppe de caisse : tickets CB, tickets Appel CB, billets prélevés.\r\n- remplir le RMS Cashier Close \r\n- terminer de remplir la fiche papier de fermeture caisse avec le numéro donné par Cashier puis la mettre dans l''enveloppe\r\n- fermer l''enveloppe et la placer dans le coffre sous la caisse (bien vérifier qu''elle est bien tombée dans le coffre!) ', '3', 1, 2000, NULL, NULL),
(182, 4, 'RANGER LES TABLETTES DANS LA CAISSE NOIRE', 'Laisser le Pad sur son socle', '3', 1, 25100, NULL, NULL),
(183, 4, 'PASSER LE BALAI, LA SERPILLÈRE ET VIDER LE SEAU SOUS L''ÉVIER', '', '2', 0, 24100, NULL, NULL),
(184, 4, 'NETTOYER TOUS LES PLATEAUX ET LES ETENDRE POUR QU''ILS SÈCHENT', 'Utiliser les étendoirs à plateaux en les posant sur les fours \nMettre un torchon en dessous s''ils sèchent sur le comptoir en bois', '1', 1, 19200, NULL, NULL),
(185, 4, 'CHANGER TOUTES LES POUBELLES', '', '3', 1, 19100, NULL, NULL),
(186, 9, 'Laisser ouvertes les portes du bureau et de la salle staff', '', '3', 1, 9500, NULL, NULL),
(187, 4, 'Mettre de l''eau dans le réservoir de la chambre froide', '', '3', 1, 17100, NULL, NULL),
(188, 3, 'Faire l''inventaire journalier', '', '2', 0, 361, NULL, NULL),
(189, 8, 'Secouer le paillasson de l''entrée / le dépoussiérer', 'Ne pas hésiter à déloger les "touffes" à la main. ', '1', 1, 9997, NULL, NULL),
(190, 8, 'Aérer les salles', 'Créer un courant d''air, dix minutes. ', '1', 1, 5020, NULL, NULL),
(191, 10, 'Aérer les salles', 'Créer un courant d''air, dix minutes', '1', 1, 6020, NULL, NULL),
(192, 9, 'Laver les sols au produit', 'Passer la mop dans les salles, et wc et escaliers. Passer un coup dans la cuisine et devant la chambre froide si j''ai eu besoin de descendre. Vider les eaux usagées dans le caniveau. Les sols sont propres et glissants, évitez les déplacements et n''hésitez pas à repasser un coup de serpillère après votre passage !\r\n\r\n', '3', 1, 11000, NULL, NULL),
(193, 3, 'Check Qualité : salade + sauces + topping + desserts', 'Gouter les plus veilles salades\r\nGouter les premières sauces à utiliser\r\nVerifier la fraicheur des toppings de la veille\r\nVérifier la propreté des bouchons de bibs\r\nVerifier le visuel et la qualité des desserts ', '3', 1, 351, NULL, NULL),
(194, 9, 'J''ai vérifié que\r\n : ETEINDRE LAVE VAISSELLE', '', '3', 1, 11500, NULL, NULL),
(195, 4, 'ETEINDRE ventilateur au dessus du poste burger et le ventilateur à côté de l''écran', 'IMPORTANT! Depart de feu possible si reste allumé', '3', 1, 25100, NULL, NULL),
(196, 12, 'Bien ranger aux frigos / chambre froide / étagères les condiments dans des gastros correctement fermés, datés et identifié', '', '1', 1, 10000, NULL, NULL),
(197, 12, 'Nettoyer les murs puis les plans de travail ', '', '1', 1, 20000, NULL, NULL),
(198, 12, 'Finir la plonge', '', '1', 1, 30000, NULL, NULL),
(199, 12, 'Nettoyer et éteindre lave-vaisselle', 'Ouvrir lave-vaisselle et desserrer le plug blanc en le tournant. Vidanger l''eau sale en gardant le filtre. Une fois l''eau entièrement vidée, pulvérisez l''intérieur et la porte de vinaigre blanc, retirer les filtres blancs et les nettoyer manuellement. Refermer la machine et les laisser se rincer deux minutes (automatique). Rouvrir, replacer le filtre et plug, ETEINDRE et laisser ouvert. ', '3', 1, 40000, NULL, NULL),
(200, 12, 'Nettoyer toutes les surfaces (portes, poignées, four ..)', '', '1', 1, 50000, NULL, NULL),
(201, 12, 'Vérifier le bon rangement du frais et son état, sur son étagère ou dans la chambre froide', '', '2', 1, 60000, NULL, NULL),
(202, 12, 'Mettre les échelles des pizzas en chambre froide, bien vérifier que les galvas sont datés', '', '3', 1, 70000, NULL, NULL),
(203, 12, 'S''assurer du bon rangement de l''épicerie et de la chambre froide (rien au sol)', '', '1', 1, 80000, NULL, NULL),
(204, 12, 'Nettoyer les sols au produit, passer un grand coup d''eau sous toutes les meubles', '', '1', 1, 90000, NULL, NULL),
(205, 12, 'Eteindre les lumières', '', '1', 1, 100000, NULL, NULL),
(206, 12, 'Va voir ton manager ', '', '1', 1, 110000, NULL, NULL),
(207, 8, 'Lancer une lessive + noter l''heure de fin du cycle pour pouvoir lancer le sèche-linge PENDANT LE SERVICE DU MIDI. ', 'Faire un noeud sur les tabliers.', '2', 1, 4500, NULL, NULL),
(208, 8, 'Tous les bons de livraison ont été correctement validés', '', '2', 1, 9500, NULL, NULL),
(209, 4, 'Tous les bons de livraison ont été correctement validés', '', '2', 0, 2850, NULL, NULL),
(211, 9, 'Diffuser produit anti-copter', 'Dans cuisine LABO et RDC, principalement en hauteur. NE PAS mettre sur les aliments, la vaisselle et  les surfaces non alimentaires.', '3', 0, 30000, NULL, NULL),
(212, 11, 'Vérifier que clim etage en route si nécessaire.', '', '1', 0, 22000, NULL, NULL),
(213, 11, 'Vérifier que les panneaux mis le matin en vitrine enlevés', '', '2', 0, 23000, NULL, NULL),
(214, 13, 'Se mettre en tenue propre', '', '1', 1, 1000, NULL, NULL),
(215, 13, 'Remplir la feuille de présence cuisine OBLIGATOIREMENT immédiatement avant tout autre chose', '', '3', 1, 2000, NULL, NULL),
(216, 13, 'Lire les news sur le tableau veleda dans la cuisine', '', '1', 1, 3000, NULL, NULL),
(217, 13, 'Compter le stock pizza/dessert/salades… et remplir la fiche : “Production quotidienne cuisine”', '', '2', 1, 4000, NULL, NULL),
(218, 13, 'Mise en route lave vaisselle', '', '1', 1, 5000, NULL, NULL),
(219, 13, 'Vérifier topping pour être sur d’avoir le stock pour dresser les pizzas. Dresser en priorité les top ventes (dans l’ordre de la feuille).', '', '1', 1, 6000, NULL, NULL),
(220, 13, 'Sortir pâte à cookie et tartes + faire chauffer fromage montagnarde + Laver 2 kilos de mesclun', '', '1', 1, 7000, NULL, NULL),
(221, 13, 'Allumer la hotte + si topping à faire allumer four (temps de chauffe four 20mn)', '', '1', 1, 8000, NULL, NULL),
(222, 13, 'Vérifier le FIFO des pâtes à pizza et étiquetage', '', '1', 1, 9000, NULL, NULL),
(223, 4, 'FILMER TOUS LES EMBALLAGES', 'Ranger les emballages potatoes dans le carton, ranger les emballages burgers dans leur carton, Filmer tous les paquets d''emballages entamés, \nfilmer le carton d''emballages potatoes, filmer le carton d''emballages burger\nranger tous les sets à plateaux, papier mousseline, serviettes dans la boîte prévue à cet effet', '3', 1, 11000, NULL, NULL),
(224, 10, 'Nettoyage des surfaces près de de l''escalier labo', 'Nettoyer la planche au dessus de la CF + Petite partie près de l''escalier. ', '1', 1, 5010, '0,2,3,4,5,6,1', NULL),
(225, 3, 'FAIRE CHAUFFER LE CHEESE ET REMUER RÉGULIÈREMENT', 'Brancher le bain-marie, mettre de l''eau jusqu''à la limite ''max'', tourner le bouton jusqu''à ''MAX'' et remplir les deux cuves de cheese (récupérer un seau soit dans le frigo sous bar, soit dans la CF).\r\nSi pas de cheese, demander à la cuisine d''en préparer', '3', 1, 354, NULL, NULL),
(226, 4, 'NETTOYER RESERVOIR EAU MACHINE A CAFE ET VIDER LE BAC À CAPSULES', '', '1', 1, 9100, NULL, NULL),
(227, 8, 'FAIRE DES COOKIES', 'Pendant 30min, 4 plaques de 9 cookies', '3', 1, 1000, NULL, NULL),
(228, 8, 'Remplir le frigo boissons', '', '1', 1, 8500, NULL, NULL),
(229, 8, 'Préparer des plateaux', '', '1', 1, 9300, NULL, NULL),
(230, 8, 'Vérifier les stocks de consommables', 'Vérifier que le stock de gobelets, couverts en bois, serviettes, sacs to go, boîtes salade, sets à plateaux et boîtes to go présent dans le restaurant est suffisant pour la journée (prévenir un manager si un stock est bas)', '2', 1, 4200, NULL, NULL),
(231, 9, 'Report des pertes', 'Compter les produits invendables, les protéger, puis les reporter dans la fiche perte qui se trouve dans le book', '1', 1, 2500, NULL, NULL),
(232, 12, 'Vérifier rangement au dessus du four', 'Pas de plaque à rôtir sale, de plat sale, ou quoi que ce soit sale.', '1', 1, 50500, NULL, NULL),
(233, 4, 'Vider le cheese dans un gastro ou un seau, étiquetter avec cheese et la date du jour, faire tremper le bac, nettoyer le bain-marie', 'Mettre le cheese au frigo ou en CF, faire tremper le bac à cheese avec de l''eau très chaude et du liquide vaisselle, nettoyer le contour de la machine', '2', 1, 11100, NULL, NULL),
(234, 9, 'Nettoyage des ustensiles et plateaux restants', 'Finir de nettoyer les plateaux, ustensiles, planches, verres, galvas, ... ', '2', 1, 3000, NULL, NULL),
(235, 9, 'Verifier que les laves-linge sont éteints. ', '', '2', 1, 9750, NULL, NULL),
(236, 9, 'Vérifiez les frigos RDC', 'Vérifier la bonne fermeture de toutes les portes des frigos ! Chambre froide, 3 portes labo, frigo boissons, frigo salade, congélateurs, 2 et 3 porte RDC, cuisine à l''étage. Eteindre la lumière de la chambre froide (bouton vert du bas à l''extérieur à gauche de la porte).', '3', 1, 10750, NULL, NULL),
(237, 9, 'Twerker', '', '1', 1, 6666, NULL, NULL),
(238, 11, 'Vérifier qu''il y a au minimum une cuve remplie de cheese en semaine et deux le week-end. ', 'La cuisine laisse un ou deux seaux d''avance de fromage déjà préparé en CF.\r\nEn semaine, avoir une cuve pleine à l''interservice, et le week-end, deux cuves pleines. Verser les seaux de cheese dans la/les cuves, verser un peu de lait de soja puis remuer très régulièrement.  ', '2', 1, 5100, NULL, NULL),
(239, 12, 'Repport des pertes dans la fiche', '', '3', 1, 95000, NULL, NULL),
(240, 3, 'Faire les desserts', 'Pour les cookies, aller récupérer le gastro contenant les pâtons situé dans la cuisine. \r\nQuantités nécessaire : en semaine, environ 20 cookies / 25 carrot cake \r\nle week-end environ 50 cookies / 50 carrot cake \r\n', '2', 1, 451, NULL, NULL),
(241, 3, 'Mettre une barquette de potatoes cheese en présentation devant la caisse', 'S''assurer que les barquettes pour les potatoes cheese sont présentes au dessus du chauffe frite', '2', 1, 2910, NULL, NULL),
(242, 4, 'Débrancher la guirlande lumineuse au RDC près des escaliers et à l''étage près de la fenêtre ', 'Pour éviter que ça brûle le restaurant', '3', 0, 25100, NULL, NULL),
(243, 3, 'Vérifier le respect du FIFO pains + sauces + toppings ', 'Vérifier que les toppings et les sauces ont été rangés en respectant le FIFO dans le 3P et le 1P. Vérifier que le FIFO des caisses de pains est respecté au LABO ', '3', 1, 2810, NULL, NULL),
(244, 9, 'Eteindre les décorations de Noël ', '', '2', 0, 13500, NULL, NULL),
(245, 3, 'METTRE EN PLACE LE MATERIEL POUR LE SERVICE', 'Gastros à steaks tampons, gastros potatoes, brancher la plancha, spatules et téflon potatoes, etc.', '1', 1, 386, NULL, NULL),
(246, 11, 'BRANCHER LES GUIRLANDES LUMINEUSES RDC ET ETAGE', '', '1', 0, 21100, NULL, NULL),
(247, 4, 'VERIFIER QUE TOUTES LES CAISSES DE PAINS SONT BIEN FERMEES ET LES PAINS SANS GLUTEN AUSSI', 'chaque caisse doit être fermée par un couvercle ou par une autre caisse, si pas assez de couvercle, filmer très bien les caisses et mettre des torchons par dessus', '3', 1, 25110, NULL, NULL),
(248, 9, 'Mettre le cahier sur la saladette', '...pour que la cuisine le lise en arrivant le matin ! ', '2', 1, 12500, NULL, NULL),
(249, 3, 'Mettre des Mugs neufs en présentation', 'Avoir toujours des mugs en présentation tout en haut de l''étagère derrière la caisse avec le flyer du prix', '2', 1, 2920, NULL, NULL),
(250, 4, 'Nettoyer sols sous l''évier + derrière la poubelle ', '', '2', 1, 24100, NULL, NULL),
(251, 9, 'Sortir deux pâtons de cookies', 'Les mettre dans un gastro sur une des tables de la cuisine', '2', 1, 10250, NULL, NULL),
(252, 4, 'Sortir la/les pâtons à cookies de la CF, les mettre dans un gastro fermé, et les laisser à l''air libre. ', 'Compter le nombre de cookies restant, puis sortir le nombre de pâtons nécessaires pour le lendemain. \r\nEn semaine : s''il reste moins de 5 cookies, sortir 2 pâtons. S''il reste plus de 5 cookies, sortir un pâton. \r\nLe week-end : s''il reste moins de 35 cookies, sortir deux pâtons. S''il reste plus de 35 cookies, sortir un pâton. \r\nAttention, ne pas les laisser près d''une source de chaleur. ', '3', 0, 21000, NULL, NULL),
(253, 16, 'Allumer lumieres', '', '3', 1, 100, NULL, NULL),
(254, 16, 'Lever le rideaux de porte d''entrée\r\n', 'ne pas oublier le bouton "stop" / laisser la clef sur la porte pour faciliter la gestion des livraisons par l''avant du resto', '1', 0, 200, NULL, NULL),
(255, 16, 'Jeter les bouteilles', 'Au bout de la rue dans le r&eacute;cup&#39; verre juste avant la poste. Laisser une bouteille vide dans le bac le plus en haut pour que l&#39;on comprenne que les bouteilles se mettent ici.', '1', 1, 1860, NULL, NULL),
(256, 16, 'Vérifier stock emballages / couverts. ', 'Emballages : - burger - potatoes - potatoes cheese - cookies - fourchette - cuillère - serviette - sacs - boite salade + Rouleau CB et caisse\r\n', '1', 1, 353, NULL, NULL),
(257, 16, 'Nettoyer, sécher et préparer TOUS les plateaux', '', '1', 1, 2500, NULL, NULL),
(258, 16, 'Vérifier que la lumière vitrine burger est allumée + hotte', '', '1', 0, 1890, NULL, NULL),
(259, 16, 'V&eacute;rifier la propret&eacute; et mettre en place la salle RDC + la salle du haut\n', 'Tables, chaises, consoles à sauces \nEntrouvrir un peu les fenêtres\nPasser le balai dans la salle RDC après la réception du pain. ', '1', 1, 1800, NULL, NULL),
(260, 16, 'V&eacute;rifier WC', 'V&eacute;rifier la propret&eacute;, sol, miroir, lavabo\nV&eacute;rifier stock papier toilette + essuie main&nbsp;', '1', 1, 1850, NULL, NULL),
(261, 16, 'Allumer les fours à 11h15. Lancer les cuissons de steaks et de potatoes.', 'Potatoes : 1 plateau de prêts à 12h\r\nSteaks précuits : 1/2 plaque ', '1', 1, 2000, NULL, NULL),
(263, 16, 'Mettre des desserts en présentation à la caisse', '', '1', 1, 1890, NULL, NULL),
(265, 16, 'Rincer et remplir le thermos ', '', '1', 0, 1501, '0,3,5', NULL),
(267, 16, 'Mettre a jour le menu (tableau)', 'Vérifier dessert du jour, salade du jour, touriste', '3', 1, 2110, NULL, NULL),
(269, 16, 'Compter la caisse + mise à jour du fond de caisse\r\n', '- Compter pièces + billets\r\n- Dans Cashpad -> Comptabilité -> cliquer sur "Fond de caisse à l''ouverture" et indiqué le montant trouvé\r\n- Vérifier que la clé du restaurant est sous la partie des pièces dans le tiroir de caisse. Si elle n’y est pas, vérifier si elle se trouve dans la boîte aux lettres et la replacer dans la caisse', '3', 0, 350, NULL, NULL),
(272, 16, '<p>\n Décongeler un max de potatoes</p>\n', '', '3', 1, 2400, '0,6', NULL),
(273, 16, 'Se laver les mains', '', '1', 1, 150, NULL, NULL),
(274, 16, 'Lire le cahier d&#39;information', '', '3', 1, 170, NULL, NULL),
(275, 16, 'Changer les torchons et gérer le linge', 'Descendre le linge sale et lancer une machine. Plier le linge du sèche linge s’il y en a et remonter du linge pour que le placard sous le lavabo soit rempli pour la journée avec des tabliers, des torchons et des maniques', '1', 1, 450, NULL, NULL),
(276, 16, 'Remplir la TODO', 'Faire l''inventaire des toppings, sauce, etc et déterminer les besoins pour la journée', '1', 0, 352, NULL, NULL),
(277, 16, 'Vérifier les reminder à faire ce jour + les noter sur un papier', 'le four doit être aspiré tous les 3 jours, attention à ne pas l’oublier car cela peut prendre feu s’il y a trop de graines de sésame à l’intérieur', '1', 0, 171, NULL, NULL),
(278, 16, 'Allumer le lave-vaisselle\r\n', '', '1', 0, 360, NULL, NULL),
(279, 16, 'Ouvrir la porte pour les clients', '', '3', 1, 3000, NULL, NULL),
(281, 16, 'Fermer la porte à clée et la maintenir fermée jusqu''a l''ouverture.', '', '1', 1, 10, NULL, NULL),
(282, 16, 'Vérifier que l’intégralité de la todo a été faite, et ranger les bons de livraison dans le classeur. ', '', '1', 1, 2800, NULL, NULL),
(283, 16, 'Faire l''inventaire journalier', '', '2', 0, 361, NULL, NULL),
(284, 16, 'Check Qualité : salade + sauces + topping + desserts', 'Gouter les plus veilles salades\r\nGouter les premières sauces à utiliser\r\nVerifier la fraicheur des toppings de la veille\r\nVerifier le visuel et la qualité des desserts ', '3', 1, 351, NULL, NULL),
(285, 16, 'Faire les desserts', 'Pour les cookies, aller récupérer le gastro contenant les pâtons situé dans la cuisine. \r\nQuantités nécessaire : en semaine, environ 20 cookies / 10 carrot cake \r\nle week-end environ 30 cookies / 20 carrot cake \r\n', '2', 1, 451, NULL, NULL),
(286, 16, 'Mettre une barquette de potatoes cheese en présentation devant la caisse', 'S''assurer que les barquettes pour les potatoes cheese sont présentes au dessus du chauffe frite', '2', 1, 2910, NULL, NULL),
(287, 16, 'Vérifier le respect du FIFO pains + sauces + toppings ', 'Vérifier que les toppings et les sauces ont été rangés en respectant le FIFO dans le 3P et le 1P. \r\nVérifier que le FIFO des caisses de pains est respecté au LABO et dans la CF', '3', 1, 2810, NULL, NULL),
(288, 16, 'METTRE EN PLACE LE MATERIEL POUR LE SERVICE', 'Gastros à steaks tampons, gastros potatoes, brancher la plancha, spatules et téflon potatoes, etc.', '1', 1, 386, NULL, NULL),
(290, 16, 'FAIRE CHAUFFER LE CHEESE ET REMUER RÉGULIÈREMENT, ajouter de l''eau si nécessaire, allumer le bain marie', 'Brancher le bain-marie, mettre de l''eau jusqu''à la limite ''max'', tourner le bouton jusqu''à ''MAX'' et remplir les deux cuves de cheese (récupérer un seau soit dans le frigo sous bar, soit dans la CF).\r\nSi pas de cheese, demander à la cuisine d''en préparer', '3', 1, 175, NULL, NULL),
(291, 18, 'Allumer lumieres', '', '3', 1, 100, NULL, NULL),
(292, 18, 'Lever les rideaux\r\n', 'Rester à coté et appuyer sur le bouton stop du millieu à la fin', '1', 0, 200, NULL, NULL),
(293, 18, 'Jeter les bouteilles', 'Au bout de la rue dans le r&eacute;cup&#39; verre juste avant la poste. Laisser une bouteille vide dans le bac le plus en haut pour que l&#39;on comprenne que les bouteilles se mettent ici.', '1', 1, 1860, NULL, NULL),
(294, 18, 'Vérifier stock emballages / couverts. Faire une liste et donner cette liste à la personne qui ouvre la salle du haut. \r\n', 'Emballages : - burger - potatoes - potatoes cheese - cookies - fourchette - cuillère - serviette - sacs - boite salade + Rouleau CB et caisse\r\n', '1', 1, 353, NULL, NULL),
(295, 18, 'Nettoyer, sécher et préparer TOUS les plateaux', '', '1', 1, 2500, NULL, NULL),
(296, 18, 'Vérifier que la lumière vitrine burger est allumée + hotte', '', '1', 0, 1890, NULL, NULL),
(297, 18, 'V&eacute;rifier la propret&eacute; et mettre en place la salle RDC + la salle du haut\n', 'Tables, chaises, consoles à sauces \nEntrouvrir un peu les fenêtres\nPasser le balai dans la salle RDC après la réception du pain. ', '1', 1, 1800, NULL, NULL),
(298, 18, 'Vérifier WC', 'Vérifier la propreté, sol, miroir, lavabo\r\nVérifier stock papier toilette + essuie main ', '1', 1, 1850, NULL, NULL),
(299, 18, 'Allumer les fours à 11h15. Lancer les cuissons de steaks et de potatoes.', 'Potatoes : week end : 3 à 4 plateaux de prêts à 12h, semaine : 2 plateaux\nSteaks précuits : week end : 2 plaques, semaine : 1 plaque ', '1', 1, 2000, NULL, NULL),
(301, 18, ' Renouveler les desserts de la cloche à dessert\r\n', ' Mettre les desserts les plus récents en présentation sous la cloche et les plus anciens en vente en premier sur les plateaux', '1', 1, 1890, NULL, NULL),
(303, 18, 'Rincer et remplir le thermos ', '', '1', 0, 1501, '0,3,5', NULL),
(305, 18, 'Mettre a jour le menu intérieur (tableau) avec un papier', 'Vérifier dessert du jour, salade du jour, touriste', '3', 1, 2110, NULL, NULL),
(307, 18, 'Compter la caisse + mise à jour du fond de caisse\r\n', '- Compter pièces + billets\r\n- Dans Cashpad -> Comptabilité -> cliquer sur "Fond de caisse à l''ouverture" et indiqué le montant trouvé\r\n- Vérifier que la clé du restaurant est sous la partie des pièces dans le tiroir de caisse. Si elle n’y est pas, vérifier si elle se trouve dans la boîte aux lettres et la replacer dans la caisse', '3', 1, 350, NULL, NULL),
(308, 18, '<p>\n Vider seau d''eau (evacuation clim) sous l''évier RDC</p>\n', '', '1', 0, 300, NULL, NULL),
(309, 18, 'NOTER LES RETOURS FOURNISSEURS dans le cahier', '', '1', 0, 1900, NULL, NULL),
(310, 18, '<p>\n Décongeler un max de potatoes</p>\n', '', '3', 1, 2400, '0,6', NULL),
(311, 18, 'Se laver les mains', '', '1', 1, 150, NULL, NULL),
(312, 18, 'Lire le cahier d&#39;information', '', '3', 1, 170, NULL, NULL),
(313, 18, 'Changer les torchons et gérer le linge', 'Descendre le linge sale et lancer une machine. Plier le linge du sèche linge s’il y en a et remonter du linge pour que le placard sous le lavabo soit rempli pour la journée avec des tabliers, des torchons et des maniques', '1', 1, 450, NULL, NULL),
(314, 18, 'Faire l''inventaire des toppings, sauce, etc et déterminer les besoins pour la journée', '', '1', 1, 352, NULL, NULL),
(315, 18, 'Vérifier les reminder à faire ce jour + les noter sur un papier', 'le four doit être aspiré tous les 3 jours, attention à ne pas l’oublier car cela peut prendre feu s’il y a trop de graines de sésame à l’intérieur', '1', 0, 171, NULL, NULL),
(316, 18, 'Allumer le lave-vaisselle\r\n', 'Mettre les 2 pastilles à l’intérieur, le fermer afin qu’il puisse se remplir\r\n', '1', 0, 360, NULL, NULL),
(317, 18, 'Ouvrir la porte pour les clients', '', '3', 1, 3000, NULL, NULL),
(318, 18, 'Remplir le présentoir de menus et de plans pour aller à la pizzeria', '', '1', 1, 2900, NULL, NULL),
(320, 18, 'Ranger les bons de livraison dans le classeur. ', '', '1', 1, 2800, NULL, NULL),
(321, 18, 'Faire l''inventaire journalier', '', '2', 0, 361, NULL, NULL),
(322, 18, 'Check Qualité : salade + sauces + topping + desserts', 'Gouter les plus veilles salades\r\nGouter les premières sauces à utiliser\r\nVerifier la fraicheur des toppings de la veille\r\nVerifier le visuel et la qualité des desserts ', '3', 1, 351, NULL, NULL),
(323, 18, 'Faire les desserts, sortir la pate à cookie et carrot cake de la CF is besoin d''en faire', 'Pour les cookies, aller récupérer le gastro contenant les pâtons situé dans la cuisine. \r\nQuantités nécessaire : en semaine, environ 20 cookies / 25 carrot cake \r\nle week-end environ 50 cookies / 50 carrot cake \r\n', '2', 1, 451, NULL, NULL),
(324, 18, 'Mettre une barquette de potatoes cheese en présentation devant la caisse', 'S''assurer que les barquettes pour les potatoes cheese sont présentes au dessus du chauffe frite', '2', 1, 2910, NULL, NULL);
INSERT INTO `checklist_tasks` (`id`, `id_checklist`, `name`, `comment`, `priority`, `active`, `order`, `day_week_num`, `day_month_num`) VALUES
(325, 18, 'Vérifier le respect du FIFO pains + sauces + toppings ', 'Vérifier que les toppings et les sauces ont été rangés en respectant le FIFO dans le 3P et le 1P. Vérifier que le FIFO des caisses de pains est respecté au LABO ', '3', 1, 2810, NULL, NULL),
(326, 18, 'METTRE EN PLACE LE MATERIEL POUR LE SERVICE', 'Gastros à steaks tampons, gastros potatoes, brancher la plancha, spatules et téflon potatoes, etc.', '1', 1, 386, NULL, NULL),
(328, 18, 'Vérifier LE CHEESE ET REMUER RÉGULIÈREMENT, mettre de l''eau si besoin, brancher le bain marie', 'Brancher le bain-marie, mettre de l''eau jusqu''à la limite ''max'', tourner le bouton jusqu''à ''MAX'' et remplir les deux cuves de cheese (récupérer un seau soit dans le frigo sous bar, soit dans la CF).\r\nSi pas de cheese, demander à la cuisine d''en préparer', '3', 1, 354, NULL, NULL),
(329, 17, 'FERMER LA PORTE', '', '3', 1, 1000, NULL, NULL),
(330, 17, 'Remplir le frigo boisson', '', '2', 1, 3000, NULL, NULL),
(331, 17, 'Recharger le frigo 3P avec au moins 3 sachets de potatoes et Faire décongeler des sachets de potatoes en chambre froide', '', '2', 1, 4000, NULL, NULL),
(333, 17, 'Si allumées, éteindre les 3 climatisations en haut et en bas (salle + cuisine)', '', '2', 1, 6000, NULL, NULL),
(334, 17, 'Vérifier que la hotte est éteinte', '', '3', 0, 7000, NULL, NULL),
(336, 17, 'Éteindre les machines', 'fours Turbochef\r\nla machine à café (bouton derrière la machine)\r\nle chauffe frite\r\nplancha cuisson steak\r\nplancha prepa burger\r\nsaladette toppings\r\nlumière du bar', '3', 1, 9000, NULL, NULL),
(337, 17, 'Protéger les pains', 'Refermer les bacs de pains, protéger les pains sans gluten et les oignons frits dans les bacs de pains. Il ne suffit pas de les filmer, cela ne les protège pas assez, il faut absolument les mettre dans des boîtes/sacs fermées', '3', 1, 10000, NULL, NULL),
(338, 17, 'Ranger tous les gastros et bibs dans les frigos et la CF', 'Refermer tous les gastros de toppings avec des couvercles ou du film alimentaire \r\nEssuyer les capuchons des sauces\r\nFermer les bacs de steaks natursoy et steaks sans gluten\r\nRanger les gastros à utiliser en priorité dans le 3P', '2', 1, 11000, NULL, NULL),
(339, 17, 'Filmer les desserts', 'Plateau par plateau (ne pas superposer les plateaux avant de les filmer ensemble)\r\nNe pas oublier les desserts de la cloche à desserts\r\nRanger tous les carrot cake dans les frigos ou CF\r\nNe rien superposer sur un plateau de carrot cake', '3', 1, 12000, NULL, NULL),
(340, 17, 'Mettre les distributeurs de vegannaise et les petits pots au frigo', '', '2', 1, 13000, NULL, NULL),
(341, 17, 'Nettoyer le poste burger', 'Gratter la plaque et la nettoyer intégralement à l’intérieur et à l’extérieur, ne pas mettre le côté grattant de l’éponge sur la vitrocéramique \nNettoyer le haut de la saladette topping devant la fenêtre\nNettoyer la fenêtre\nNettoyer la saladette topping (à l’intérieur et en dessous)\nNettoyer la planche en bois\nNettoyer la plancha chauffante (ne pas utiliser le côté grattant de l’éponge)\nNettoyer le mur blanc sous la saladette topping', '2', 1, 14000, NULL, NULL),
(343, 17, 'Gérer le linge', 'Descendre le linge sale et vérifier qu’il ne reste pas de linge propre et mouillé dans la machine à laver, sinon les mettre dans le sèche linge et lancer le sèche linge\n- sèche linge : enlever filtre pour nettoyer la poussière et bien le remettre\n- NE PAS lancer de machine à laver après 20h !', '1', 1, 16000, NULL, NULL),
(345, 17, 'Vérifier la bonne fermeture et le bon fonctionnement de tous les frigos et congels', '', '3', 1, 25500, NULL, NULL),
(346, 17, 'Faire la plonge intégralement et la ranger au labo (gastro, bibs, etc)', 'sauf ce qui doit rester en haut (gastro potatoes, gastro emballages potatoes, gastro steaks tampons, pelle potatoes, gastro salade, etc.)', '2', 1, 19000, NULL, NULL),
(347, 17, 'Nettoyer le labo', 'Eponge et vinaigre sur les plans de travail, passer le balais puis la serpillère\r\nVérifier qu’il n’y a pas de nourriture en dehors de la CF (sachets de potatoes, sauces, etc.) ', '1', 1, 20000, NULL, NULL),
(348, 17, 'Nettoyer la salle du haut et la salle du RDC + sol réserve ', 'Nettoyer toutes les tables, les bacs des distributeurs à sauce et les 2 consoles, changer les sacs poubelles, mettre tous les coussins sur le canapé, mettre les tables et les tabourets sur les bancs en haut, les chaises sur les tables au RDC, passer le balais AUSSI SOUS LE CANAPÉ, passer la serpillère (bien frotter pour enlever toutes les tâches), fermer les fenêtre du haut', '3', 1, 21000, NULL, NULL),
(349, 17, 'Nettoyer les toilettes + lavabo', 'Nettoyer entièrement l''abattant au vinaigre, le miroir, le distributeur de papier toilettes, nettoyer la poignée des deux côtés,  changer les 2 poubelles, nettoyer le lavabo, passer le balais, passer la serpillère', '3', 1, 22000, NULL, NULL),
(350, 17, 'Vider le lave vaisselle et le nettoyer, l’éteindre et laisser la porte ouverte', 'Soulever et dévisser la bite.\r\nAsperger de vinaigre l’intérieur du lave vaisselle, frotter avec une éponge, sortir le filtre et très bien le nettoyer', '2', 1, 23000, NULL, NULL),
(351, 17, 'Passer le balai et la serpillère derrière le comptoir ', 'Retirer les deux caisses d''emballage afin de pouvoir passer le balai et ne pas laisser de miettes\r\nNe surtout pas oublier l''espace SOUS L''EVIER : balai et serpillère : retirer la poubelle et les produits de nettoyage afin de passer le balai et la serpillère correctement', '2', 1, 24000, NULL, NULL),
(352, 17, 'Vérifier la fermeture de la porte principale', '', '3', 1, 25000, NULL, NULL),
(353, 17, 'IL EST 22H55 OU PLUS', '', '3', 1, 26000, NULL, NULL),
(354, 17, 'Eteindre les lumières et fermer la porte en partant', 'Vérifier que la porte est bien fermée en essayant de l’ouvrir \nRegardez vous en train de fermer la porte, visualiser votre action \nEST CE QUE J’AI BIEN FERMÉ LA PORTE', '3', 1, 27000, NULL, NULL),
(355, 17, 'FAIRE LA CAISSE', '- imprimer les tickets Appel des terminaux CB (action : F > CB EMV/CB CLESS > Appel). Renseigner ces infos sur la fiche papier de fermeture caisse.\r\n- clôturer la caisse sur Cashpad : cliquer sur l''icône maison en haut à droite de l''écran de caisse, et faire ''sortir''. Aller dans ''comptabilité'' puis appuyer sur ''clôturer''. S''il est écrit ''clôture impossible'' c''est parce que des tickets sont restés ouverts et empêchent la clôture. Pour les fermer, il faut retourner dans l''onglet de caisse, aller dans ''tickets'' et cliquer sur ''masquer historique'' pour ne faire apparaître que les tickets restés ouverts. Il faut rentrer dans chaque ticket et les annuler et en note écrire la raison de l''annulation. ex : ticket non clôturé.\r\n- cash out : laisser 8 billets de 10€ et tous les billets de 5€ dans la caisse et prélever le reste des billets. (s''il n''y a pas assez de billets de 10€ utiliser alors des billets de 20€ pour atteindre la somme de 80€) Compter les billets prélevés et renseigner les infos sur la fiche papier de fermeture caisse.\r\n- fond de caisse : compter à l''aide de la machine la somme des pièces présentes dans le tiroir caisse, ainsi que la somme des rouleaux de monnaie qui s''y trouvent. Compter aussi les billets laissés dans le tiroir caisse. Renseigner ces infos sur la fiche papier de fermeture caisse.\r\n- mettre dans l''enveloppe de caisse : tickets CB, tickets Appel CB, billets prélevés.\r\n- remplir le RMS Cashier Close \r\n- terminer de remplir la fiche papier de fermeture caisse avec le numéro donné par Cashier puis la mettre dans l''enveloppe\r\n- fermer l''enveloppe et la placer dans le coffre sous la caisse (bien vérifier qu''elle est bien tombée dans le coffre!) ', '3', 1, 2000, NULL, NULL),
(356, 17, 'RANGER LES TABLETTES SOUS LA CAISSE', 'Laisser le Pad sur son socle', '3', 1, 25100, NULL, NULL),
(358, 17, 'NETTOYER TOUS LES PLATEAUX ET LES ETENDRE POUR QU''ILS SÈCHENT', 'Utiliser les étendoirs à plateaux en les posant sur les fours \r\nMettre un torchon en dessous s''ils sèchent sur le comptoir en bois', '1', 1, 19200, NULL, NULL),
(359, 17, 'CHANGER TOUTES LES POUBELLES si rempli à plus de la moitié après avoir tassé.', 'Quand j''enlève un sac, j''ai le sac de remplacement avec moi que remet immédiatement et sans délais', '3', 1, 19100, NULL, NULL),
(362, 17, 'Tous les bons de livraison ont été correctement validés', '', '2', 0, 2850, NULL, NULL),
(363, 17, 'FILMER TOUS LES EMBALLAGES', 'Ranger les emballages potatoes dans le carton, ranger les emballages burgers dans leur carton, Filmer tous les paquets d''emballages entamés, \r\nfilmer le carton d''emballages potatoes, filmer le carton d''emballages burger\r\nranger tous les sets à plateaux, papier mousseline, serviettes dans la boîte prévue à cet effet', '3', 0, 11000, NULL, NULL),
(364, 17, 'NETTOYER RESERVOIR EAU MACHINE A CAFE ET VIDER LE BAC À CAPSULES', '', '1', 0, 9100, NULL, NULL),
(365, 17, 'Fermer le bac a cheese potatoes et le laisser dans la cuisine ', '', '2', 1, 11100, NULL, NULL),
(369, 17, 'Sortir la/les pâtons à cookies de la CF, les mettre dans un gastro fermé, et les laisser à l''air libre. ', 'Compter le nombre de cookies restant, puis sortir le nombre de pâtons nécessaires pour le lendemain. \r\nEn semaine : s''il reste moins de 5 cookies, sortir 2 pâtons. S''il reste plus de 5 cookies, sortir un pâton. \r\nLe week-end : s''il reste moins de 35 cookies, sortir deux pâtons. S''il reste plus de 35 cookies, sortir un pâton. \r\nAttention, ne pas les laisser près d''une source de chaleur. ', '3', 1, 21000, NULL, NULL),
(370, 19, 'FERMER LA PORTE', '', '3', 1, 1000, NULL, NULL),
(371, 19, 'Remplir le frigo boisson', '', '2', 1, 3000, NULL, NULL),
(372, 19, 'Recharger le frigo 3P avec au moins 4 sachets de potatoes et Faire décongeler des sachets de potatoes en chambre froide', '', '2', 1, 4000, NULL, NULL),
(373, 19, 'Recharger le bac inférieur du frigo 1P avec des pains sans gluten', 'Au moins 3 pains', '2', 1, 5000, NULL, NULL),
(374, 19, 'Éteindre la climatisation en haut, entree et salle cuisine', '', '2', 1, 6000, NULL, NULL),
(375, 19, 'Vérifier que la hotte est éteinte', '', '3', 0, 7000, NULL, NULL),
(376, 19, 'Éteindre les fours turbochef et laisser la porte entrouverte', '', '3', 1, 8000, NULL, NULL),
(377, 19, 'Éteindre les machines', 'la machine à café (bouton derrière la machine)\r\nle chauffe frite\r\nla saladette toppings\r\nla lumière du bar', '3', 1, 9000, NULL, NULL),
(378, 19, 'Protéger les pains', 'Refermer les bacs de pains, protéger les pains sans gluten et les oignons frits dans les bacs de pains. Il ne suffit pas de les filmer, cela ne les protège pas assez, il faut absolument les mettre dans des boîtes/sacs fermées', '3', 1, 10000, NULL, NULL),
(379, 19, 'Ranger tous les gastros et bibs dans les frigos et la CF', 'Refermer tous les gastros de toppings avec des couvercles ou du film alimentaire \r\nEssuyer les capuchons des sauces\r\nFermer les bacs de steaks natursoy et steaks sans gluten\r\nRanger les gastros à utiliser en priorité dans le 3P', '2', 1, 11000, NULL, NULL),
(380, 19, 'Filmer les desserts', 'Plateau par plateau (ne pas superposer les plateaux avant de les filmer ensemble)\nNe pas oublier les desserts de la cloche à desserts\nRanger tous les carrot cake dans les frigos ou CF\nNe rien superposer sur un plateau de carrot cake', '3', 1, 12000, NULL, NULL),
(381, 19, 'Mettre les distributeurs de vegannaise et les petits pots au frigo', '', '2', 1, 13000, NULL, NULL),
(382, 19, 'Nettoyer le poste burger', 'Gratter la plaque et la nettoyer intégralement à l’intérieur et à l’extérieur, ne pas mettre le côté grattant de l’éponge sur la vitrocéramique \r\nNettoyer la saladette topping (à l’intérieur et en dessous)\r\nNettoyer la plancha chauffante (ne PAS utiliser le côté grattant de l’éponge)\r\nNettoyer le mur sous la saladette topping', '2', 1, 14000, NULL, NULL),
(383, 19, 'Nettoyer l’espace derrière le comptoir', 'Nettoyer au dessus, en dessous et les côtés des fours\n Nettoyer les portes des frigos à l’extérieur et à l’intérieur, bien nettoyer les poignées\nNettoyer le chauffe frite, au dessus, à l’intérieur et la partie qui s’enlève : liquide vaisselle et éponge, bien frotter (ne pas hésiter à allumer la lumière pour vérifier)\nNettoyer le comptoir en bois, ne rien laisser trainer (stylos à mettre dans le pots, etc)\nNettoyer l’espace au dessus du lave vaisselle, l’évier, et à droite de l’évier\nChanger les poubelles', '2', 1, 15000, NULL, NULL),
(384, 19, 'Gérer le linge', 'Descendre le linge sale et vérifier qu’il ne reste pas de linge propre et mouillé dans la machine à laver, sinon les mettre dans le sèche linge et lancer le sèche linge\n- sèche linge : enlever filtre pour nettoyer la poussière et bien le remettre\n- NE PAS lancer de machine à laver après 20h !', '1', 1, 16000, NULL, NULL),
(385, 19, 'Remonter les caisses de pains pleines nécessaires au service du lendemain, les caisses de pains vides, les cagettes et les cartons', 'les 3 emplacements doivent être pris par des caisses pleines, les vides doivent être mises dans la salle  \nmettre les cartons et cagettes devant la porte d’entrée pour le livreur de fruits et légumes', '2', 1, 17000, NULL, NULL),
(386, 19, 'Vérifier la bonne fermeture et le bon fonctionnement de tous les frigos et congels', '', '3', 1, 18000, NULL, NULL),
(387, 19, 'Faire la plonge intégralement et la ranger au labo (gastro, bibs, etc)', 'sauf ce qui doit rester en haut (gastro potatoes, gastro emballages potatoes, gastro steaks tampons, pelle potatoes, gastro salade, etc.)', '2', 1, 19000, NULL, NULL),
(388, 19, 'Nettoyer le labo', 'Eponge et vinaigre sur les plans de travail, passer le balais puis la serpillère\nVérifier qu’il n’y a pas de nourriture en dehors de la CF (sachets de potatoes, sauces, etc.) et que les bacs de pains sont bien fermés ou filmés\nVérifier qu’il y a de l’eau dans le réservoir de la CF', '1', 1, 20000, NULL, NULL),
(389, 19, 'Nettoyer la salle du haut et la salle du RDC + sol réserve ', 'Ouvrir les fenêtres en grand pour aérer pendant le nettoyage et bien penser à les refermer après, nettoyer toutes les tables, les bacs des distributeurs à sauce et les 2 consoles, changer les sacs poubelles, mettre tous les coussins sur le canapé, mettre les tables et les tabourets sur les bancs en haut, les chaises sur les tables au RDC, passer le balais AUSSI SOUS LE CANAPÉ, passer la serpillère (bien frotter pour enlever toutes les tâches), fermer les fenêtre du haut', '3', 1, 21000, NULL, NULL),
(390, 19, 'Nettoyer les toilettes + lavabo', 'Nettoyer entièrement l''abattant au vinaigre, le miroir, le distributeur de papier toilettes, nettoyer la poignée des deux côtés,  changer les 2 poubelles, nettoyer le lavabo, passer le balais, passer la serpillère', '3', 1, 22000, NULL, NULL),
(391, 19, 'Vider le lave vaisselle et le nettoyer, l’éteindre et laisser la porte ouverte', 'Soulever et dévisser la bite\r\nasperger de vinaigre l’intérieur du lave vaisselle, frotter avec une éponge, sortir le filtre et très bien le nettoyer', '2', 1, 23000, NULL, NULL),
(392, 19, 'Passer le balai et la serpillère derrière le comptoir ', 'Retirer les deux caisses d''emballage afin de pouvoir passer le balai et ne pas laisser de miettes\nNe surtout pas oublier l''espace SOUS L''EVIER : balai et serpillère : retirer la poubelle et les produits de nettoyage afin de passer le balai et la serpillère correctement', '2', 1, 24000, NULL, NULL),
(393, 19, 'Vérifier la fermeture des fenêtres du haut et de la fenêtre du poste burger', '', '3', 1, 25000, NULL, NULL),
(394, 19, 'IL EST 22H55 OU PLUS', '', '3', 1, 26000, NULL, NULL),
(395, 19, 'Eteindre les lumières et fermer la porte en partant', 'Vérifier que la porte est bien fermée en essayant de l’ouvrir \nRegardez vous en train de fermer la porte, visualiser votre action \nEST CE QUE J’AI BIEN FERMÉ LA PORTE', '3', 1, 27000, NULL, NULL),
(396, 19, 'FAIRE LA CAISSE', '- imprimer les tickets Appel des terminaux CB (action : F > CB EMV/CB CLESS > Appel). Renseigner ces infos sur la fiche papier de fermeture caisse.\r\n- clôturer la caisse sur Cashpad : cliquer sur l''icône maison en haut à droite de l''écran de caisse, et faire ''sortir''. Aller dans ''comptabilité'' puis appuyer sur ''clôturer''. S''il est écrit ''clôture impossible'' c''est parce que des tickets sont restés ouverts et empêchent la clôture. Pour les fermer, il faut retourner dans l''onglet de caisse, aller dans ''tickets'' et cliquer sur ''masquer historique'' pour ne faire apparaître que les tickets restés ouverts. Il faut rentrer dans chaque ticket et les annuler et en note écrire la raison de l''annulation. ex : ticket non clôturé.\r\n- cash out : laisser 8 billets de 10€ et tous les billets de 5€ dans la caisse et prélever le reste des billets. (s''il n''y a pas assez de billets de 10€ utiliser alors des billets de 20€ pour atteindre la somme de 80€) Compter les billets prélevés et renseigner les infos sur la fiche papier de fermeture caisse.\r\n- fond de caisse : compter à l''aide de la machine la somme des pièces présentes dans le tiroir caisse, ainsi que la somme des rouleaux de monnaie qui s''y trouvent. Compter aussi les billets laissés dans le tiroir caisse. Renseigner ces infos sur la fiche papier de fermeture caisse.\r\n- mettre dans l''enveloppe de caisse : tickets CB, tickets Appel CB, billets prélevés.\r\n- remplir le RMS Cashier Close \r\n- terminer de remplir la fiche papier de fermeture caisse avec le numéro donné par Cashier puis la mettre dans l''enveloppe\r\n- fermer l''enveloppe et la placer dans le coffre sous la caisse (bien vérifier qu''elle est bien tombée dans le coffre!) ', '3', 0, 2000, NULL, NULL),
(397, 19, 'RANGER LES TABLETTES DANS LA CAISSE NOIRE', 'Laisser le Pad sur son socle', '3', 1, 25100, NULL, NULL),
(398, 19, 'PASSER LE BALAI, LA SERPILLÈRE ET VIDER LE SEAU SOUS L''ÉVIER', '', '2', 0, 24100, NULL, NULL),
(399, 19, 'NETTOYER TOUS LES PLATEAUX ET LES ETENDRE POUR QU''ILS SÈCHENT', 'Utiliser les étendoirs à plateaux en les posant sur les fours \nMettre un torchon en dessous s''ils sèchent sur le comptoir en bois', '1', 1, 19200, NULL, NULL),
(400, 19, 'CHANGER TOUTES LES POUBELLES', '', '3', 1, 19100, NULL, NULL),
(401, 19, 'Mettre de l''eau dans le réservoir de la chambre froide', '', '3', 1, 17100, NULL, NULL),
(402, 19, 'ETEINDRE ventilateur au dessus du poste burger', 'IMPORTANT! Depart de feu possible si reste allumé', '3', 1, 25100, NULL, NULL),
(403, 19, 'Tous les bons de livraison ont été correctement validés', '', '2', 0, 2850, NULL, NULL),
(404, 19, 'FILMER TOUS LES EMBALLAGES', 'Ranger les emballages potatoes dans le carton, ranger les emballages burgers dans leur carton, Filmer tous les paquets d''emballages entamés, \nfilmer le carton d''emballages potatoes, filmer le carton d''emballages burger\nranger tous les sets à plateaux, papier mousseline, serviettes dans la boîte prévue à cet effet', '3', 1, 11000, NULL, NULL),
(405, 19, 'NETTOYER RESERVOIR EAU MACHINE A CAFE ET VIDER LE BAC À CAPSULES', '', '1', 1, 9100, NULL, NULL),
(406, 19, 'Vider le cheese dans un gastro ou un seau, étiquetter avec cheese et la date du jour, faire tremper le bac, nettoyer le bain-marie', 'Mettre le cheese au frigo ou en CF, faire tremper le bac à cheese avec de l''eau très chaude et du liquide vaisselle, nettoyer le contour de la machine', '2', 1, 11100, NULL, NULL),
(407, 19, 'Débrancher la guirlande lumineuse au RDC près des escaliers et à l''étage près de la fenêtre ', 'Pour éviter que ça brûle le restaurant', '3', 0, 25100, NULL, NULL),
(408, 19, 'VERIFIER QUE TOUTES LES CAISSES DE PAINS SONT BIEN FERMEES ET LES PAINS SANS GLUTEN AUSSI', 'chaque caisse doit être fermée par un couvercle ou par une autre caisse, si pas assez de couvercle, filmer très bien les caisses et mettre des torchons par dessus', '3', 1, 25110, NULL, NULL),
(409, 19, 'Nettoyer sols sous l''évier + derrière la poubelle ', '', '2', 1, 24100, NULL, NULL),
(410, 19, 'Sortir la/les pâtons à cookies de la CF, les mettre dans un gastro fermé, et les laisser à l''air libre. ', 'Compter le nombre de cookies restant, puis sortir le nombre de pâtons nécessaires pour le lendemain. \r\nEn semaine : s''il reste moins de 5 cookies, sortir 2 pâtons. S''il reste plus de 5 cookies, sortir un pâton. \r\nLe week-end : s''il reste moins de 35 cookies, sortir deux pâtons. S''il reste plus de 35 cookies, sortir un pâton. \r\nAttention, ne pas les laisser près d''une source de chaleur. ', '3', 1, 21000, NULL, NULL),
(411, 20, 'Checker si todo à faire \r\n', 'avoir en réserve (en plus des gastros et bibs presque pleins dans la saladette, si moins des deux tiers, faire comme s’il était vide pour le décompte)\r\nsteaks + topping + sauces + potatoes + desserts', '3', 1, 1000, NULL, NULL),
(412, 20, 'Faire des desserts si besoin', 'carrot cake : avoir environ 15 semaine, 40 week end\r\ncookies : avoir environ 15 semaine, 30 week end\r\nDesserts du jour : étage au dessus des potatoes rempli dans le 3P', '2', 1, 2000, NULL, NULL),
(413, 20, 'Remonter les potatoes et en décongeler', 'semaine : 6 cartons (24 sachets) en décongélation\nweek end : 8 cartons (32 sachets) en décongélation', '3', 1, 3000, NULL, NULL),
(414, 20, 'FIFO + couper pains ', 'Réorganiser les boites, les plus anciennes devant, controler les etiquettes.\nCouper tous les pains et remonter le nombre de caisse nécessaire pour que toutes les boîtes soient remplies', '1', 1, 4000, NULL, NULL),
(415, 20, 'Checker les distributeurs à sauce et les remplir si besoin', 'ketchup et vegannaise : minimum les 2 tiers, \nmoutarde : minimum la moitié\nremplir les pots en verre pour les sauces à emporter', '2', 1, 5000, NULL, NULL),
(416, 20, 'Vérifier le stock des emballages', 'potatoes, burgers, serviettes, sacs VAE, fourchettes, cuillères, gobelets et couvercles à thé, café, eau ', '2', 1, 6000, NULL, NULL),
(417, 20, 'Remplir le frigo boisson régulièrement \n', '', '2', 1, 7000, NULL, NULL),
(418, 20, 'Nettoyer le poste burger', 'Gratter la plaque, ramasser les miettes, passer le balai, nettoyer la vitre si besoin, nettoyer l’étagère des sauces et steaks sans gluten si besoin, nettoyer les côtés en inox si besoin, recharger en emballages burger', '3', 1, 8000, NULL, NULL),
(419, 20, 'Nettoyer les tables', 'Etage, RDC', '3', 1, 9000, NULL, NULL),
(420, 20, 'Passer le balai partout : 1er étage, RDC, derrière le comptoir, dans les toilettes, et dans la réserve \n', '', '3', 1, 10000, NULL, NULL),
(421, 20, 'Changer toutes les poubelles', 'Burgers, évier, essuies mains clients, étage, RDC', '3', 1, 11000, NULL, NULL),
(422, 20, 'Nettoyer le lavabo client, le miroir client et la vitre du frigo boisson', '\n', '2', 1, 12000, NULL, NULL),
(423, 20, 'Nettoyer les toilettes (cuvette, miroir, toiles d’araignées, trou)', '', '3', 1, 13000, NULL, NULL),
(424, 20, 'Vérifier stock essuie mains et papier toilette\n', '', '3', 1, 14000, NULL, NULL),
(425, 20, 'Lancer machine à laver le linge, sèche linge, plier le linge', '', '1', 1, 15000, NULL, NULL),
(426, 20, 'Sortir les poubelles', 'Ne pas oublier de les rentrer après le passage du camion poubelles', '3', 1, 16000, NULL, NULL),
(427, 20, 'Jeter les verres', '', '3', 1, 17000, NULL, NULL),
(428, 20, 'Scotcher les cartons ensemble', '', '2', 1, 18000, NULL, NULL),
(429, 20, 'Faire un maximum de reminder et avancer ceux qui sont dans 1, 2, 3 ou même 4 jours', '', '1', 1, 19000, NULL, NULL),
(430, 20, 'Faire la vaisselle, nettoyer et préparer tous les plateaux', '', '2', 1, 20000, NULL, NULL),
(431, 20, 'Nettoyer le sous sol', 'Désinfecter les plans de travail, vider le lave vaisselle et le désinfecter, passer le balai, passer la serpillère', '1', 1, 21000, NULL, NULL),
(432, 20, 'Vérifier que clim etage en route si nécessaire.', '', '1', 0, 22000, NULL, NULL),
(433, 20, 'Vérifier que les panneaux mis le matin en vitrine enlevés', '', '2', 0, 23000, NULL, NULL),
(434, 20, 'Vérifier qu''il y a au minimum une cuve remplie de cheese en semaine et deux le week-end. ', 'La cuisine laisse un ou deux seaux d''avance de fromage déjà préparé en CF.\r\nEn semaine, avoir une cuve pleine à l''interservice, et le week-end, deux cuves pleines. Verser les seaux de cheese dans la/les cuves, verser un peu de lait de soja puis remuer très régulièrement.  ', '2', 1, 5100, NULL, NULL),
(435, 20, 'BRANCHER LES GUIRLANDES LUMINEUSES RDC ET ETAGE', '', '1', 0, 21100, NULL, NULL),
(436, 21, 'Vérifier stock steaks+toppings+sauces+potatoes+desserts', 'avoir en réserve (en plus des gastros et bibs presque pleins dans la saladette, si moins des deux tiers, faire comme s’il était vide pour le décompte)\r\n', '3', 1, 1000, NULL, NULL),
(437, 21, 'Faire des desserts si besoin', 'carrot cake \r\ncookies\r\nDesserts du jour ', '2', 1, 2000, NULL, NULL),
(438, 21, 'Mettre potatoes à décongeler', '', '3', 1, 3000, NULL, NULL),
(439, 21, 'FIFO + couper pains ', 'Réorganiser les boites, les plus anciennes devant, controler les etiquettes.\nCouper tous les pains et remonter le nombre de caisse nécessaire pour que toutes les boîtes soient remplies', '1', 1, 4000, NULL, NULL),
(440, 21, 'Checker les distributeurs à sauce et les remplir si besoin', 'ketchup et vegannaise : minimum les 2 tiers, \r\nmoutarde : minimum la moitié\r\nremplir les pots en verre pour les sauces à emporter', '2', 1, 5000, NULL, NULL),
(441, 21, 'Vérifier le stock des emballages', 'potatoes, burgers, serviettes, sacs VAE, fourchettes, cuillères, gobelets et couvercles à thé, café, eau ', '2', 1, 6000, NULL, NULL),
(442, 21, 'Remplir le frigo boisson régulièrement \n', '', '2', 1, 7000, NULL, NULL),
(443, 21, 'Nettoyer le poste burger', 'Gratter la plaque, ramasser les miettes, passer le balai, nettoyer la vitre si besoin, nettoyer l’étagère des sauces et steaks sans gluten si besoin, nettoyer les côtés en inox si besoin, recharger en emballages burger', '3', 1, 8000, NULL, NULL),
(444, 21, 'Nettoyer les tables', 'Etage, RDC', '3', 1, 9000, NULL, NULL),
(445, 21, 'Passer le balai partout : 1er étage, RDC, derrière le comptoir, dans les toilettes, et dans la réserve \n', '', '3', 1, 10000, NULL, NULL),
(447, 21, 'Nettoyer le lavabo client, le miroir client et la vitre du frigo boisson', '\n', '2', 1, 12000, NULL, NULL),
(448, 21, 'Nettoyer les toilettes (cuvette, miroir, toiles d’araignées, trou)\r\nVérifier stock essuie mains et papier toilette', '', '3', 1, 13000, NULL, NULL),
(450, 21, 'Lancer machine à laver le linge, sèche linge, plier le linge', '', '1', 1, 15000, NULL, NULL),
(451, 21, 'Sortir les poubelles si besoin', '', '3', 1, 16000, NULL, NULL),
(452, 21, 'Jeter les verres si possible', '', '3', 1, 17000, NULL, NULL),
(454, 21, 'Faire un maximum de reminder et avancer ceux qui sont dans 1, 2, 3 ou même 4 jours', '', '1', 0, 19000, NULL, NULL),
(455, 21, 'Faire la vaisselle, nettoyer et préparer tous les plateaux', '', '2', 1, 20000, NULL, NULL),
(456, 21, 'Nettoyer le sous sol', 'Désinfecter les plans de travail, vider le lave vaisselle et le désinfecter, passer le balai', '1', 1, 21000, NULL, NULL),
(457, 21, 'Vérifier que les clim sont en route si nécessaire.', '', '1', 1, 22000, NULL, NULL),
(459, 21, 'Vérifier qu''il y a au minimum une cuve remplie de cheese en semaine et deux le week-end. ', 'La cuisine laisse un ou deux seaux d''avance de fromage déjà préparé en CF.\r\nEn semaine, avoir une cuve pleine à l''interservice, et le week-end, deux cuves pleines. Verser les seaux de cheese dans la/les cuves, verser un peu de lait de soja puis remuer très régulièrement.  ', '2', 1, 5100, NULL, NULL),
(461, 8, 'HIVER Allumer le chauffage RDC + ETAGE', 'Les télécommandes se trouvent en salle staff pour l''étage, et dans le placard électrique au RDC. Bien les remettre à leurs places. ', '3', 1, 9999, NULL, NULL),
(462, 4, 'Comptabiliser les pertes emballages + nourriture et remplir la fiche perte. ', 'Compter les emballages situés dans le seau sous l''évier, et la nourriture située dans le seau sous le poste burger. Remplir la fiche perte se trouvant dans le trieur bleu. Vider les seaux. ', '2', 1, 12100, NULL, NULL),
(463, 11, 'Comptabiliser les pertes emballages + nourriture et remplir la fiche perte. ', 'Compter les emballages situés dans le seau sous l''évier et la nourriture située dans le seau sous le poste burger et remplir la fiche perte. Vider les seaux. ', '2', 1, 11000, NULL, NULL),
(464, 16, 'Mettre le menu extérieur + la terrasse en place + vérifier la propreté de la terrasse et de l’entrée, passer le balai et jeter un seau d’eau avec du produit qui sent bon', '', '1', 1, 2930, NULL, NULL),
(465, 16, 'Transfèrer le linge de la machine à laver dans le sèche linge et je le met en route ', 'à chaque utilisation enlever les peluches du filtre et vider le réservoir d''eau (celui situé dans la prtie haute du sèche linge) - quand je mets du linge sale dans la machine à laver je pense à retirer tout ce qui pourrait être dans les poches', '3', 1, 180, NULL, NULL),
(466, 18, 'Fermer bureau + salle staff', '', '1', 1, 1950, NULL, NULL),
(468, 16, 'Vérifier la musique', 'Vérifier ampli si éteinte', '3', 1, 2950, NULL, NULL),
(469, 17, 'Rentrer menu extérieur + terrasse', '', '3', 1, 21500, NULL, NULL),
(470, 16, 'Fermer bureau + salle staff', '', '3', 1, 2920, NULL, NULL);

-- --------------------------------------------------------

--
-- Table structure for table `ci_sessions`
--

CREATE TABLE IF NOT EXISTS `ci_sessions` (
  `session_id` varchar(40) NOT NULL DEFAULT '0',
  `ip_address` varchar(16) NOT NULL DEFAULT '0',
  `user_agent` varchar(120) DEFAULT NULL,
  `last_activity` int(10) unsigned NOT NULL DEFAULT '0',
  `user_data` text NOT NULL,
  PRIMARY KEY (`session_id`),
  KEY `last_activity` (`last_activity`)
) ENGINE=InnoDB DEFAULT CHARSET=latin1;

-- --------------------------------------------------------

--
-- Table structure for table `customers`
--

CREATE TABLE IF NOT EXISTS `customers` (
  `id` int(6) NOT NULL AUTO_INCREMENT,
  `hotspot_id` int(11) DEFAULT NULL,
  `email` varchar(30) NOT NULL,
  `clientIP` varchar(50) NOT NULL,
  `clientUserAgent` text NOT NULL,
  `clientMac` varchar(50) NOT NULL,
  `optout` tinyint(1) NOT NULL DEFAULT '1',
  `date` datetime NOT NULL,
  `id_bu` int(11) DEFAULT NULL,
  PRIMARY KEY (`id`),
  UNIQUE KEY `id` (`id`)
) ENGINE=InnoDB  DEFAULT CHARSET=latin1 AUTO_INCREMENT=19095 ;

-- --------------------------------------------------------

--
-- Table structure for table `discount`
--

CREATE TABLE IF NOT EXISTS `discount` (
  `id` int(11) NOT NULL AUTO_INCREMENT,
  `nature` text COLLATE utf8_unicode_ci NOT NULL,
  `client` text COLLATE utf8_unicode_ci NOT NULL,
  `reason` text COLLATE utf8_unicode_ci NOT NULL,
  `id_user` int(11) unsigned DEFAULT NULL,
  `date` datetime NOT NULL,
  `deleted` tinyint(4) NOT NULL,
  `id_bu` int(11) DEFAULT NULL,
  `used` tinyint(1) NOT NULL,
  `persistent` tinyint(1) NOT NULL DEFAULT '0',
  PRIMARY KEY (`id`),
  KEY `id_user` (`id_user`),
  KEY `id_bu` (`id_bu`)
) ENGINE=InnoDB DEFAULT CHARSET=utf8 COLLATE=utf8_unicode_ci AUTO_INCREMENT=1 ;

-- --------------------------------------------------------

--
-- Table structure for table `discount_log`
--

CREATE TABLE IF NOT EXISTS `discount_log` (
  `id` int(11) NOT NULL AUTO_INCREMENT,
  `id_discount` int(11) NOT NULL,
  `nature` text COLLATE utf8_unicode_ci NOT NULL,
  `client` text COLLATE utf8_unicode_ci NOT NULL,
  `reason` text COLLATE utf8_unicode_ci NOT NULL,
  `id_user` int(11) NOT NULL,
  `event_type` enum('create','update') COLLATE utf8_unicode_ci NOT NULL DEFAULT 'create',
  `date` datetime NOT NULL,
  `deleted` tinyint(4) NOT NULL,
  `id_bu` int(11) NOT NULL,
  `used` tinyint(1) NOT NULL,
  PRIMARY KEY (`id`)
) ENGINE=InnoDB DEFAULT CHARSET=utf8 COLLATE=utf8_unicode_ci AUTO_INCREMENT=1 ;

-- --------------------------------------------------------

--
-- Table structure for table `groups`
--

CREATE TABLE IF NOT EXISTS `groups` (
  `id` mediumint(8) unsigned NOT NULL AUTO_INCREMENT,
  `name` varchar(20) CHARACTER SET utf8 COLLATE utf8_unicode_ci NOT NULL,
  `description` varchar(100) CHARACTER SET utf8 COLLATE utf8_unicode_ci NOT NULL,
  `level` int(11) NOT NULL,
  PRIMARY KEY (`id`)
) ENGINE=InnoDB  DEFAULT CHARSET=utf8 AUTO_INCREMENT=8 ;

--
-- Dumping data for table `groups`
--

INSERT INTO `groups` (`id`, `name`, `description`, `level`) VALUES
(1, 'Admin', 'Administrator', 10),
(2, 'Staff', 'Staff', 0),
(3, 'Assistant_manager', 'Assistant_manager', 1),
(4, 'Manager', 'Manager', 2),
(5, 'Extra', 'extra', 0),
(6, 'Director', 'Director', 3),
(7, 'Desk', 'Desk', 2);

-- --------------------------------------------------------

--
-- Table structure for table `groups_permissions`
--

CREATE TABLE IF NOT EXISTS `groups_permissions` (
  `id` int(11) NOT NULL AUTO_INCREMENT,
  `group_id` int(11) DEFAULT NULL,
  `perm_id` int(11) NOT NULL,
  `value` tinyint(4) DEFAULT '0',
  `created_at` int(11) NOT NULL,
  `updated_at` int(11) NOT NULL,
  PRIMARY KEY (`id`),
  UNIQUE KEY `roleID_2` (`group_id`,`perm_id`)
) ENGINE=InnoDB  DEFAULT CHARSET=latin1 AUTO_INCREMENT=2926 ;

--
-- Dumping data for table `groups_permissions`
--

INSERT INTO `groups_permissions` (`id`, `group_id`, `perm_id`, `value`, `created_at`, `updated_at`) VALUES
(215, 1, 51, 1, 1514389986, 1514389986),
(562, 4, 51, 1, 1514971201, 1514971201),
(648, 1, 31, 1, 1514974766, 1514974766),
(778, 4, 31, 1, 1514974919, 1514974919),
(1569, 5, 37, 0, 1514987764, 1514987764),
(1570, 5, 41, 0, 1514987764, 1514987764),
(1571, 5, 36, 0, 1514987764, 1514987764),
(1572, 5, 35, 0, 1514987764, 1514987764),
(1573, 5, 28, 0, 1514987764, 1514987764),
(1574, 5, 6, 0, 1514987764, 1514987764),
(1575, 5, 32, 0, 1514987764, 1514987764),
(1576, 5, 30, 0, 1514987764, 1514987764),
(1577, 5, 22, 0, 1514987764, 1514987764),
(1578, 5, 21, 0, 1514987764, 1514987764),
(1579, 5, 55, 0, 1514987764, 1514987764),
(1580, 5, 73, 0, 1514987764, 1514987764),
(1581, 5, 53, 0, 1514987764, 1514987764),
(1582, 5, 40, 0, 1514987764, 1514987764),
(1583, 5, 54, 0, 1514987764, 1514987764),
(1584, 5, 44, 0, 1514987764, 1514987764),
(1585, 5, 34, 0, 1514987764, 1514987764),
(1586, 5, 33, 0, 1514987764, 1514987764),
(1587, 5, 19, 0, 1514987764, 1514987764),
(1588, 5, 11, 0, 1514987764, 1514987764),
(1589, 5, 12, 0, 1514987764, 1514987764),
(1590, 5, 52, 0, 1514987764, 1514987764),
(1591, 5, 18, 0, 1514987764, 1514987764),
(1592, 5, 15, 0, 1514987764, 1514987764),
(1593, 5, 13, 0, 1514987764, 1514987764),
(1594, 5, 23, 0, 1514987764, 1514987764),
(1595, 5, 14, 0, 1514987764, 1514987764),
(1596, 5, 9, 0, 1514987764, 1514987764),
(1597, 5, 8, 0, 1514987764, 1514987764),
(1598, 5, 20, 0, 1514987764, 1514987764),
(1599, 5, 27, 0, 1514987764, 1514987764),
(1600, 5, 17, 0, 1514987764, 1514987764),
(1601, 5, 16, 0, 1514987764, 1514987764),
(1602, 5, 26, 0, 1514987764, 1514987764),
(1603, 5, 24, 0, 1514987764, 1514987764),
(1604, 5, 10, 0, 1514987764, 1514987764),
(1605, 5, 25, 0, 1514987764, 1514987764),
(1606, 5, 7, 0, 1514987764, 1514987764),
(1607, 5, 47, 0, 1514987764, 1514987764),
(1608, 5, 29, 0, 1514987764, 1514987764),
(1609, 5, 1, 0, 1514987764, 1514987764),
(1610, 5, 49, 0, 1514987764, 1514987764),
(1611, 5, 62, 0, 1514987764, 1514987764),
(1612, 5, 58, 0, 1514987764, 1514987764),
(1613, 5, 59, 0, 1514987764, 1514987764),
(1614, 5, 63, 0, 1514987764, 1514987764),
(1615, 5, 66, 0, 1514987764, 1514987764),
(1616, 5, 65, 0, 1514987764, 1514987764),
(1617, 5, 64, 0, 1514987764, 1514987764),
(1618, 5, 69, 0, 1514987764, 1514987764),
(1619, 5, 68, 0, 1514987764, 1514987764),
(1620, 5, 67, 0, 1514987764, 1514987764),
(1621, 5, 71, 0, 1514987764, 1514987764),
(1622, 5, 70, 0, 1514987764, 1514987764),
(1623, 5, 60, 0, 1514987764, 1514987764),
(1624, 5, 61, 0, 1514987764, 1514987764),
(1625, 5, 72, 0, 1514987764, 1514987764),
(1626, 5, 50, 0, 1514987764, 1514987764),
(1627, 5, 48, 0, 1514987764, 1514987764),
(1628, 5, 56, 0, 1514987764, 1514987764),
(1629, 5, 57, 0, 1514987764, 1514987764),
(1630, 5, 46, 0, 1514987764, 1514987764),
(1631, 5, 42, 0, 1514987764, 1514987764),
(1632, 5, 45, 0, 1514987764, 1514987764),
(1633, 5, 43, 0, 1514987764, 1514987764),
(1688, 7, 28, 1, 1514987784, 1514987784),
(1690, 7, 32, 1, 1514987784, 1514987784),
(1930, 1, 28, 1, 1519631455, 1519631455),
(1932, 1, 32, 1, 1519631455, 1519631455),
(1992, 2, 37, 0, 1519766107, 1519766107),
(1993, 2, 41, 1, 1519766107, 1519766107),
(1994, 2, 36, 0, 1519766107, 1519766107),
(1995, 2, 35, 0, 1519766107, 1519766107),
(1996, 2, 28, 0, 1519766107, 1519766107),
(1997, 2, 6, 0, 1519766107, 1519766107),
(1998, 2, 32, 0, 1519766107, 1519766107),
(1999, 2, 30, 0, 1519766107, 1519766107),
(2000, 2, 22, 0, 1519766107, 1519766107),
(2001, 2, 21, 0, 1519766107, 1519766107),
(2002, 2, 55, 0, 1519766107, 1519766107),
(2003, 2, 73, 0, 1519766107, 1519766107),
(2004, 2, 53, 0, 1519766107, 1519766107),
(2005, 2, 40, 0, 1519766107, 1519766107),
(2006, 2, 54, 1, 1519766107, 1519766107),
(2007, 2, 44, 1, 1519766107, 1519766107),
(2008, 2, 34, 0, 1519766107, 1519766107),
(2009, 2, 33, 0, 1519766107, 1519766107),
(2010, 2, 19, 0, 1519766107, 1519766107),
(2011, 2, 11, 0, 1519766107, 1519766107),
(2012, 2, 12, 0, 1519766107, 1519766107),
(2013, 2, 52, 0, 1519766107, 1519766107),
(2014, 2, 18, 0, 1519766107, 1519766107),
(2015, 2, 15, 0, 1519766107, 1519766107),
(2016, 2, 13, 0, 1519766107, 1519766107),
(2017, 2, 23, 0, 1519766107, 1519766107),
(2018, 2, 14, 0, 1519766107, 1519766107),
(2019, 2, 9, 0, 1519766107, 1519766107),
(2020, 2, 8, 1, 1519766107, 1519766107),
(2021, 2, 20, 0, 1519766107, 1519766107),
(2022, 2, 27, 0, 1519766107, 1519766107),
(2023, 2, 17, 0, 1519766107, 1519766107),
(2024, 2, 16, 0, 1519766107, 1519766107),
(2025, 2, 26, 0, 1519766107, 1519766107),
(2026, 2, 24, 0, 1519766107, 1519766107),
(2027, 2, 10, 1, 1519766107, 1519766107),
(2028, 2, 25, 1, 1519766107, 1519766107),
(2029, 2, 7, 1, 1519766107, 1519766107),
(2030, 2, 74, 0, 1519766107, 1519766107),
(2031, 2, 47, 0, 1519766107, 1519766107),
(2032, 2, 29, 0, 1519766107, 1519766107),
(2033, 2, 1, 0, 1519766107, 1519766107),
(2034, 2, 49, 0, 1519766107, 1519766107),
(2035, 2, 62, 0, 1519766107, 1519766107),
(2036, 2, 58, 0, 1519766107, 1519766107),
(2037, 2, 59, 0, 1519766107, 1519766107),
(2038, 2, 63, 0, 1519766107, 1519766107),
(2039, 2, 66, 0, 1519766107, 1519766107),
(2040, 2, 65, 0, 1519766107, 1519766107),
(2041, 2, 64, 0, 1519766107, 1519766107),
(2042, 2, 69, 0, 1519766107, 1519766107),
(2043, 2, 68, 0, 1519766107, 1519766107),
(2044, 2, 67, 0, 1519766107, 1519766107),
(2045, 2, 71, 0, 1519766107, 1519766107),
(2046, 2, 70, 0, 1519766107, 1519766107),
(2047, 2, 60, 0, 1519766107, 1519766107),
(2048, 2, 61, 0, 1519766107, 1519766107),
(2049, 2, 72, 0, 1519766107, 1519766107),
(2050, 2, 50, 0, 1519766107, 1519766107),
(2051, 2, 48, 0, 1519766107, 1519766107),
(2052, 2, 56, 0, 1519766107, 1519766107),
(2053, 2, 57, 0, 1519766107, 1519766107),
(2054, 2, 46, 0, 1519766107, 1519766107),
(2055, 2, 42, 1, 1519766107, 1519766107),
(2056, 2, 45, 1, 1519766107, 1519766107),
(2057, 2, 43, 0, 1519766107, 1519766107),
(2062, 6, 28, 1, 1519766309, 1519766309),
(2064, 6, 32, 1, 1519766309, 1519766309),
(2126, 4, 28, 1, 1519766355, 1519766355),
(2128, 4, 32, 1, 1519766355, 1519766355),
(2254, 3, 37, 0, 1519766939, 1519766939),
(2255, 3, 41, 1, 1519766939, 1519766939),
(2256, 3, 36, 1, 1519766939, 1519766939),
(2257, 3, 35, 0, 1519766939, 1519766939),
(2258, 3, 28, 0, 1519766939, 1519766939),
(2259, 3, 6, 0, 1519766939, 1519766939),
(2260, 3, 32, 0, 1519766939, 1519766939),
(2261, 3, 30, 0, 1519766939, 1519766939),
(2262, 3, 22, 0, 1519766939, 1519766939),
(2263, 3, 21, 0, 1519766939, 1519766939),
(2264, 3, 55, 0, 1519766939, 1519766939),
(2265, 3, 73, 1, 1519766939, 1519766939),
(2266, 3, 53, 0, 1519766939, 1519766939),
(2267, 3, 40, 0, 1519766939, 1519766939),
(2268, 3, 54, 1, 1519766939, 1519766939),
(2269, 3, 44, 1, 1519766939, 1519766939),
(2270, 3, 34, 1, 1519766939, 1519766939),
(2271, 3, 33, 1, 1519766939, 1519766939),
(2272, 3, 19, 0, 1519766939, 1519766939),
(2273, 3, 11, 1, 1519766939, 1519766939),
(2274, 3, 12, 0, 1519766939, 1519766939),
(2275, 3, 52, 0, 1519766939, 1519766939),
(2276, 3, 18, 0, 1519766939, 1519766939),
(2277, 3, 15, 0, 1519766939, 1519766939),
(2278, 3, 13, 0, 1519766939, 1519766939),
(2279, 3, 23, 0, 1519766939, 1519766939),
(2280, 3, 14, 0, 1519766939, 1519766939),
(2281, 3, 9, 0, 1519766939, 1519766939),
(2282, 3, 8, 1, 1519766939, 1519766939),
(2283, 3, 20, 0, 1519766939, 1519766939),
(2284, 3, 27, 0, 1519766939, 1519766939),
(2285, 3, 17, 1, 1519766939, 1519766939),
(2286, 3, 16, 0, 1519766939, 1519766939),
(2287, 3, 26, 0, 1519766939, 1519766939),
(2288, 3, 24, 0, 1519766939, 1519766939),
(2289, 3, 10, 1, 1519766939, 1519766939),
(2290, 3, 25, 1, 1519766939, 1519766939),
(2291, 3, 7, 1, 1519766939, 1519766939),
(2292, 3, 74, 0, 1519766939, 1519766939),
(2293, 3, 47, 0, 1519766939, 1519766939),
(2294, 3, 29, 0, 1519766939, 1519766939),
(2295, 3, 1, 0, 1519766939, 1519766939),
(2296, 3, 49, 0, 1519766939, 1519766939),
(2297, 3, 62, 0, 1519766939, 1519766939),
(2298, 3, 58, 0, 1519766939, 1519766939),
(2299, 3, 59, 0, 1519766939, 1519766939),
(2300, 3, 63, 0, 1519766939, 1519766939),
(2301, 3, 66, 0, 1519766939, 1519766939),
(2302, 3, 65, 0, 1519766939, 1519766939),
(2303, 3, 64, 0, 1519766939, 1519766939),
(2304, 3, 69, 0, 1519766939, 1519766939),
(2305, 3, 68, 0, 1519766939, 1519766939),
(2306, 3, 67, 0, 1519766939, 1519766939),
(2307, 3, 71, 0, 1519766939, 1519766939),
(2308, 3, 70, 0, 1519766939, 1519766939),
(2309, 3, 60, 0, 1519766939, 1519766939),
(2310, 3, 61, 0, 1519766939, 1519766939),
(2311, 3, 72, 0, 1519766939, 1519766939),
(2312, 3, 50, 0, 1519766939, 1519766939),
(2313, 3, 48, 0, 1519766939, 1519766939),
(2314, 3, 56, 0, 1519766939, 1519766939),
(2315, 3, 57, 0, 1519766939, 1519766939),
(2316, 3, 46, 1, 1519766939, 1519766939),
(2317, 3, 42, 1, 1519766939, 1519766939),
(2318, 3, 45, 1, 1519766939, 1519766939),
(2319, 3, 43, 0, 1519766939, 1519766939),
(2603, 7, 37, 0, 1520074480, 1520074480),
(2604, 7, 41, 1, 1520074480, 1520074480),
(2605, 7, 36, 1, 1520074480, 1520074480),
(2606, 7, 35, 1, 1520074480, 1520074480),
(2607, 7, 75, 1, 1520074480, 1520074480),
(2608, 7, 6, 0, 1520074480, 1520074480),
(2609, 7, 30, 0, 1520074480, 1520074480),
(2610, 7, 22, 0, 1520074480, 1520074480),
(2611, 7, 21, 0, 1520074480, 1520074480),
(2612, 7, 55, 0, 1520074480, 1520074480),
(2613, 7, 73, 0, 1520074480, 1520074480),
(2614, 7, 53, 0, 1520074480, 1520074480),
(2615, 7, 40, 0, 1520074480, 1520074480),
(2616, 7, 54, 0, 1520074480, 1520074480),
(2617, 7, 44, 1, 1520074480, 1520074480),
(2618, 7, 34, 1, 1520074480, 1520074480),
(2619, 7, 33, 1, 1520074480, 1520074480),
(2620, 7, 19, 0, 1520074480, 1520074480),
(2621, 7, 11, 1, 1520074480, 1520074480),
(2622, 7, 12, 1, 1520074480, 1520074480),
(2623, 7, 52, 0, 1520074480, 1520074480),
(2624, 7, 18, 0, 1520074480, 1520074480),
(2625, 7, 15, 1, 1520074480, 1520074480),
(2626, 7, 13, 1, 1520074480, 1520074480),
(2627, 7, 23, 0, 1520074480, 1520074480),
(2628, 7, 14, 0, 1520074480, 1520074480),
(2629, 7, 9, 1, 1520074480, 1520074480),
(2630, 7, 8, 1, 1520074480, 1520074480),
(2631, 7, 20, 0, 1520074480, 1520074480),
(2632, 7, 27, 1, 1520074480, 1520074480),
(2633, 7, 17, 1, 1520074480, 1520074480),
(2634, 7, 16, 0, 1520074480, 1520074480),
(2635, 7, 26, 1, 1520074480, 1520074480),
(2636, 7, 24, 1, 1520074480, 1520074480),
(2637, 7, 10, 1, 1520074480, 1520074480),
(2638, 7, 25, 1, 1520074480, 1520074480),
(2639, 7, 7, 1, 1520074480, 1520074480),
(2640, 7, 74, 0, 1520074480, 1520074480),
(2641, 7, 47, 0, 1520074480, 1520074480),
(2642, 7, 29, 0, 1520074480, 1520074480),
(2643, 7, 1, 0, 1520074480, 1520074480),
(2644, 7, 49, 1, 1520074480, 1520074480),
(2645, 7, 62, 0, 1520074480, 1520074480),
(2646, 7, 58, 0, 1520074480, 1520074480),
(2647, 7, 59, 0, 1520074480, 1520074480),
(2648, 7, 63, 0, 1520074480, 1520074480),
(2649, 7, 66, 0, 1520074480, 1520074480),
(2650, 7, 65, 0, 1520074480, 1520074480),
(2651, 7, 64, 0, 1520074480, 1520074480),
(2652, 7, 69, 0, 1520074480, 1520074480),
(2653, 7, 68, 0, 1520074480, 1520074480),
(2654, 7, 67, 0, 1520074480, 1520074480),
(2655, 7, 71, 0, 1520074480, 1520074480),
(2656, 7, 70, 0, 1520074480, 1520074480),
(2657, 7, 60, 0, 1520074480, 1520074480),
(2658, 7, 61, 0, 1520074480, 1520074480),
(2659, 7, 72, 0, 1520074480, 1520074480),
(2660, 7, 50, 0, 1520074480, 1520074480),
(2661, 7, 48, 0, 1520074480, 1520074480),
(2662, 7, 56, 0, 1520074480, 1520074480),
(2663, 7, 57, 0, 1520074480, 1520074480),
(2664, 7, 46, 1, 1520074480, 1520074480),
(2665, 7, 42, 1, 1520074480, 1520074480),
(2666, 7, 45, 0, 1520074480, 1520074480),
(2667, 7, 43, 1, 1520074480, 1520074480),
(2732, 1, 37, 1, 1523177696, 1523177696),
(2733, 1, 41, 1, 1523177696, 1523177696),
(2734, 1, 36, 1, 1523177696, 1523177696),
(2735, 1, 35, 1, 1523177696, 1523177696),
(2736, 1, 75, 1, 1523177696, 1523177696),
(2737, 1, 76, 1, 1523177696, 1523177696),
(2738, 1, 6, 1, 1523177696, 1523177696),
(2739, 1, 30, 1, 1523177696, 1523177696),
(2740, 1, 22, 1, 1523177696, 1523177696),
(2741, 1, 21, 1, 1523177696, 1523177696),
(2742, 1, 55, 1, 1523177696, 1523177696),
(2743, 1, 73, 1, 1523177696, 1523177696),
(2744, 1, 53, 1, 1523177696, 1523177696),
(2745, 1, 40, 1, 1523177696, 1523177696),
(2746, 1, 54, 1, 1523177696, 1523177696),
(2747, 1, 44, 1, 1523177696, 1523177696),
(2748, 1, 34, 1, 1523177696, 1523177696),
(2749, 1, 33, 1, 1523177696, 1523177696),
(2750, 1, 19, 1, 1523177696, 1523177696),
(2751, 1, 11, 1, 1523177696, 1523177696),
(2752, 1, 12, 1, 1523177696, 1523177696),
(2753, 1, 52, 1, 1523177696, 1523177696),
(2754, 1, 18, 1, 1523177696, 1523177696),
(2755, 1, 15, 1, 1523177696, 1523177696),
(2756, 1, 13, 1, 1523177696, 1523177696),
(2757, 1, 23, 1, 1523177696, 1523177696),
(2758, 1, 14, 1, 1523177696, 1523177696),
(2759, 1, 9, 1, 1523177696, 1523177696),
(2760, 1, 8, 1, 1523177696, 1523177696),
(2761, 1, 20, 1, 1523177696, 1523177696),
(2762, 1, 27, 1, 1523177696, 1523177696),
(2763, 1, 17, 1, 1523177696, 1523177696),
(2764, 1, 16, 1, 1523177696, 1523177696),
(2765, 1, 26, 1, 1523177696, 1523177696),
(2766, 1, 24, 1, 1523177696, 1523177696),
(2767, 1, 10, 1, 1523177696, 1523177696),
(2768, 1, 25, 1, 1523177696, 1523177696),
(2769, 1, 7, 1, 1523177696, 1523177696),
(2770, 1, 74, 1, 1523177696, 1523177696),
(2771, 1, 47, 1, 1523177696, 1523177696),
(2772, 1, 29, 1, 1523177696, 1523177696),
(2773, 1, 1, 1, 1523177696, 1523177696),
(2774, 1, 49, 1, 1523177696, 1523177696),
(2775, 1, 62, 1, 1523177696, 1523177696),
(2776, 1, 58, 1, 1523177696, 1523177696),
(2777, 1, 59, 1, 1523177696, 1523177696),
(2778, 1, 63, 1, 1523177696, 1523177696),
(2779, 1, 66, 1, 1523177696, 1523177696),
(2780, 1, 65, 1, 1523177696, 1523177696),
(2781, 1, 64, 1, 1523177696, 1523177696),
(2782, 1, 69, 1, 1523177696, 1523177696),
(2783, 1, 68, 1, 1523177696, 1523177696),
(2784, 1, 67, 1, 1523177696, 1523177696),
(2785, 1, 71, 1, 1523177696, 1523177696),
(2786, 1, 70, 1, 1523177696, 1523177696),
(2787, 1, 60, 1, 1523177696, 1523177696),
(2788, 1, 61, 1, 1523177696, 1523177696),
(2789, 1, 72, 1, 1523177696, 1523177696),
(2790, 1, 50, 1, 1523177696, 1523177696),
(2791, 1, 48, 1, 1523177696, 1523177696),
(2792, 1, 56, 1, 1523177696, 1523177696),
(2793, 1, 57, 1, 1523177696, 1523177696),
(2794, 1, 46, 1, 1523177696, 1523177696),
(2795, 1, 42, 1, 1523177696, 1523177696),
(2796, 1, 45, 1, 1523177696, 1523177696),
(2797, 1, 43, 1, 1523177696, 1523177696),
(2798, 6, 37, 1, 1523177708, 1523177708),
(2799, 6, 41, 1, 1523177708, 1523177708),
(2800, 6, 36, 1, 1523177708, 1523177708),
(2801, 6, 35, 1, 1523177708, 1523177708),
(2802, 6, 75, 1, 1523177708, 1523177708),
(2803, 6, 76, 1, 1523177708, 1523177708),
(2804, 6, 6, 1, 1523177708, 1523177708),
(2805, 6, 30, 1, 1523177708, 1523177708),
(2806, 6, 22, 1, 1523177708, 1523177708),
(2807, 6, 21, 1, 1523177708, 1523177708),
(2808, 6, 55, 1, 1523177708, 1523177708),
(2809, 6, 73, 1, 1523177708, 1523177708),
(2810, 6, 53, 1, 1523177708, 1523177708),
(2811, 6, 40, 1, 1523177708, 1523177708),
(2812, 6, 54, 1, 1523177708, 1523177708),
(2813, 6, 44, 1, 1523177708, 1523177708),
(2814, 6, 34, 1, 1523177708, 1523177708),
(2815, 6, 33, 1, 1523177708, 1523177708),
(2816, 6, 19, 1, 1523177708, 1523177708),
(2817, 6, 11, 1, 1523177708, 1523177708),
(2818, 6, 12, 1, 1523177708, 1523177708),
(2819, 6, 52, 1, 1523177708, 1523177708),
(2820, 6, 18, 0, 1523177708, 1523177708),
(2821, 6, 15, 1, 1523177708, 1523177708),
(2822, 6, 13, 1, 1523177708, 1523177708),
(2823, 6, 23, 0, 1523177708, 1523177708),
(2824, 6, 14, 0, 1523177708, 1523177708),
(2825, 6, 9, 1, 1523177708, 1523177708),
(2826, 6, 8, 1, 1523177708, 1523177708),
(2827, 6, 20, 0, 1523177708, 1523177708),
(2828, 6, 27, 1, 1523177708, 1523177708),
(2829, 6, 17, 1, 1523177708, 1523177708),
(2830, 6, 16, 0, 1523177708, 1523177708),
(2831, 6, 26, 1, 1523177708, 1523177708),
(2832, 6, 24, 1, 1523177708, 1523177708),
(2833, 6, 10, 1, 1523177708, 1523177708),
(2834, 6, 25, 1, 1523177708, 1523177708),
(2835, 6, 7, 1, 1523177708, 1523177708),
(2836, 6, 74, 0, 1523177708, 1523177708),
(2837, 6, 47, 1, 1523177708, 1523177708),
(2838, 6, 29, 1, 1523177708, 1523177708),
(2839, 6, 1, 0, 1523177708, 1523177708),
(2840, 6, 49, 1, 1523177708, 1523177708),
(2841, 6, 59, 0, 1523177708, 1523177708),
(2842, 6, 63, 0, 1523177708, 1523177708),
(2843, 6, 66, 0, 1523177708, 1523177708),
(2844, 6, 65, 0, 1523177708, 1523177708),
(2845, 6, 64, 0, 1523177708, 1523177708),
(2846, 6, 69, 0, 1523177708, 1523177708),
(2847, 6, 68, 0, 1523177708, 1523177708),
(2848, 6, 67, 0, 1523177708, 1523177708),
(2849, 6, 71, 0, 1523177708, 1523177708),
(2850, 6, 70, 0, 1523177708, 1523177708),
(2851, 6, 60, 0, 1523177708, 1523177708),
(2852, 6, 61, 0, 1523177708, 1523177708),
(2853, 6, 72, 0, 1523177708, 1523177708),
(2854, 6, 50, 1, 1523177708, 1523177708),
(2855, 6, 48, 1, 1523177708, 1523177708),
(2856, 6, 56, 1, 1523177708, 1523177708),
(2857, 6, 57, 0, 1523177708, 1523177708),
(2858, 6, 46, 1, 1523177708, 1523177708),
(2859, 6, 42, 1, 1523177708, 1523177708),
(2860, 6, 45, 1, 1523177708, 1523177708),
(2861, 6, 43, 1, 1523177708, 1523177708),
(2862, 4, 37, 0, 1523965628, 1523965628),
(2863, 4, 41, 1, 1523965628, 1523965628),
(2864, 4, 36, 1, 1523965628, 1523965628),
(2865, 4, 35, 1, 1523965628, 1523965628),
(2866, 4, 6, 1, 1523965628, 1523965628),
(2867, 4, 30, 1, 1523965628, 1523965628),
(2868, 4, 22, 1, 1523965628, 1523965628),
(2869, 4, 21, 0, 1523965628, 1523965628),
(2870, 4, 55, 0, 1523965628, 1523965628),
(2871, 4, 73, 1, 1523965628, 1523965628),
(2872, 4, 53, 1, 1523965628, 1523965628),
(2873, 4, 40, 1, 1523965628, 1523965628),
(2874, 4, 54, 1, 1523965628, 1523965628),
(2875, 4, 44, 1, 1523965628, 1523965628),
(2876, 4, 34, 1, 1523965628, 1523965628),
(2877, 4, 33, 1, 1523965628, 1523965628),
(2878, 4, 19, 0, 1523965628, 1523965628),
(2879, 4, 11, 1, 1523965628, 1523965628),
(2880, 4, 12, 1, 1523965628, 1523965628),
(2881, 4, 52, 0, 1523965628, 1523965628),
(2882, 4, 18, 0, 1523965628, 1523965628),
(2883, 4, 15, 1, 1523965628, 1523965628),
(2884, 4, 13, 1, 1523965628, 1523965628),
(2885, 4, 23, 0, 1523965628, 1523965628),
(2886, 4, 14, 0, 1523965628, 1523965628),
(2887, 4, 9, 1, 1523965628, 1523965628),
(2888, 4, 8, 1, 1523965628, 1523965628),
(2889, 4, 20, 0, 1523965628, 1523965628),
(2890, 4, 27, 0, 1523965628, 1523965628),
(2891, 4, 17, 1, 1523965628, 1523965628),
(2892, 4, 16, 0, 1523965628, 1523965628),
(2893, 4, 26, 0, 1523965628, 1523965628),
(2894, 4, 24, 1, 1523965628, 1523965628),
(2895, 4, 10, 1, 1523965628, 1523965628),
(2896, 4, 25, 1, 1523965628, 1523965628),
(2897, 4, 7, 1, 1523965628, 1523965628),
(2898, 4, 74, 0, 1523965628, 1523965628),
(2899, 4, 47, 0, 1523965628, 1523965628),
(2900, 4, 29, 1, 1523965628, 1523965628),
(2901, 4, 1, 0, 1523965628, 1523965628),
(2902, 4, 49, 1, 1523965628, 1523965628),
(2903, 4, 62, 1, 1523965628, 1523965628),
(2904, 4, 58, 1, 1523965628, 1523965628),
(2905, 4, 59, 0, 1523965628, 1523965628),
(2906, 4, 63, 0, 1523965628, 1523965628),
(2907, 4, 66, 0, 1523965628, 1523965628),
(2908, 4, 65, 0, 1523965628, 1523965628),
(2909, 4, 64, 0, 1523965628, 1523965628),
(2910, 4, 69, 0, 1523965628, 1523965628),
(2911, 4, 68, 0, 1523965628, 1523965628),
(2912, 4, 67, 0, 1523965628, 1523965628),
(2913, 4, 71, 0, 1523965628, 1523965628),
(2914, 4, 70, 0, 1523965628, 1523965628),
(2915, 4, 60, 1, 1523965628, 1523965628),
(2916, 4, 61, 0, 1523965628, 1523965628),
(2917, 4, 72, 0, 1523965628, 1523965628),
(2918, 4, 50, 1, 1523965628, 1523965628),
(2919, 4, 48, 1, 1523965628, 1523965628),
(2920, 4, 56, 1, 1523965628, 1523965628),
(2921, 4, 57, 0, 1523965628, 1523965628),
(2922, 4, 46, 1, 1523965628, 1523965628),
(2923, 4, 42, 1, 1523965628, 1523965628),
(2924, 4, 45, 1, 1523965628, 1523965628),
(2925, 4, 43, 1, 1523965628, 1523965628);

-- --------------------------------------------------------

--
-- Table structure for table `log`
--

CREATE TABLE IF NOT EXISTS `log` (
  `id` int(11) NOT NULL AUTO_INCREMENT,
  `type` enum('stock_sales','stock_loss','stock_pos','stock_reception','stock_product_admin','order_order','order_reception','order_supplier_confirm','user_add','user_modify','user_login','user_forget_pass','skill_check','discnt_add','discnt_use','report_create','report_delete','extraf_message_sent','pos_msg_sent','ckcl_create','rmd_create','rmd_modify','rmd_valid','cash_movement','news_add','pdtadm_create','pdtadm_modify','user_access_cam') COLLATE utf8_unicode_ci NOT NULL,
  `date` timestamp NOT NULL DEFAULT CURRENT_TIMESTAMP,
  `keylogin` int(11) NOT NULL,
  `user_id` int(11) NOT NULL,
  `val1` varchar(255) COLLATE utf8_unicode_ci NOT NULL,
  `val2` varchar(255) COLLATE utf8_unicode_ci NOT NULL,
  `val3` varchar(255) COLLATE utf8_unicode_ci NOT NULL,
  `val4` varchar(255) COLLATE utf8_unicode_ci NOT NULL,
  `id_bu` int(11) NOT NULL,
  PRIMARY KEY (`id`)
) ENGINE=InnoDB  DEFAULT CHARSET=utf8 COLLATE=utf8_unicode_ci AUTO_INCREMENT=554471 ;

-- --------------------------------------------------------

--
-- Table structure for table `login_attempts`
--

CREATE TABLE IF NOT EXISTS `login_attempts` (
  `id` int(11) unsigned NOT NULL AUTO_INCREMENT,
  `ip_address` varchar(15) NOT NULL,
  `login` varchar(100) NOT NULL,
  `time` int(11) unsigned DEFAULT NULL,
  PRIMARY KEY (`id`)
) ENGINE=InnoDB DEFAULT CHARSET=utf8 AUTO_INCREMENT=1 ;

-- --------------------------------------------------------

--
-- Table structure for table `news`
--

CREATE TABLE IF NOT EXISTS `news` (
  `id` int(11) NOT NULL AUTO_INCREMENT,
  `title` varchar(128) COLLATE utf8_unicode_ci NOT NULL,
  `slug` varchar(128) COLLATE utf8_unicode_ci NOT NULL,
  `text` text COLLATE utf8_unicode_ci NOT NULL,
  `picture` varchar(1024) COLLATE utf8_unicode_ci DEFAULT NULL,
  `date` timestamp NOT NULL DEFAULT CURRENT_TIMESTAMP,
  `id_user` int(11) unsigned DEFAULT NULL,
  PRIMARY KEY (`id`),
  KEY `slug` (`slug`),
  KEY `id_user` (`id_user`)
) ENGINE=InnoDB  DEFAULT CHARSET=utf8 COLLATE=utf8_unicode_ci AUTO_INCREMENT=282 ;

-- --------------------------------------------------------

--
-- Table structure for table `news_bus`
--

CREATE TABLE IF NOT EXISTS `news_bus` (
  `id` int(11) NOT NULL AUTO_INCREMENT,
  `id_news` int(11) NOT NULL,
  `id_bu` int(11) DEFAULT NULL,
  PRIMARY KEY (`id`),
  UNIQUE KEY `id_news` (`id_news`,`id_bu`),
  KEY `id_bu` (`id_bu`)
) ENGINE=InnoDB  DEFAULT CHARSET=utf8 COLLATE=utf8_unicode_ci AUTO_INCREMENT=417 ;

--
-- Dumping data for table `news_bus`
--

INSERT INTO `news_bus` (`id`, `id_news`, `id_bu`) VALUES
(47, 1, 1),
(48, 2, 1),
(49, 3, 1),
(50, 4, 1),
(52, 6, 1),
(53, 7, 1),
(54, 8, 1),
(55, 9, 1),
(56, 10, 1),
(57, 11, 1),
(58, 12, 1),
(59, 13, 1),
(60, 14, 1),
(61, 15, 1),
(62, 16, 1),
(63, 17, 1),
(64, 18, 1),
(65, 19, 1),
(66, 20, 1),
(67, 21, 1),
(68, 22, 1),
(69, 23, 1),
(70, 24, 1),
(71, 25, 1),
(72, 26, 1),
(73, 27, 1),
(74, 28, 1),
(75, 29, 1),
(76, 30, 1),
(77, 31, 1),
(78, 32, 1),
(79, 33, 1),
(80, 34, 1),
(81, 35, 1),
(82, 36, 1),
(83, 37, 1),
(84, 38, 1),
(85, 39, 1),
(86, 40, 1),
(87, 41, 1),
(88, 42, 1),
(89, 43, 1),
(90, 44, 1),
(91, 45, 1),
(92, 46, 1),
(93, 47, 1),
(94, 48, 1),
(95, 49, 1),
(96, 50, 1),
(97, 51, 1),
(98, 52, 1),
(99, 53, 1),
(100, 54, 1),
(101, 55, 1),
(102, 56, 1),
(103, 57, 1),
(104, 58, 1),
(105, 59, 1),
(106, 60, 1),
(109, 63, 1),
(110, 64, 1),
(111, 65, 1),
(112, 66, 1),
(113, 67, 1),
(114, 68, 1),
(115, 69, 1),
(116, 70, 1),
(117, 71, 1),
(118, 72, 1),
(119, 73, 1),
(120, 74, 1),
(121, 75, 1),
(122, 78, 1),
(123, 79, 1),
(124, 79, 2),
(125, 80, 1),
(126, 80, 2),
(127, 81, 1),
(128, 81, 2),
(129, 82, 1),
(130, 82, 2),
(131, 83, 1),
(132, 83, 2),
(133, 84, 2),
(134, 85, 1),
(135, 86, 1),
(136, 86, 2),
(137, 87, 2),
(138, 88, 1),
(139, 89, 1),
(140, 90, 1),
(141, 90, 2),
(142, 91, 1),
(143, 91, 2),
(144, 92, 1),
(145, 93, 1),
(146, 93, 2),
(147, 94, 1),
(148, 94, 2),
(149, 95, 2),
(150, 96, 1),
(151, 97, 1),
(152, 98, 1),
(153, 98, 2),
(154, 99, 1),
(155, 100, 1),
(156, 101, 1),
(157, 101, 2),
(158, 102, 2),
(159, 103, 1),
(160, 103, 2),
(161, 104, 1),
(162, 104, 2),
(163, 105, 1),
(164, 106, 1),
(165, 107, 1),
(166, 108, 1),
(167, 108, 2),
(168, 109, 1),
(171, 111, 2),
(172, 112, 2),
(173, 113, 2),
(174, 114, 1),
(175, 114, 2),
(176, 115, 2),
(177, 116, 1),
(180, 118, 1),
(181, 118, 2),
(182, 119, 1),
(183, 119, 2),
(184, 120, 1),
(185, 121, 1),
(186, 121, 2),
(187, 122, 1),
(190, 125, 2),
(191, 126, 1),
(192, 126, 2),
(193, 127, 1),
(194, 127, 2),
(195, 128, 2),
(196, 129, 2),
(197, 130, 1),
(198, 131, 1),
(199, 132, 2),
(200, 133, 1),
(201, 134, 1),
(202, 134, 2),
(203, 135, 2),
(204, 136, 1),
(205, 137, 2),
(206, 138, 1),
(207, 138, 2),
(208, 139, 2),
(209, 140, 1),
(210, 141, 1),
(211, 141, 2),
(212, 142, 1),
(213, 142, 2),
(214, 143, 1),
(215, 143, 2),
(216, 144, 2),
(217, 145, 1),
(218, 146, 2),
(219, 147, 1),
(220, 147, 2),
(221, 148, 2),
(222, 149, 1),
(223, 150, 1),
(224, 151, 1),
(225, 151, 2),
(226, 152, 1),
(227, 153, 2),
(228, 154, 2),
(229, 155, 1),
(230, 155, 2),
(231, 156, 2),
(232, 157, 1),
(233, 157, 2),
(234, 158, 1),
(235, 158, 2),
(236, 159, 1),
(237, 159, 2),
(238, 160, 1),
(239, 160, 2),
(240, 161, 1),
(241, 161, 2),
(242, 162, 1),
(243, 162, 2),
(244, 163, 1),
(245, 163, 2),
(246, 164, 2),
(247, 165, 1),
(248, 166, 1),
(249, 166, 2),
(250, 167, 2),
(251, 168, 2),
(252, 169, 2),
(253, 170, 1),
(254, 171, 1),
(255, 171, 2),
(256, 172, 1),
(257, 173, 1),
(258, 174, 1),
(259, 174, 2),
(260, 175, 1),
(261, 175, 2),
(262, 176, 1),
(263, 176, 2),
(264, 177, 1),
(265, 178, 1),
(266, 179, 2),
(267, 180, 1),
(268, 181, 1),
(269, 181, 2),
(270, 182, 2),
(271, 183, 1),
(272, 183, 2),
(273, 184, 2),
(274, 185, 2),
(275, 186, 1),
(276, 186, 2),
(277, 187, 2),
(278, 188, 1),
(279, 188, 2),
(280, 189, 1),
(281, 189, 2),
(282, 190, 1),
(283, 190, 2),
(284, 191, 1),
(285, 191, 2),
(286, 192, 1),
(287, 192, 2),
(288, 193, 1),
(289, 194, 2),
(290, 195, 1),
(291, 195, 2),
(292, 196, 1),
(293, 196, 2),
(294, 197, 1),
(295, 198, 1),
(296, 199, 1),
(297, 199, 2),
(298, 200, 1),
(299, 201, 2),
(300, 202, 1),
(301, 203, 1),
(302, 203, 2),
(303, 204, 1),
(304, 205, 1),
(305, 205, 2),
(306, 206, 2),
(307, 207, 2),
(308, 208, 2),
(309, 209, 2),
(310, 210, 1),
(311, 211, 1),
(312, 211, 2),
(313, 212, 1),
(314, 213, 2),
(315, 214, 1),
(316, 215, 1),
(317, 215, 2),
(318, 216, 1),
(319, 216, 2),
(320, 217, 2),
(321, 218, 2),
(322, 219, 1),
(323, 219, 2),
(324, 220, 1),
(325, 221, 2),
(326, 222, 1),
(327, 223, 1),
(328, 224, 1),
(329, 224, 2),
(330, 225, 1),
(331, 225, 2),
(332, 226, 2),
(333, 227, 2),
(334, 228, 1),
(335, 229, 2),
(336, 230, 1),
(337, 230, 2),
(338, 231, 1),
(339, 231, 2),
(340, 232, 1),
(341, 232, 2),
(342, 233, 1),
(343, 233, 2),
(344, 234, 1),
(345, 234, 2),
(346, 235, 1),
(347, 236, 1),
(348, 236, 2),
(349, 237, 1),
(350, 237, 2),
(351, 238, 1),
(352, 238, 2),
(353, 239, 1),
(354, 239, 2),
(355, 240, 1),
(356, 240, 2),
(357, 241, 1),
(358, 241, 2),
(359, 242, 1),
(360, 242, 2),
(361, 243, 2),
(362, 244, 1),
(363, 244, 2),
(364, 245, 1),
(365, 245, 2),
(366, 246, 2),
(367, 247, 2),
(368, 248, 1),
(369, 248, 2),
(370, 249, 1),
(371, 249, 2),
(372, 250, 1),
(373, 250, 2),
(374, 251, 2),
(375, 252, 1),
(376, 252, 2),
(377, 253, 2),
(378, 254, 1),
(379, 254, 2),
(380, 255, 1),
(381, 255, 2),
(382, 256, 1),
(383, 256, 2),
(384, 257, 2),
(385, 258, 2),
(386, 259, 1),
(387, 259, 2),
(388, 260, 1),
(389, 260, 2),
(390, 261, 2),
(391, 262, 2),
(392, 263, 1),
(393, 263, 2),
(394, 264, 2),
(395, 265, 1),
(396, 266, 1),
(397, 266, 2),
(398, 266, 4),
(399, 267, 2),
(400, 268, 2),
(401, 269, 1),
(402, 269, 2),
(403, 269, 4),
(404, 270, 4),
(405, 271, 2),
(406, 272, 4),
(407, 273, 1),
(408, 274, 1),
(409, 274, 2),
(410, 275, 2),
(411, 276, 4),
(412, 277, 1),
(413, 278, 2),
(414, 279, 2),
(415, 280, 1),
(416, 281, 4);

-- --------------------------------------------------------

--
-- Table structure for table `news_confirm`
--

CREATE TABLE IF NOT EXISTS `news_confirm` (
  `id` int(11) NOT NULL AUTO_INCREMENT,
  `id_news` int(11) DEFAULT NULL,
  `key` varchar(255) COLLATE utf8_unicode_ci NOT NULL,
  `status` enum('none','sent','confirmed','error') COLLATE utf8_unicode_ci NOT NULL DEFAULT 'none',
  `date_sent` timestamp NOT NULL DEFAULT CURRENT_TIMESTAMP,
  `date_confirmed` timestamp NOT NULL DEFAULT '0000-00-00 00:00:00',
  `id_user` int(11) unsigned DEFAULT NULL,
  `IP` varchar(255) COLLATE utf8_unicode_ci NOT NULL,
  PRIMARY KEY (`id`),
  KEY `id_news` (`id_news`),
  KEY `id_user` (`id_user`)
) ENGINE=InnoDB  DEFAULT CHARSET=utf8 COLLATE=utf8_unicode_ci AUTO_INCREMENT=8228 ;

-- --------------------------------------------------------

--
-- Table structure for table `orders`
--

CREATE TABLE IF NOT EXISTS `orders` (
  `id` int(11) NOT NULL AUTO_INCREMENT,
  `idorder` int(11) NOT NULL,
  `user` int(11) unsigned DEFAULT NULL,
  `date` timestamp NULL DEFAULT CURRENT_TIMESTAMP,
  `data` longblob NOT NULL,
  `status` enum('draft','sent','received') COLLATE utf8_unicode_ci NOT NULL DEFAULT 'draft',
  `supplier_id` int(255) DEFAULT NULL,
  `comment` text COLLATE utf8_unicode_ci NOT NULL,
  `comment_reception` text COLLATE utf8_unicode_ci NOT NULL,
  `ccemail` text COLLATE utf8_unicode_ci NOT NULL,
  `file` text COLLATE utf8_unicode_ci NOT NULL,
  `user_reception` int(11) unsigned DEFAULT NULL,
  `date_reception` datetime NOT NULL,
  `data_reception` longblob NOT NULL,
  `status_reception` tinyint(1) NOT NULL,
  `id_bu` int(11) DEFAULT NULL,
  PRIMARY KEY (`id`),
  UNIQUE KEY `idorder_2` (`idorder`),
  KEY `user` (`user`),
  KEY `supplier_id` (`supplier_id`),
  KEY `user_reception` (`user_reception`),
  KEY `id_bu` (`id_bu`)
) ENGINE=InnoDB  DEFAULT CHARSET=utf8 COLLATE=utf8_unicode_ci AUTO_INCREMENT=4359 ;

-- --------------------------------------------------------

--
-- Table structure for table `orders_comments`
--

CREATE TABLE IF NOT EXISTS `orders_comments` (
  `id` int(11) NOT NULL,
  `username` varchar(255) NOT NULL,
  `date` datetime NOT NULL,
  `idorder` int(11) DEFAULT NULL,
  `content` text NOT NULL,
  PRIMARY KEY (`id`),
  KEY `idorder` (`idorder`)
) ENGINE=InnoDB DEFAULT CHARSET=latin1;

-- --------------------------------------------------------

--
-- Table structure for table `orders_confirm`
--

CREATE TABLE IF NOT EXISTS `orders_confirm` (
  `id` int(11) NOT NULL AUTO_INCREMENT,
  `idorder` int(11) DEFAULT NULL,
  `key` varchar(255) COLLATE utf8_unicode_ci NOT NULL,
  `status` enum('none','sent','chased','confirmed','error') COLLATE utf8_unicode_ci NOT NULL DEFAULT 'none',
  `date_sent` datetime NOT NULL,
  `date_confirmed` datetime NOT NULL,
  `comment` text COLLATE utf8_unicode_ci NOT NULL,
  `IP` varchar(255) COLLATE utf8_unicode_ci NOT NULL,
  `count_confirm` int(11) NOT NULL DEFAULT '0',
  PRIMARY KEY (`id`),
  UNIQUE KEY `idorder` (`idorder`)
) ENGINE=InnoDB  DEFAULT CHARSET=utf8 COLLATE=utf8_unicode_ci AUTO_INCREMENT=3322 ;

-- --------------------------------------------------------

--
-- Table structure for table `params`
--

CREATE TABLE IF NOT EXISTS `params` (
  `id` int(11) NOT NULL AUTO_INCREMENT,
  `key` varchar(255) COLLATE utf8_unicode_ci NOT NULL,
  `val` text COLLATE utf8_unicode_ci NOT NULL,
  PRIMARY KEY (`id`),
  UNIQUE KEY `id` (`id`),
  UNIQUE KEY `key` (`key`)
) ENGINE=InnoDB  DEFAULT CHARSET=utf8 COLLATE=utf8_unicode_ci AUTO_INCREMENT=122 ;

--
-- Dumping data for table `params`
--

INSERT INTO `params` (`id`, `key`, `val`) VALUES
(61, 'notification_email', ''),
(75, 'pushover_address', 'https://api.pushover.net/1/messages.json'),
(76, 'pushover_token', ''),
(77, 'pushover_user', ''),
(78, 'server_name', 'rms.demo.com'),
(79, 'google_api_client_id', ''),
(80, 'google_api_service_account_name', ''),
(83, 'keylogin', ''),
(84, 'keylogin_user_1', ''),
(85, 'keylogin_pass_1', ''),
(102, 'myfox_user', ''),
(103, 'myfox_pass', ''),
(104, 'myfox_client_id', ''),
(105, 'myfox_client_secret', ''),
(106, 'api_box_url', ''),
(107, 'ifttmakerkey', ''),
(108, 'ovh_sms_user', ''),
(109, 'ovh_sms_pass', ''),
(110, 'ovh_sms_nic', ''),
(112, 'default_password', ''),
(113, 'keylogin_user_2', ''),
(114, 'keylogin_pass_2', ''),
(115, 'sp_key', ''),
(116, 'sp_user', ''),
(117, 'sp_pass', ''),
(118, 'keylogin_user_3', ''),
(119, 'keylogin_pass_3', ''),
(120, 'keylogin_user_4', ''),
(121, 'keylogin_pass_4', '');

-- --------------------------------------------------------

--
-- Table structure for table `permissions`
--

CREATE TABLE IF NOT EXISTS `permissions` (
  `id` int(11) NOT NULL AUTO_INCREMENT,
  `perm_key` varchar(255) NOT NULL,
  `perm_name` varchar(100) NOT NULL,
  `id_category` int(11) DEFAULT NULL,
  PRIMARY KEY (`id`),
  UNIQUE KEY `permKey` (`perm_key`),
  KEY `id_category` (`id_category`)
) ENGINE=InnoDB  DEFAULT CHARSET=latin1 AUTO_INCREMENT=77 ;

--
-- Dumping data for table `permissions`
--

INSERT INTO `permissions` (`id`, `perm_key`, `perm_name`, `id_category`) VALUES
(1, 'access_admin', 'Access ACL Admin Panel', 12),
(6, 'cameras', 'Access Camera Controller', 4),
(7, 'checklists', 'Access Checklists Controller', 11),
(8, 'edit_self', 'Ability to edit their own account', 10),
(9, 'edit_user', 'Ability to edit other staff accounts', 10),
(10, 'view_staff', 'View Staff Page', 10),
(11, 'extras', 'Ability to access extras', 10),
(12, 'activate_user', 'Ability to activate the account of a user', 10),
(13, 'deactivate_user', 'Ability to deactivate the account of a user', 10),
(14, 'delete_user', 'Ability to delete user', 10),
(15, 'create_user', 'Ability to create user', 10),
(16, 'edit_WP_user', 'Edit the WP account of a user', 10),
(17, 'edit_first_shift_user', 'Edit the first shift in a user account', 10),
(18, 'create_group', 'Ability to create a new group', 10),
(19, 'edit_self_group', 'Abiilty to edit their own groups', 10),
(20, 'edit_WP_self', 'Ability to edit their own WP account', 10),
(21, 'skills_manage_crud', 'Ability to access Skills CRUD Management', 6),
(22, 'skills_admin', 'Ability to access Skills Admin', 6),
(23, 'delete_WP_user', 'Ability to delete a WP User', 10),
(24, 'view_groups_user', 'View Groups for other users in Staff Page', 10),
(25, 'view_status_user', 'View Status for other users in Staff Page', 10),
(26, 'view_bus_user', 'View BUS for other users in staff page', 10),
(27, 'edit_user_group', 'Edit other user groups', 10),
(29, 'access_cruds', 'Abitlity to access crud controller', 12),
(30, 'create_news', 'ability to create news', 5),
(33, 'view_stock_log', 'View the stock log', 9),
(34, 'product_admin', 'Access the product admin panel', 9),
(35, 'view_safe', 'Display the safe option in webcashier', 3),
(36, 'view_report', 'Display the report option in webcashier', 3),
(37, 'quittance', 'Ability to accept set OK on erroneous reports in webcashier', 3),
(40, 'send_message', 'Ability to send a report within the reports controller', 8),
(41, 'webcashier', 'Ability to access the webcashier controller', 3),
(42, 'discounts', 'Ability to access the discounts controller', NULL),
(43, 'validate_persistent_discount', 'Ability to mark a persistent discount as used', NULL),
(44, 'orders', 'Ability to access the Order Controller', 9),
(45, 'reminders', 'Ability to access the reminders controller', NULL),
(46, 'posmessage', 'Abiility to access the POS message controller', 13),
(47, 'wp_access', 'Ability to access the WordPress twin site', 12),
(48, 'tools_panel', 'Display the tools section in the sidebar menu', 12),
(49, 'additional_tools_panel', 'Access additional tools on the sidepanel', 12),
(50, 'admin_panel_sidebar', 'Display the admin section in the sidebar menu', 12),
(52, 'edit_admin_user_group', 'Ability to add and remove any group from another user', 10),
(53, 'send_report_managers', 'Ability to send a report to every Manager of a BU', 8),
(54, 'additional_menu_pm', 'View every link in the menu from the PM controller', 8),
(55, 'create_skill', 'Ability to create a new skill', 6),
(56, 'admin_panel_rmd_task_management', 'Reminder management interface', 12),
(57, 'admin_panel_wifi_customers_management', 'Wifi customers', 12),
(58, 'admin_panel_crud_checklist_task', 'CRUD Checklists tasks management', 12),
(59, 'admin_panel_crud_discount', 'CRUD Discounts', 12),
(60, 'admin_panel_crud_suppliers', 'CRUD Suppliers', 12),
(61, 'admin_panel_crud_suppliers_category', 'CRUD Suppliers Category', 12),
(62, 'admin_panel_crud_checklist', 'CRUD Checklists management', 12),
(63, 'admin_panel_crud_products', 'CRUD Products', 12),
(64, 'admin_panel_crud_products_unit', 'CRUD ProductsUnit', 12),
(65, 'admin_panel_crud_products_stock', 'CRUD ProductsStock', 12),
(66, 'admin_panel_crud_products_category', 'CRUD Products Category', 12),
(67, 'admin_panel_crud_rmd_task', 'CRUD Reminder task management', 12),
(68, 'admin_panel_rmd_notif_management', 'CRUD Reminder notification management', 12),
(69, 'admin_panel_crud_rmd_tasks', 'CRUD Reminder management', 12),
(70, 'admin_panel_crud_sensors', 'CRUD Sensors management', 12),
(71, 'admin_panel_crud_sensors_alarm', 'CRUD Sensors alarm management', 12),
(72, 'admin_panel_crud_wp_roles', 'CRUD WP Roles Management', 12),
(73, 'add_comment_skill', 'Can manage users skills ', 6),
(74, 'access_system_log', 'Ability to access CRUD System Log', 12),
(75, 'set_corrected_diff', 'Set corrected diff', 3),
(76, 'view_sales_stats', 'View sales stats', 3);

-- --------------------------------------------------------

--
-- Table structure for table `permissions_categories`
--

CREATE TABLE IF NOT EXISTS `permissions_categories` (
  `id` int(11) NOT NULL AUTO_INCREMENT,
  `name` varchar(255) NOT NULL,
  `key` varchar(255) NOT NULL,
  PRIMARY KEY (`id`),
  UNIQUE KEY `id` (`id`)
) ENGINE=InnoDB  DEFAULT CHARSET=latin1 AUTO_INCREMENT=14 ;

--
-- Dumping data for table `permissions_categories`
--

INSERT INTO `permissions_categories` (`id`, `name`, `key`) VALUES
(3, 'Cashier', 'cashier'),
(4, 'Cams', 'camera'),
(5, 'News', 'news'),
(6, 'Skills', 'skills'),
(8, 'Messaging', 'pm_reports'),
(9, 'Order/Products', 'order_products'),
(10, 'Users', 'users'),
(11, 'Checklists', 'checklists'),
(12, 'Admin', 'admin'),
(13, 'POS message', 'posmessage');

-- --------------------------------------------------------

--
-- Table structure for table `pos_archives`
--

CREATE TABLE IF NOT EXISTS `pos_archives` (
  `id` int(11) NOT NULL AUTO_INCREMENT,
  `file` varchar(255) COLLATE utf8_unicode_ci NOT NULL,
  `date` timestamp NOT NULL DEFAULT CURRENT_TIMESTAMP,
  `id_bu` int(11) DEFAULT NULL,
  PRIMARY KEY (`id`),
  UNIQUE KEY `file_2` (`file`,`id_bu`),
  KEY `id_bu` (`id_bu`)
) ENGINE=InnoDB DEFAULT CHARSET=utf8 COLLATE=utf8_unicode_ci AUTO_INCREMENT=1 ;

-- --------------------------------------------------------

--
-- Table structure for table `pos_comment_report`
--

CREATE TABLE IF NOT EXISTS `pos_comment_report` (
  `id` int(11) NOT NULL AUTO_INCREMENT,
  `content` text NOT NULL,
  `date` datetime NOT NULL,
  `username` varchar(255) NOT NULL,
  `mov_id` int(11) DEFAULT NULL,
  PRIMARY KEY (`id`),
  KEY `mov_id` (`mov_id`)
) ENGINE=InnoDB DEFAULT CHARSET=latin1 AUTO_INCREMENT=1 ;

-- --------------------------------------------------------

--
-- Table structure for table `pos_movements`
--

CREATE TABLE IF NOT EXISTS `pos_movements` (
  `id` int(11) NOT NULL AUTO_INCREMENT,
  `movement` enum('middle','open','close','safe_in','safe_out','pos_in','pos_out') COLLATE utf8_unicode_ci NOT NULL,
  `id_user` int(11) unsigned DEFAULT NULL,
  `date` timestamp NOT NULL DEFAULT CURRENT_TIMESTAMP,
  `comment` text COLLATE utf8_unicode_ci NOT NULL,
  `closing_file` text COLLATE utf8_unicode_ci NOT NULL,
  `closing_id` int(11) DEFAULT NULL,
  `pos_cash_amount` float NOT NULL,
  `safe_cash_amount` float NOT NULL,
  `safe_tr_amount` float NOT NULL,
  `prelevement_amount` float NOT NULL,
  `corrected` float NOT NULL,
  `id_bu` int(11) DEFAULT NULL,
  `comment_report` text COLLATE utf8_unicode_ci NOT NULL,
  `employees_sp` text COLLATE utf8_unicode_ci NOT NULL,
  `status` enum('ok','error','validated') COLLATE utf8_unicode_ci NOT NULL DEFAULT 'ok',
  PRIMARY KEY (`id`),
  KEY `id_user` (`id_user`),
  KEY `closing_id` (`closing_id`)
) ENGINE=InnoDB  DEFAULT CHARSET=utf8 COLLATE=utf8_unicode_ci AUTO_INCREMENT=4597 ;

-- --------------------------------------------------------

--
-- Table structure for table `pos_payments`
--

CREATE TABLE IF NOT EXISTS `pos_payments` (
  `id` int(11) NOT NULL AUTO_INCREMENT,
  `id_payment` int(11) DEFAULT NULL,
  `id_movement` int(11) DEFAULT NULL,
  `amount_pos` float NOT NULL,
  `amount_user` float NOT NULL,
  PRIMARY KEY (`id`),
  KEY `id_movement` (`id_movement`),
  KEY `id_payment` (`id_payment`)
) ENGINE=InnoDB  DEFAULT CHARSET=utf8 COLLATE=utf8_unicode_ci AUTO_INCREMENT=19494 ;

-- --------------------------------------------------------

--
-- Table structure for table `pos_payments_type`
--

CREATE TABLE IF NOT EXISTS `pos_payments_type` (
  `id` int(11) NOT NULL AUTO_INCREMENT,
  `name` text COLLATE utf8_unicode_ci NOT NULL,
  `report` enum('yes','no','other','') COLLATE utf8_unicode_ci NOT NULL,
  `active` tinyint(1) NOT NULL DEFAULT '1',
  `pos_id` text COLLATE utf8_unicode_ci NOT NULL,
  `comment_close` text COLLATE utf8_unicode_ci NOT NULL,
  `comment_open` text COLLATE utf8_unicode_ci NOT NULL,
  `id_bu` int(11) NOT NULL DEFAULT '0',
  PRIMARY KEY (`id`,`id_bu`),
  KEY `id` (`id`),
  KEY `id_bu` (`id_bu`)
) ENGINE=InnoDB  DEFAULT CHARSET=utf8 COLLATE=utf8_unicode_ci AUTO_INCREMENT=13 ;

--
-- Dumping data for table `pos_payments_type`
--

INSERT INTO `pos_payments_type` (`id`, `name`, `report`, `active`, `pos_id`, `comment_close`, `comment_open`, `id_bu`) VALUES
(1, 'Espece FOND DE CAISSE', 'yes', 1, '7DD4A3FB-ADC2-49D9-9EDE-01129023FE37', 'Entrer le montant du FOND DE CAISSE en espèce, pièces + billets. Il s''agit donc de l''argent qui reste dans la caisse uniquement (et donc PAS les billets précédemment prélevés). Compter également les éventuels  rouleaux de monnaie.', 'Entrer le montant du FOND DE CAISSE en espèce, pièces + billets. Compter également les éventuels  rouleaux de monnaie.', 1),
(1, 'Espece FOND DE CAISSE', 'yes', 1, '7DD4A3FB-ADC2-49D9-9EDE-01129023FE37', 'Entrer le montant du FOND DE CAISSE en espèce, pièces + billets. Il s''agit donc de l''argent qui reste dans la caisse uniquement (et donc PAS les billets précédemment prélevés). Compter également les éventuels  rouleaux de monnaie.', 'Entrer le montant du FOND DE CAISSE en espèce, pièces + billets. Compter également les éventuels  rouleaux de monnaie.', 2),
(1, 'Espece FOND DE CAISSE', 'yes', 1, '7DD4A3FB-ADC2-49D9-9EDE-01129023FE37', 'Entrer le montant du FOND DE CAISSE en espèce, pièces + billets. Il s''agit donc de l''argent qui reste dans la caisse uniquement (et donc PAS les billets précédemment prélevés). Compter également les éventuels  rouleaux de monnaie.', 'Entrer le montant du FOND DE CAISSE en espèce, pièces + billets. Compter également les éventuels  rouleaux de monnaie.', 3),
(1, 'Espece FOND DE CAISSE', 'yes', 1, '7DD4A3FB-ADC2-49D9-9EDE-01129023FE37', 'Entrer le montant du FOND DE CAISSE en espèce, pièces + billets. Il s''agit donc de l''argent qui reste dans la caisse uniquement (et donc PAS les billets précédemment prélevés). Compter également les éventuels  rouleaux de monnaie.', 'Entrer le montant du FOND DE CAISSE en espèce, pièces + billets. Compter également les éventuels  rouleaux de monnaie.', 4),
(2, 'CB', 'yes', 1, 'BEE1F7F4-303E-49EC-ACD0-0F5C85D68B30', 'Sur le TPE, appuyer sur "F" puis "CB EMV" puis "APPEL". Puis "F" puis "CB CLESS" puis "APPEL". Inscrivez le total des transactions. Attention, il peut y avoir un autre ticket pour le même jour dans le tiroir caisse, il est à additionner.', '', 1),
(2, 'CB', 'yes', 1, 'BEE1F7F4-303E-49EC-ACD0-0F5C85D68B30', 'Pour imprimer (et envoyer les informations à la banque et donc sécuriser nos transactions CB de la journée) il est très important de procéder de la sorte : \n\nTouche F puis CB EMV puis Appel (le ticket s''imprime)\nPUIS\nTouche F puis CB CLESS puis Appel (le ticket s''imprime)\n\nAttention, cette action est à faire sur LES DEUX TERMINAUX (vous devez avoir 4 papiers imprimés à la fin des manips). Il est possible que les terminaux à un moment pendant le service effectuent d''eux même l''Appel et impriment un ticket. Il faut alors garder précieusement ces tickets et à la close additionner tous les tickets EMV entre eux et tous les tickets CLESS entre eux pour les rentrer dans RMS.', '', 2),
(2, 'CB', 'yes', 1, 'BEE1F7F4-303E-49EC-ACD0-0F5C85D68B30', 'Sur le TPE, appuyer sur "F" puis "CB EMV" puis "APPEL". Puis "F" puis "CB CLESS" puis "APPEL". Inscrivez le total des transactions. Attention, il peut y avoir un autre ticket pour le même jour dans le tiroir caisse, il est à additionner.', '', 3),
(2, 'CB', 'yes', 1, 'BEE1F7F4-303E-49EC-ACD0-0F5C85D68B30', 'Sur le TPE, appuyer sur "F" puis "CB EMV" puis "APPEL". Puis "F" puis "CB CLESS" puis "APPEL". Inscrivez le total des transactions. Attention, il peut y avoir un autre ticket pour le même jour dans le tiroir caisse, il est à additionner.', '', 4),
(3, 'Ticket_Restaurant', 'yes', 1, 'C834C277-9F78-4D7F-9377-0567166A8DDC', 'Indiquer la somme total des tickets (et donc PAS le nombre total de tickets)', '', 1),
(3, 'Ticket_Restaurant', 'yes', 1, 'C834C277-9F78-4D7F-9377-0567166A8DDC', 'Indiquer la somme total des tickets (et donc PAS le nombre total de tickets)', '', 2),
(3, 'Ticket_Restaurant', 'yes', 1, 'C834C277-9F78-4D7F-9377-0567166A8DDC', 'Indiquer la somme total des tickets (et donc PAS le nombre total de tickets)', '', 3),
(3, 'Ticket_Restaurant', 'yes', 1, 'C834C277-9F78-4D7F-9377-0567166A8DDC', 'Indiquer la somme total des tickets (et donc PAS le nombre total de tickets)', '', 4),
(4, 'Cheque', 'yes', 1, '08D131DD-838E-49BF-9881-7B7C020E0F54', 'Indiquer le montant total de la somme des chèques. ', '', 1),
(4, 'Cheque', 'yes', 1, '08D131DD-838E-49BF-9881-7B7C020E0F54', 'Indiquer le montant total de la somme des chèques. ', '', 2),
(4, 'Cheque', 'yes', 1, '08D131DD-838E-49BF-9881-7B7C020E0F54', 'Indiquer le montant total de la somme des chèques. ', '', 3),
(4, 'Cheque', 'yes', 1, '08D131DD-838E-49BF-9881-7B7C020E0F54', 'Indiquer le montant total de la somme des chèques. ', '', 4),
(5, 'Delivroo', 'no', 1, 'A4D291F4-BE37-4957-9318-E01426A33049', '', '', 1),
(5, 'Delivroo', 'no', 1, 'A4D291F4-BE37-4957-9318-E01426A33049', '', '', 2),
(5, 'Delivroo', 'no', 1, 'A4D291F4-BE37-4957-9318-E01426A33049', '', '', 3),
(5, 'Delivroo', 'no', 1, 'A4D291F4-BE37-4957-9318-E01426A33049', '', '', 4),
(7, 'Points fidelite', 'no', 1, 'ec34f65e-647d-11e2-b201-001a92ba1fbf', '', '', 1),
(7, 'Points fidelite', 'no', 1, 'ec34f65e-647d-11e2-b201-001a92ba1fbf', '', '', 2),
(7, 'Points fidelite', 'no', 1, 'ec34f65e-647d-11e2-b201-001a92ba1fbf', '', '', 3),
(7, 'Points fidelite', 'no', 1, 'ec34f65e-647d-11e2-b201-001a92ba1fbf', '', '', 4),
(9, 'Cashout', 'yes', 0, '', 'Voir dans classeur, feuille cash-out, indiquer le montant total de la journée.', '', 1),
(9, 'Cashout', 'yes', 0, '', 'Voir dans classeur, feuille cash-out, indiquer le montant total de la journée.', '', 2),
(9, 'Cashout', 'yes', 0, '', 'Voir dans classeur, feuille cash-out, indiquer le montant total de la journée.', '', 3),
(9, 'Cashout', 'yes', 0, '', 'Voir dans classeur, feuille cash-out, indiquer le montant total de la journée.', '', 4),
(10, 'Avoir', 'no', 1, 'EB194EFF-1603-4076-8DED-F695F52E2BC9', 'Conserver les tickets papier et mettre dans l''enveloppe', '', 1),
(10, 'Avoir', 'no', 1, 'EB194EFF-1603-4076-8DED-F695F52E2BC9', 'Conserver les tickets papier et mettre dans l''enveloppe', '', 2),
(10, 'Avoir', 'no', 1, 'EB194EFF-1603-4076-8DED-F695F52E2BC9', 'Conserver les tickets papier et mettre dans l''enveloppe', '', 3),
(10, 'Avoir', 'no', 1, 'EB194EFF-1603-4076-8DED-F695F52E2BC9', 'Conserver les tickets papier et mettre dans l''enveloppe', '', 4),
(11, 'Compte client', 'yes', 1, 'd2e011c4-919b-11e3-b450-001a92ba1fbf', '', '', 1),
(11, 'Compte client', 'yes', 1, 'd2e011c4-919b-11e3-b450-001a92ba1fbf', '', '', 2),
(11, 'Compte client', 'yes', 0, 'd2e011c4-919b-11e3-b450-001a92ba1fbf', '', '', 3),
(11, 'Compte client', 'yes', 0, 'd2e011c4-919b-11e3-b450-001a92ba1fbf', '', '', 4),
(12, 'Voucher', 'yes', 0, '2B0CE343-28F2-4AAC-A06B-2E7E5EB98371', 'Indiquer le montant total et mettre les tickets papier dans l''enveloppe', '', 1),
(12, 'Voucher', 'yes', 0, '2B0CE343-28F2-4AAC-A06B-2E7E5EB98371', 'Indiquer le montant total et mettre les tickets papier dans l''enveloppe', '', 2),
(12, 'Voucher', 'yes', 0, '2B0CE343-28F2-4AAC-A06B-2E7E5EB98371', 'Indiquer le montant total et mettre les tickets papier dans l''enveloppe', '', 3),
(12, 'Voucher', 'yes', 0, '2B0CE343-28F2-4AAC-A06B-2E7E5EB98371', 'Indiquer le montant total et mettre les tickets papier dans l''enveloppe', '', 4);

-- --------------------------------------------------------

--
-- Table structure for table `privmsgs`
--

CREATE TABLE IF NOT EXISTS `privmsgs` (
  `privmsg_id` int(10) unsigned NOT NULL AUTO_INCREMENT,
  `privmsg_author` bigint(20) NOT NULL,
  `privmsg_date` varchar(20) NOT NULL,
  `privmsg_subject` varchar(1024) NOT NULL,
  `privmsg_body` varchar(60000) NOT NULL,
  `privmsg_notify` tinyint(1) DEFAULT NULL,
  `privmsg_deleted` tinyint(1) DEFAULT NULL,
  `privmsg_ddate` varchar(20) DEFAULT NULL,
  `privmsg_id_bu` int(11) DEFAULT NULL,
  PRIMARY KEY (`privmsg_id`),
  KEY `privmsg_id_bu` (`privmsg_id_bu`)
) ENGINE=InnoDB  DEFAULT CHARSET=latin1 AUTO_INCREMENT=254 ;

-- --------------------------------------------------------

--
-- Table structure for table `privmsgs_to`
--

CREATE TABLE IF NOT EXISTS `privmsgs_to` (
  `pmto_id` int(10) unsigned NOT NULL AUTO_INCREMENT,
  `pmto_message` bigint(20) NOT NULL,
  `pmto_recipient` bigint(20) NOT NULL,
  `pmto_read` tinyint(1) DEFAULT NULL,
  `pmto_rdate` varchar(20) DEFAULT NULL,
  `pmto_deleted` tinyint(1) DEFAULT NULL,
  `pmto_ddate` varchar(20) DEFAULT NULL,
  `pmto_allownotify` tinyint(1) DEFAULT NULL,
  PRIMARY KEY (`pmto_id`)
) ENGINE=InnoDB DEFAULT CHARSET=latin1 AUTO_INCREMENT=1 ;

-- --------------------------------------------------------

--
-- Table structure for table `products`
--

CREATE TABLE IF NOT EXISTS `products` (
  `id` int(11) NOT NULL AUTO_INCREMENT,
  `name` varchar(255) COLLATE utf8_unicode_ci NOT NULL,
  `id_supplier` int(11) DEFAULT NULL,
  `price` int(11) NOT NULL,
  `id_unit` int(11) DEFAULT NULL,
  `packaging` float NOT NULL DEFAULT '0',
  `active` tinyint(1) NOT NULL,
  `id_category` int(11) DEFAULT NULL,
  `freq_inventory` enum('low','medium','high') COLLATE utf8_unicode_ci NOT NULL,
  `supplier_reference` varchar(255) COLLATE utf8_unicode_ci NOT NULL,
  `comment` text COLLATE utf8_unicode_ci NOT NULL,
  `deleted` tinyint(1) NOT NULL,
  `manage_stock` tinyint(1) NOT NULL DEFAULT '0',
  PRIMARY KEY (`id`),
  UNIQUE KEY `unique_index` (`name`,`id_supplier`,`id_category`,`id_unit`),
  KEY `id_supplier` (`id_supplier`),
  KEY `active` (`active`),
  KEY `deleted` (`deleted`),
  KEY `id_unit` (`id_unit`),
  KEY `id_category` (`id_category`)
) ENGINE=InnoDB  DEFAULT CHARSET=utf8 COLLATE=utf8_unicode_ci AUTO_INCREMENT=1379 ;

--
-- Dumping data for table `products`
--

INSERT INTO `products` (`id`, `name`, `id_supplier`, `price`, `id_unit`, `packaging`, `active`, `id_category`, `freq_inventory`, `supplier_reference`, `comment`, `deleted`, `manage_stock`) VALUES
(2, 'Carotte', 3, 540, 3, 1, 1, 2, 'high', '', 'sac de 5 ou 10kg, carrot cake : 2kg, TATA : 2kg ', 0, 1),
(3, 'Citron jaune', 3, 2120, 3, 1, 1, 1, 'high', '', 'par 2 ou 3kg, pour carrot cake', 0, 0),
(4, 'oignon rouge', 3, 1140, 3, 1, 1, 1, 'high', '', 'par 5 ou 10kg, topping burgers', 0, 0),
(5, 'tomate', 3, 1500, 3, 1, 1, 1, 'high', '', 'par cagette de 6kg, topping burgers 12kg et gaspacho 6kg', 0, 0),
(6, 'roquette', 3, 9840, 4, 1, 1, 1, 'high', '', 'minimum 1 par jour', 0, 0),
(7, 'choux blanc', 3, 820, 1, 1, 1, 1, 'high', '', '3 choux pour la coleslaw', 0, 0),
(8, 'Orange', 3, 1220, 3, 1, 1, 1, 'high', '', 'par 2 ou 3kg, pour carrot cake, commande souvent par 2 ou 3kg', 0, 0),
(9, 'Coriandre fraiche', 3, 470, 5, 1, 0, 1, 'high', '', '60 bottes pour 1 seau', 0, 0),
(10, 'Menthe tige', 3, 490, 5, 1, 0, 1, 'high', '', 'par 1', 0, 0),
(11, 'Salade batavia', 3, 700, 1, 1, 1, 1, 'high', '', 'environ : 6 salades semaine, 8 week end', 0, 0),
(12, 'Concentre tomate 5/1', 3, 2480, 4, 1, 0, 2, 'high', '', '', 0, 0),
(13, 'Tomate entiere pele avec jus', 3, 3500, 4, 1, 0, 2, 'high', '', '', 0, 0),
(26, 'Sachet de Sucre roux bio', 18, 20800, 8, 1, 1, 0, 'low', '', '', 0, 0),
(27, 'The fume bio', 17, 6000, 8, 1, 0, 2, 'low', 'JG0311', '', 0, 0),
(28, 'Sirop d\\''erable 1L', 22, 14500, 1, 1, 1, 3, 'medium', '000415', '3SO allumé : 2,5g (2 pots)', 0, 1),
(29, 'Melasse canne a sucre bio', 17, 3000, 1, 6, 1, 2, 'low', 'NA6002', '3 pots pour 3 seaux de barbecue', 0, 1),
(30, 'Lait de coco', 3, 1850, 4, 0, 0, 2, 'low', '', 'Boite 40cl', 0, 0),
(34, 'Pate amande liquide', 21, 14250, 4, 1, 1, 2, 'low', '', '', 0, 0),
(38, 'Haricots rouges en boite', 22, 4500, 4, 1, 0, 2, 'low', '001366', 'egoutte', 0, 0),
(39, 'Cornichon boite 5/1', 3, 4850, 4, 1, 1, 2, 'high', '', '', 0, 1),
(40, 'Cornichon boite 5/1 2120gr', 22, 5500, 4, 1, 1, 2, 'medium', '008436', '(emballé par 3) 1boite = 1gastro, cornisauce : 1boite', 0, 1),
(43, 'Tortilla less salted x 12', 22, 27480, 19, 1, 0, 2, 'low', '007979', '1 carton = 12 sachets. 1 sachet/jour pour petit nerveux', 0, 0),
(47, 'Amande poudre', 3, 19500, 3, 0, 0, 0, 'low', '', '', 0, 0),
(49, 'Jus de citron jaune 1L', 22, 2800, 21, 1, 1, 7, 'low', '002605', '1SO catcheuse: 48g, 1SO veganaise: 30g, 1SO rockeuse : 160g, gaspacho : 100g ', 0, 1),
(51, 'Thym entier 1kg', 22, 7500, 20, 1, 0, 3, 'low', '008277', '3SO tata : 13g', 0, 1),
(59, 'Poudre ail', 21, 2700, 3, 1, 1, 3, 'low', '', '', 0, 0),
(63, 'Poudre oignon', 4, 7880, 3, 1, 1, 3, 'low', '', '', 0, 0),
(64, 'Poudre de moutarde', 4, 5150, 3, 1, 0, 3, 'low', '', '', 0, 0),
(65, 'Muscade moulue 1kg', 22, 28000, 20, 1, 1, 3, 'low', '008264', 'epices veganaise catcheuse : 51g ', 0, 0),
(66, 'Coriandre moulu 250g', 22, 1000, 20, 1, 1, 3, 'low', '007107', '', 0, 0),
(67, 'Paprika doux 500g', 22, 4500, 20, 1, 1, 3, 'low', '007399', 'epices veganaise catcheuse : 150g ', 0, 0),
(68, 'Paprika fume', 5, 16950, 3, 1, 0, 0, 'low', '', 'Paquet de 250 G ', 0, 0),
(69, 'Sauce soja', 21, 10520, 1, 1, 1, 3, 'low', '', '', 0, 0),
(70, 'Frites surgelée', 2, 1360, 3, 2.5, 0, 4, 'high', 'WED', '', 0, 0),
(72, 'Oignons em. surgelé', 2, 1100, 3, 0, 1, 4, 'medium', '', '', 0, 0),
(73, 'Ciboulette surgelée', 2, 3850, 3, 2, 0, 4, 'medium', 'CIB', '', 0, 0),
(74, 'Steak mushroom', 15, 670, 1, 18, 1, 5, 'low', '', '10 barquette /carton et 16 steak / barquette', 0, 1),
(75, 'margarine verte 500g', 21, 21900, 1, 20, 1, 5, 'low', '', '', 0, 0),
(76, 'Yaourt de soja', 17, 1270, 1, 6, 1, 5, 'medium', 'AL9206', '10 yaourt pour 1 carrot cake', 0, 1),
(78, 'Farine T55/65', 3, 550, 3, 1, 0, 2, 'medium', '', 'Minimum 5 Kg ', 0, 0),
(80, 'Lait soja 1L', 17, 1320, 27, 6, 1, 7, 'low', 'SY1401', '1 SO catcheuse : 800g, 1 SO veg : 650g, 1 SO rockeuse : 1250g, mousse choco : 750g  ', 0, 1),
(81, 'levure chimique', 21, 4350, 4, 1, 1, 2, 'low', '', '', 0, 0),
(82, 'Granola 5kg', 17, 30050, 20, 1, 0, 2, 'low', 'LG0275', 'glaçage carrot cake 1 SO : 800g', 0, 0),
(83, 'sucre roux', 21, 11250, 3, 1, 1, 2, 'low', '', '', 0, 0),
(84, 'fecule de mais', 21, 2050, 3, 1, 1, 6, 'low', '', '', 0, 0),
(86, 'Flocon pomme de terre', 21, 14450, 3, 1, 1, 6, 'low', '', '', 0, 0),
(87, 'Proteine soja 3kg', 17, 20910, 20, 1, 0, 2, 'low', 'SB0012', 'Paquet de 3 Kg ', 0, 0),
(92, 'Creme de soja 50 CL', 17, 1720, 2, 12, 0, 0, 'low', 'SY1696', '', 0, 0),
(93, 'Eau plate', 13, 430, 1, 180, 1, 7, 'medium', 'EAUPLA50', 'Minimum 180 ', 0, 0),
(94, 'Eau petillante Forte', 13, 490, 1, 180, 1, 7, 'medium', 'EAUFOR50', '', 0, 0),
(95, 'Pod Cafe Honduras x25', 18, 9700, 4, 1, 1, 7, 'medium', '420750', 'code client : 90735', 0, 1),
(96, 'Jus orange', 21, 790, 6, 1, 1, 7, 'low', '', '', 0, 0),
(97, 'Jus ananas', 21, 890, 6, 1, 1, 7, 'low', '', '', 0, 0),
(98, 'Nectar Peche', 17, 570, 1, 24, 0, 7, 'medium', 'AB5028', '1 carton de 8 paquets de 3 briques', 0, 0),
(99, 'Nectar abricot', 17, 540, 1, 24, 0, 7, 'medium', 'AB5027', '1 carton de 8 paquets de 3 briques', 0, 0),
(100, 'Cubi vin rouge IGP Oc Syrah Veredus rge 14° 3L', 17, 9950, 1, 1, 1, 7, 'medium', 'LF1002', 'Par 6 cubi, stock en litre', 0, 1),
(101, 'Cubi vin blanc Bordeaux blanc sec AOC 3L', 17, 10670, 1, 6, 1, 7, 'medium', 'ME0004', 'par 6 cubi ', 0, 1),
(102, 'Bionade sureau', 10, 723, 21, 12, 1, 7, 'high', 'BIOVERSUR', '12 par carton ', 0, 1),
(103, 'Bionade Fruit du verger', 10, 723, 21, 12, 1, 7, 'high', 'BIOFRUVER', '12 par carton ', 0, 1),
(104, 'Bionade gingembre-oran', 10, 723, 21, 12, 1, 7, 'high', 'BIOVERORA', '12 par carton ', 0, 1),
(105, 'Biere blonde', 13, 1071, 1, 0, 0, 0, 'medium', 'AvOINOR', '', 0, 0),
(106, 'Biere ambre', 13, 984, 1, 12, 0, 7, 'high', 'CASTAGNOR', '', 0, 0),
(107, 'Biere SG', 13, 1490, 1, 12, 1, 7, 'high', 'GLUTENFREE', '', 0, 0),
(108, 'INACTIF', 9, 1390000, 1, 0, 0, 8, 'low', '', '', 0, 0),
(109, 'GOBELET GRAND PLASTIQUE', 8, 2450, 8, 50, 0, 8, 'low', 'GOBELET PLAST. RECYC RPET 30CL /50', '', 0, 0),
(110, 'GOBELET CAFE', 8, 2050, 8, 80, 0, 8, 'low', 'GOBELET CARTON BLANC 10CL/80', '', 0, 0),
(111, 'COUVERCLE GOBELET CAFE', 8, 1650, 1, 100, 0, 8, 'low', 'COUVERCLE POUR GOBELET 10/12CL', '', 0, 0),
(112, 'GOBELET THE', 8, 67200, 4, 500, 1, 8, 'low', 'GOBELET CARTON DOUBLE PAROI BEIGE OU BRUN 35CL', '', 0, 0),
(113, 'COUVERCLE GOBELET THE', 8, 3850, 8, 100, 1, 8, 'low', 'COUVERCLE DOME BLANC POUR GOBELET 30 A 50CL/100', 'Carton de 500 pièces', 0, 0),
(114, 'FOURCHETTES BOIS 15.8CM/100', 8, 3200, 8, 10, 1, 8, 'low', '10220', '', 0, 0),
(115, 'SPATULE/AGITATEUR x1000', 8, 3600, 8, 1, 1, 8, 'low', 'SPATULE BOIS 11.4CM', '10225', 0, 0),
(117, 'Papier mousseline plateaux', 21, 4480, 4, 1, 1, 9, 'low', '', '31.5x23', 0, 0),
(118, 'Papier mousseline plateaux HANK', 25, 415000, 1, 1, 1, 0, 'low', '', '31.5x23', 0, 1),
(121, 'Feuille de papier A4 ', 21, 0, 8, 1, 1, 0, 'low', '', '', 0, 0),
(122, 'Vinaigre', 21, 300, 6, 1, 1, 2, 'low', '', '', 0, 0),
(123, 'Etiquette DLC x7200', 21, 16700, 1, 1, 1, 0, 'low', '', '', 0, 0),
(124, 'Sac poubelle 50L+', 21, 5000, 1, 1, 1, 0, 'low', '', '', 0, 0),
(125, 'Stylos', 21, 0, 1, 1, 1, 0, 'low', '', '', 0, 0),
(126, 'Craies', 21, 0, 1, 1, 1, 0, 'low', '', '', 0, 0),
(127, 'Liquide vaisselle', 21, 0, 1, 1, 1, 0, 'low', '', '', 0, 0),
(128, 'Pastille Lave vaiselle Arbre vert', 21, 34240, 1, 1, 1, 0, 'low', '', '', 0, 0),
(129, 'Détartrant lave vaiselle', 21, 13360, 1, 1, 1, 0, 'low', '', '', 0, 0),
(130, 'Liquide de rincage', 21, 10600, 1, 1, 1, 0, 'low', '', '', 0, 0),
(131, 'Liquide Sol', 21, 5450, 1, 1, 1, 0, 'low', '', '', 0, 0),
(132, 'Liquide Lave main', 21, 10100, 1, 1, 1, 0, 'low', '', '', 0, 0),
(133, 'Lingettes nettoyante', 21, 1790, 1, 1, 1, 0, 'low', '', '', 0, 0),
(134, 'Rouleaux papier caisse thermique largeur 80mm', 21, 0, 1, 1, 1, 0, 'low', '', '', 0, 0),
(135, 'Rouleaux papier CB thermique 57mm', 21, 0, 1, 1, 1, 0, 'low', '', '', 0, 0),
(136, 'Papier hygiènique toilette maxi jumbo x6', 22, 14000, 8, 1, 1, 9, 'low', '00GP78', '380M*6', 0, 1),
(137, 'Essuie mains papier  x 12 (19,7X37cm)', 22, 18720, 8, 1, 1, 9, 'high', '00GP45', '', 0, 1),
(138, 'Mop (ginette)', 21, 5000, 1, 1, 1, 0, 'low', '', '', 0, 0),
(139, 'Eponge x10 basic egao eco', 22, 7500, 8, 1, 1, 9, 'low', '00HE67', '', 0, 1),
(140, 'Rouleaux sac plastique petit', 21, 0, 1, 1, 1, 0, 'low', '', '', 0, 0),
(141, 'Sac congélation grand', 21, 0, 1, 1, 1, 0, 'low', '', '', 0, 0),
(142, 'Film etirable 30cmx30m', 22, 3600, 1, 1, 1, 9, 'low', '00KF01', '', 0, 1),
(143, 'Rouleau sac sous vide 30x6', 21, 8330, 1, 1, 1, 0, 'low', '', 'Prix par rouleau', 0, 0),
(144, 'Papier cuisson GN1/1 53x32 x500', 22, 24000, 4, 1, 1, 9, 'low', '00YY20', '', 0, 0),
(145, 'Lampe chauffe frite', 24, 0, 1, 1, 0, 0, 'low', '', '', 0, 0),
(146, 'Papier imprimante etiquette Dymo Rhino 4200', 24, 0, 1, 1, 1, 0, 'low', '', '', 0, 0),
(147, 'Cartouche impriante HP Ref 62 Noir', 21, 20990, 1, 1, 1, 0, 'low', '', '', 0, 0),
(148, 'Cartouche impriante HP Ref 62 Couleur', 21, 24890, 1, 1, 1, 0, 'low', '', '', 0, 0),
(243, 'Poivre gris moulu 1kg', 22, 12500, 20, 1, 1, 3, 'low', '0025S2', '', 0, 1),
(244, 'Cumin entier 1kg', 22, 6320, 20, 1, 1, 3, 'low', '007122', '', 0, 0),
(249, 'Laurier feuilles', 22, 6500, 20, 1, 0, 3, 'low', '002571', '', 0, 0),
(250, 'Arome vanille artificiel liquide', 22, 8500, 6, 1, 0, 2, 'low', '003834', '', 0, 0),
(263, 'VEGUSTO 405 2X200G', 19, 5520, 8, 24, 1, 5, 'high', '405', 'commande mini 48 (2 cartons). compter 6 cartons pour 7 jours (13.8€ /kilo)', 0, 1),
(264, 'basilic surgelé', 2, 6280, 3, 2, 0, 4, 'low', 'BAS1', '', 0, 0),
(265, 'Concentre Tomate 28% 5/1 4550gr', 22, 5700, 4, 1, 1, 2, 'high', '001441', '3 SO allumé : 1 pot, 3 SO TATA : 1/2 pot (carton par 3) ', 0, 1),
(266, 'Tomate entiere pelee jus 5/1', 22, 3100, 4, 1, 0, 2, 'high', '001482', '2 pot pour 3 SO tata monique (carton par 3) ', 0, 1),
(269, 'Poivron filet peperoni 4/4 GRECI 800gr', 22, 5900, 4, 1, 1, 2, 'high', '001210', '(emballé par 6) 3 pots pour 1 gastro', 0, 1),
(270, 'Olives noires dénoyautés marque Balsavour ', 22, 3990, 4, 1, 0, 2, 'high', '002416', 'Sachet de 850g égouttées ', 0, 0),
(271, 'Moutarde Amora 5kg ', 22, 9990, 1, 1, 1, 2, 'high', '008069', '1 SO catcheuse : 1kg, 1 SO vegannaise : 480g, 1 SO rockeuse : 130g, distributeur client : 3kg  ', 0, 1),
(272, 'Huile d\\''olive 5L ', 22, 23000, 25, 1, 1, 3, 'high', '111627', '(carton de 3) 3SO tata monique : 500g, 3SO allumé : 660g', 0, 1),
(278, 'Huile tournesol 5L', 22, 7500, 25, 1, 1, 3, 'high', '111666', '(carton de 3) 1BAC carrot cake : 1850g, 1SO catcheuse : 3kg, 1SO veganaise : 2kg, 1SO rockeuse : 1,8kg  ', 0, 1),
(279, 'Vinaigre de cidre 75cl', 22, 1400, 21, 1, 1, 3, 'high', '002606', '1SO rockeuse : 100g, 3SO allume:150g, sauce coleslaw : 320g, sauce salade quinoa:200g, nerveux : entre 30g et 60g ', 0, 1),
(282, 'Ketchup HEINZ en bidon 5,9kg', 22, 16100, 25, 1, 1, 3, 'high', '002427', 'distributeur client 3kg', 0, 1),
(283, 'Sachet 10ml ketchup Heinz x200', 22, 9200, 4, 1, 1, 2, 'high', '005017', 'environ 2 cartons par semaine', 0, 1),
(284, 'Sachet moutarde AMORA 5mL x400', 22, 16900, 4, 1, 1, 2, 'high', '002782', 'environ 1 carton par semaine', 0, 1),
(285, 'Chocolat goutte 4,4kg', 22, 25000, 4, 1, 0, 2, 'high', '013926', 'mousse au choco : 1700g, cookies', 0, 0),
(286, 'Dessert pommes tamisee 850g', 22, 1200, 1, 1, 1, 2, 'high', '000207', '1BAC carrot cake : 1kg', 0, 1),
(289, 'Tabasco 350ml', 22, 13800, 1, 1, 1, 3, 'high', '002664', '1SO rockeuse : 20g', 0, 1),
(290, 'Pois chiche bonduel', 2, 7890, 4, 1, 0, 2, 'high', '', '', 0, 0),
(291, 'Beurre de cacahuète Dakatin 850g', 22, 4400, 1, 1, 0, 2, 'high', '007923', '2 par semaine', 0, 1),
(293, 'Cerneaux de noix 1kg', 22, 10750, 20, 1, 0, 2, 'high', '003731', '', 0, 0),
(294, 'Sel fin 1kg', 22, 250, 20, 1, 1, 3, 'high', '02806', '3SO tata : 100g, 1SO rockeuse : 24g, 3SO allume : 150g, salade quinoa : 20g, cookie : 56g, 1BAC carrot cake : 50g, mousse au choco : 2g   ', 0, 1),
(295, 'Bicarbonate de soude 800g', 22, 2900, 4, 1, 1, 3, 'high', '002844', '1BAC carrot cake : 60g, nettoyage lave vaisselle', 0, 1),
(313, 'Poudre curry indes 250g', 22, 4300, 20, 1, 0, 3, 'high', '002533', '', 0, 0),
(315, 'Piment espelette', 21, 19990, 3, 1, 1, 3, 'high', '', '', 0, 0),
(318, 'Curcuma moulu 1kg', 22, 5500, 20, 1, 1, 3, 'low', '007430', '3SO cornisauce : 5,5cc. mélange épices veganaise catcheuse : 1020g', 0, 0),
(319, 'Gingembre moulu 450g', 22, 3200, 20, 1, 1, 3, 'high', '007599', '1BAC carrot cake : 12g', 0, 0),
(320, 'Canelle poudre', 21, 3760, 3, 1, 1, 3, 'high', '', '', 0, 0),
(321, 'Sucre cassonade 1kg', 22, 1850, 4, 1, 1, 2, 'high', '002911', 'par 6. 1BAC carrot cake : 2800g, cookies : 5000g, tata monique : 60g 3SO allumé : 300g', 0, 1),
(322, 'Maisla Fleur Mais 1kg', 22, 2050, 20, 1, 1, 2, 'high', '007052', 'cookies : 900g', 0, 1),
(323, 'Sucre glace 1kg', 22, 2100, 20, 1, 1, 2, 'medium', '002912', '1SO glacage carrot cake : 3kg', 0, 1),
(324, 'purée sans sel Flocon Pomme de terre', 22, 18900, 1, 1, 0, 2, 'high', '006910', '1 paquet = 5 kilos', 0, 0),
(325, 'Vinaigre d\\''alcool blanc 1,5L', 22, 500, 21, 12, 1, 9, 'high', '002615', 'carton par 12. 3SO cornisauce : 685g  nettoyage restaurant, desinfection tous les legumes', 0, 1),
(326, 'Stylo craie', 22, 2500, 1, 1, 1, 9, 'high', '', '', 0, 0),
(327, 'Sel régénerant lave vaisselle 2Kg', 22, 2800, 4, 1, 1, 2, 'low', '00DM05', '', 0, 1),
(328, 'Gant latex S ', 22, 3300, 4, 1, 1, 9, 'high', '00GV71', '', 0, 1),
(329, 'Gant latex M ', 22, 3300, 4, 1, 1, 9, 'high', '00GV72', '', 0, 1),
(330, 'Gant latex L ', 22, 3300, 4, 1, 1, 9, 'high', '00GV73', '', 0, 1),
(333, 'Champignon', 3, 1990, 3, 1, 0, 1, 'high', '', '3kg pour steak sans gluten', 0, 0),
(336, 'echalotte', 3, 1690, 3, 1, 1, 0, 'medium', '', '1 SO Rockeuse = 250g, 3 SO BALINAIS : 870g', 0, 0),
(339, 'Citronelle baton', 3, 0, 5, 1, 0, 1, 'high', '', '', 0, 0),
(340, 'Oignon blanc', 3, 0, 3, 1, 0, 1, 'high', '', '2,5kg pour la TATA donc 3kg en commande', 0, 1),
(341, 'Figues séchées', 3, 4950, 2, 500, 0, 2, 'high', '', '', 0, 0),
(342, 'Pain Sans gluten x24', 11, 26400, 19, 1, 1, 5, 'high', '', 'Minimum de 11 colis PASSER COMMANDE AVANT 11H POUR LE LENDEMAIN (donc le vendredi pour le lundi)', 0, 1),
(343, 'Glace Fraise', 12, 1550, 4, 10, 0, 4, 'high', '', '', 1, 0),
(344, 'Glace Citron ', 12, 1550, 24, 10, 1, 4, 'high', '', '', 0, 1),
(346, 'Glace Framboise', 12, 1550, 24, 10, 1, 4, 'high', '', '', 0, 1),
(347, 'Glace peche blanche ', 12, 1600, 24, 10, 1, 4, 'high', '', '', 0, 1),
(348, 'POT MAYO 3CL x100', 8, 2800, 8, 1, 1, 8, 'high', 'POT A SAUCE PS 3CL D45MM H40MM', '', 0, 0),
(349, 'CUILLERE CAFE BOIS 11CM/100', 8, 2800, 8, 1, 1, 8, 'high', '', '', 0, 0),
(352, 'Afalfa', 3, 1900, 4, 1, 1, 1, 'high', '', 'topping catcheuse', 0, 0),
(355, 'Biere blondes', 17, 910, 1, 20, 1, 7, 'high', 'LU1200', '', 0, 1),
(358, 'INACTIF', 8, 2750, 1, 0, 0, 9, 'high', '', '', 0, 0),
(359, 'SERVIETTE OUATE 2 PLIS 33x33 N KRAFT /50', 8, 650, 1, 50, 1, 8, 'high', '', 'Carton de 3000', 0, 0),
(360, 'PAILLE NOIRE CHALUMEAU FLEXIBLE NOIR 24CM D.5MM/500', 8, 2950, 8, 100, 0, 8, 'high', '11479', '', 0, 0),
(361, 'Sac VAE Hank  x500', 9, 139, 19, 1, 1, 8, 'high', '', 'FRANCO 8 CARTONS (500p /carton)', 0, 1),
(363, 'Thé vert mangue ', NULL, 2480, 1, 24, 1, 7, 'high', '11719020', '', 0, 0),
(364, 'Boite the vert jasmin bio x24', 14, 2480, 4, 1, 1, 7, 'high', ' 1179004', '', 0, 1),
(365, 'Boite the blanc abricot x24', 14, 2480, 4, 1, 1, 7, 'high', '', '', 0, 0),
(368, 'Boite the vert menthe bio x24 ', 14, 2480, 4, 1, 1, 7, 'high', '', '', 0, 0),
(371, 'Cola bio ', 16, 760, 1, 24, 1, 7, 'high', '', 'Commande par 960 canette soit 40 pack de 24', 0, 1),
(372, 'Farine de riz complet 3kg ', 17, 7770, 20, 1, 0, 2, 'high', '', '', 0, 0),
(373, 'Farine T55 1kg', 22, 600, 20, 1, 0, 2, 'high', '001767', '', 0, 0),
(376, 'Sac plastique poubelle 150L noir fort x100', 22, 18500, 19, 1, 1, 9, 'high', '00PA55', '', 0, 1),
(379, 'Sac sous vide 20*30cm', 22, 65000, 4, 0, 0, 9, 'high', '00SV90', '1 boite = 1000 sacs', 0, 0),
(380, 'Emballage Pleatpak Burger L', 8, 37500, 4, 16, 0, 9, 'high', '', '', 0, 1),
(381, 'Paprika fume 1 kg', 5, 16950, 20, 1, 1, 3, 'high', 'EP288D', '', 0, 0),
(386, 'Serviette HANK  x100', 7, 1600, 1, 30000, 0, 9, 'high', '', '', 0, 0),
(389, 'Echalotte ', 3, 1690, 3, 1, 0, 1, 'high', '', '', 0, 0),
(390, 'Melisse', 3, 890, 5, 1, 0, 1, 'high', '', '', 0, 0),
(391, 'Cerise', 3, 7440, 3, 1, 0, 1, 'high', '', '', 0, 0),
(392, 'Courgette', 3, 1320, 3, 1, 0, 1, 'high', '', 'topping balinais', 0, 0),
(393, 'Concombre', 3, 900, 3, 1, 0, 1, 'high', '', '1,5 pour un shot de gaspacho', 0, 0),
(394, 'Pomme', 3, 0, 3, 0, 0, 1, 'high', '', '', 0, 0),
(395, 'Gouse d\\''ail décortique ', 3, 0, 4, 1, 0, 1, 'high', '', '', 0, 0),
(396, 'Cacahuete grillé', 3, 0, 0, 0, 0, 1, 'high', '', '', 0, 0),
(397, 'Gingembre frais ', 3, 2970, 3, 1, 0, 1, 'high', '', 'par 1kg', 0, 0),
(399, 'Sucre glace ', 3, 0, 3, 1, 0, 2, 'high', '', '', 0, 0),
(402, 'Pain burger', 27, 570, 1, 1, 1, 5, 'high', '', '', 0, 0),
(403, 'Dosettes sucre roux BIO EQUITABLE', 18, 9500, 8, 1, 1, 2, 'high', '420061', '', 0, 0),
(404, 'Z', NULL, 0, NULL, 0, 1, 1, 'high', '', '', 0, 0),
(405, 'Pochette frites 40 cl x1000', 23, 56310, 19, 1, 1, 8, 'medium', '733136', '', 0, 1),
(406, 'Set de plateau HANK', 48, 49, 19, 1, 1, 8, 'low', '', '', 0, 0),
(407, 'Poche a douille rouleau x100', 22, 9500, 4, 1, 0, 9, 'low', '00XX08', '', 0, 0),
(410, 'Farine bio 1kg', 26, 890, 20, 1, 1, 2, 'high', '', '', 0, 0),
(411, 'Jus de fruit Pressade BIO 20cl pomme', 26, 570, 1, 6, 0, 7, 'high', '', '', 0, 0),
(412, 'Jus de fruit Pressade BIO 20cl orange', 26, 580, 1, 6, 0, 7, 'high', '', '', 0, 0),
(415, 'Jus de fruit Pressade BIO 20cl multi', 26, 570, 1, 6, 0, 7, 'high', '', '', 0, 0),
(416, 'Eau plate celtic', 10, 430, 21, 6, 1, 7, 'medium', '', '', 0, 1),
(417, 'Eau petillante forte', 10, 500, 21, 6, 1, 7, 'medium', '', '', 0, 1),
(422, 'Sacs plastique 50L noir x200', 22, 15500, 19, 1, 1, 9, 'low', '00PA70', '', 0, 0),
(423, 'papier cuisson sulfurisé 500 feuilles 40 x 60 CM', 21, 21990, 1, 1, 1, 9, 'high', '076228 6', '', 0, 0),
(424, 'sel regenerant 4*1kg sun', 21, 4070, 4, 1, 1, 9, 'high', '021671 3 ', '', 0, 0),
(427, 'Jus de citron jaune concentré 1 L', 21, 1700, 6, 1, 1, 3, 'high', '059826 8', '', 0, 0),
(428, 'Pois chiches s/s vide 4/1', 22, 7800, 4, 1, 0, 1, 'high', '004706', '', 0, 0),
(429, 'Jus d\\''orange plein fruit 1L', 22, 950, 27, 6, 1, 1, 'high', '003236', '', 0, 1),
(430, 'Sac bretelle 3/7*50cm', 22, 35000, 4, 1, 0, 9, 'high', '00X685', '1 boite = 2000 sacs', 0, 0),
(431, 'Cannelle moulue 250g', 22, 940, 20, 1, 1, 2, 'low', '007130', '', 0, 0),
(432, 'Canelle moulue 1kg', 22, 4500, 20, 1, 0, 2, 'low', '007417', '', 0, 0),
(433, 'Levure chimique baking powder', 22, 5500, 4, 1, 1, 2, 'medium', '003827', '', 0, 1),
(463, 'Laurier 500g', 22, 6500, 20, 1, 0, 1, 'low', '002571', '', 0, 1),
(464, 'Arome vanille liquide 0.5L', 22, 14100, 21, 1, 1, 2, 'high', '003793', '', 0, 0),
(465, 'BICARBONATE DE SODIUM  ', 22, 2900, 4, 1, 0, 2, 'medium', '002844', '1 pièce = 800grm', 0, 0),
(466, 'Piment d\\''espelette moulu 250g', 22, 19990, 20, 1, 1, 2, 'low', '008679', '', 0, 1),
(467, 'Ail semoule 600g', 22, 3500, 1, 1, 0, 2, 'medium', '007376', '', 0, 0),
(468, 'Rouleaux papier CB', 20, 0, 8, 50, 0, 9, 'low', 'AR00003', '', 0, 0),
(469, 'Rouleaux papier CAISSE 80x80x12 mm BPA FREE x 20', 20, 52500, 19, 1, 1, 9, 'low', 'AR00003', 'carton de 20 rouleaux mais à commander par multiple de 50 (demande du fournisseur)', 0, 0),
(478, 'Rouleaux papier CB 57x40x12 mm BPA FREE', 20, 17900, 19, 1, 1, 9, 'low', 'AR00036', 'carton de 50 rouleaux', 0, 0),
(479, 'Levure chimique en sachets de 11grm', 22, 160, 20, 5, 0, 1, 'low', '003723', '', 0, 0),
(480, 'levure chimique 1kg la patelière', 21, 4580, 3, 1, 1, 1, 'high', '073726 2 ', '', 0, 0),
(481, 'Vanille extraits tahiti grain 500g', 22, 25500, 1, 1, 0, 1, 'low', '003839', '', 0, 0),
(482, 'Steak sans gluten/soja UNITAIRE', 32, 700, 1, 8, 1, 1, 'medium', '', 'minimum de 272 par commande (38euros frais de livraison), 680 : 28 euros, 1334 : 0 euros', 0, 1),
(483, 'Arôme Vanille liquide', 3, 6500, 6, 1, 0, 2, 'high', '', '', 0, 0),
(484, 'Serviette HANK 35x100', 9, 63000, 19, 1, 1, 8, 'high', '', 'prix unit 0.018', 0, 0),
(485, 'COUTEAU BOIS 16.5CM', 8, 3750, 8, 100, 1, 8, 'high', '10221', '', 0, 0),
(495, 'COUVERCLE GOBELET PLASTIQUE VERRE GRAND', 8, 1900, 8, 50, 0, 8, 'high', 'COUVERCLE PLAT POUR GOBELET RPET 20-25-30CL', '', 0, 0),
(496, 'COUVERCLE POT MAYO', 8, 1600, 8, 100, 1, 8, 'high', 'COUVERCLE POUR POT A SAUCE PS 3CL D45MM', '', 0, 0),
(499, 'Papier alimentaire - set de plateau HANK', 9, 4450, 19, 1, 1, 8, 'high', '', 'Prix au kilo', 0, 1),
(500, 'Olives', 3, 5850, 4, 1, 0, 2, 'high', '', '', 0, 0),
(536, 'Poudre d\\''ail', 3, 0, 3, 1, 0, 2, 'high', '', '', 0, 0),
(537, 'Amande complète Espagne 10kg', 17, 18730, 20, 1, 0, 6, 'high', '', '', 0, 0),
(540, 'Flocons d\\''avoine petits 5kg', 17, 10200, 20, 1, 0, 6, 'high', '', '', 0, 0),
(541, 'Graine de courge 3kg', 17, 36060, 20, 1, 0, 6, 'high', '', '', 0, 0),
(544, 'Huile coco 200g', 17, 4730, 21, 1, 0, 2, 'high', '', '', 0, 0),
(545, 'Tournesol décortiqué 20kg', 17, 143600, 20, 1, 0, 6, 'high', '', '', 0, 0),
(546, 'sel kalanamak powder top op', 24, 1150, 8, 100, 1, 3, 'high', '', '', 0, 0),
(547, 'Figues seche layer 500g', 22, 2200, 8, 1, 1, 2, 'high', '004328', '1SO rockeuse : 2', 0, 1),
(548, 'Olives noires rondelles 3/1 1560gr', 22, 3600, 4, 1, 1, 2, 'high', '002404', '1 boite = 1 gastro', 0, 1),
(563, 'CRUNCHY NATURE 500GR BIO GRANOLA', 33, 3190, 8, 6, 1, 2, 'low', 'CRUNCHNAT0026', '', 0, 0),
(564, 'Bananes', 3, 1650, 3, 1, 0, 1, 'high', '', '4620gr pour 30 smoothies', 0, 0),
(565, 'Lait de coco 480g', 22, 1200, 4, 1, 0, 2, 'high', '008381', '1 carton = 24 pot. pour 30 smoothies : 12 pots', 0, 1),
(610, 'Boîte alimentaire Multipack salade 250 cc x100 x6', 23, 33070, 19, 1, 0, 8, 'low', 'M250C', '', 0, 0),
(611, 'Poivrons rouges', 3, 2090, 1, 1, 0, 1, 'high', '', '1 par shot de gaspacho', 0, 1),
(616, 'Basilic', 3, 0, 5, 1, 0, 1, 'high', '', '', 0, 0),
(617, 'Poivron rouge', 3, 0, 1, 1, 0, 1, 'high', '', '', 0, 0),
(618, 'Poivrons verts', 3, 0, 1, 1, 0, 0, 'high', '', '', 0, 0),
(621, 'Brocolis', 3, 0, 3, 1, 0, 0, 'high', '', '', 0, 0),
(622, 'Aubergines', 3, 0, 1, 1, 0, 0, 'high', '', '', 0, 0),
(623, 'Sucre vanille 1kg', 22, 4900, 4, 1, 1, 2, 'medium', '003828', '1BAC carrot cake : 80g', 0, 1),
(624, 'Purée amande blanche 5K', 40, 25990, 24, 1, 1, 2, 'low', 'HE0719', '', 0, 1),
(625, 'UNACTIVE', 40, 0, 6, 0, 0, 2, 'medium', '', '', 0, 0),
(626, 'UNACTIVE', 40, 0, 3, 0, 0, 0, 'medium', '', '', 0, 0),
(627, 'levure maltée', 40, 17520, 3, 10, 0, 2, 'low', 'AG2000', '', 0, 0),
(628, 'Gomme de guar sachet 30g', 40, 1740, 1, 16, 1, 2, 'low', 'NC2527', '', 0, 0),
(632, 'Liquid smoke', 43, 7560, 7, 340, 0, 2, 'low', '', 'https://www.boutique-vegan.com/fr/alimentation/condiments/Fum-e-liquide-Hickory.html?listtype=search&searchparam=liquid smoke', 0, 0),
(633, 'Carraghenanes', 44, 62990, 3, 1, 1, 2, 'low', '', 'http://www.cuisineaddict.com/achat-carraghenanes-de-sodium-1-kg-louis-francois-1902.htm', 0, 0),
(634, 'Arome FROMAGE parmesan 105ml', 45, 6250, 21, 1, 1, 2, 'low', '', 'http://www.culinaide.com/arome-fromage-italien-1900226.htm', 0, 1),
(635, 'carotte', 42, 540, 3, 1, 0, 2, 'high', '', '', 0, 0),
(636, 'tomate', 42, 1090, 3, 1, 1, 1, 'high', '', '', 0, 0),
(637, 'roquette', 42, 9840, 4, 1, 0, 1, 'high', '', '', 0, 0),
(638, 'Cola', 47, 760, 1, 24, 1, 7, 'medium', '', '', 0, 1),
(639, 'Limonade', 47, 760, 1, 24, 0, 7, 'medium', '', '', 0, 0),
(640, 'Ice tea', 47, 760, 1, 24, 0, 7, 'medium', '', '', 0, 0),
(641, 'Huile d\\''olive 5L ', 41, 23000, 25, 1, 1, 3, 'high', '001627', '5*1L', 0, 1),
(642, 'Sucre cassonade 1kg', 41, 1850, 8, 1, 1, 2, 'high', '002911', '', 0, 1),
(643, 'Lait de soja', 40, 1320, 6, 6, 1, 7, 'low', 'SY1401', '', 0, 0),
(645, 'Champignon', 42, 2160, 3, 1, 1, 1, 'high', '', '', 0, 0),
(647, 'aubergines', 42, 2410, 3, 1, 1, 1, 'high', '', '', 0, 0),
(648, 'Courgette', 42, 1310, 3, 1, 1, 1, 'high', '', '', 0, 0),
(649, 'Basilic', 42, 450, 5, 1, 1, 1, 'high', '', '', 0, 0),
(650, 'Thym 1kg', 41, 7500, 20, 1, 1, 3, 'low', '008277', '', 0, 0),
(651, 'Menthe tige', 42, 490, 5, 1, 1, 1, 'high', '', '', 0, 0),
(652, 'Citron jaune', 42, 2390, 3, 1, 1, 1, 'high', '', '', 0, 0),
(653, 'Pomme de terre charlotte', 42, 1010, 3, 1, 1, 5, 'high', '', '', 0, 0),
(654, 'Tomates cerises 250g', 42, 1030, 4, 1, 1, 5, 'high', '', '', 0, 0),
(655, 'Thym', 42, 0, 5, 1, 0, 5, 'high', '', '', 0, 0),
(656, 'Origan frais', 42, 590, 5, 1, 1, 5, 'high', '', '', 0, 0),
(657, 'Pousse epinard', 42, 7480, 3, 1, 1, 5, 'high', '', '', 0, 0),
(658, 'Grenade', 42, 0, 1, 1, 0, 5, 'high', '', '', 0, 0),
(659, 'Ananas', 42, 2320, 1, 1, 1, 5, 'high', '', '', 0, 0),
(660, 'Glace Fraise', 49, 1550, 4, 10, 0, 4, 'high', '', '', 1, 0),
(661, 'Glace Citron ', 49, 1550, 4, 10, 1, 4, 'high', '', '', 0, 0),
(662, 'Glace Framboise', 49, 1550, 4, 10, 1, 4, 'high', '', '', 0, 0),
(663, 'Glace peche blanche ', 49, 1600, 4, 10, 1, 4, 'high', '', '', 0, 0),
(664, 'Poivrons filet peperoni 4/4 GRECI', 41, 5900, 4, 1, 1, 2, 'high', '001210', '', 0, 0),
(665, 'Huile de tournesol 5L', 41, 7500, 25, 1, 1, 3, 'high', '001666', '', 0, 0),
(666, 'dessert pommes tamisée Puree pomme allégé en sucre 4/4', 41, 1200, 4, 1, 1, 2, 'high', '000207', '', 0, 0),
(667, 'Sel fin Cebo 1kg', 41, 250, 20, 1, 1, 3, 'high', '02806', '', 0, 1),
(668, 'Bicarbonate de soude 800g', 41, 2900, 4, 1, 1, 3, 'high', '2844', '', 0, 1),
(669, 'Jus de citron 1L', 41, 2800, 21, 1, 1, 7, 'high', '002605', '', 0, 0),
(670, 'Vinaigre d\\''alcool blanc 1.5L', 41, 500, 21, 12, 1, 9, 'high', '002615', '', 0, 1),
(671, 'Craies', 41, 2500, 4, 1, 0, 9, 'high', '', '', 0, 0),
(672, 'Sel régénerant 2Kg', 41, 2800, 4, 1, 1, 2, 'high', '00DM05', '', 0, 0),
(673, 'Gants S x100', 41, 3300, 4, 1, 1, 9, 'high', '00GV71', '', 0, 0),
(674, 'Gants M x100', 41, 3300, 4, 1, 1, 9, 'high', '00GV72', '', 0, 0),
(675, 'Gants L x100', 41, 3300, 4, 1, 1, 9, 'high', '00GV73', '', 0, 0),
(681, 'Sucre vanillé 1kg', 41, 4900, 4, 1, 1, 2, 'high', '003828', '', 0, 0),
(682, 'Sacs plastiques poubelle 150L x100', 41, 18500, 19, 1, 1, 9, 'high', '00PA55', '', 0, 0),
(683, 'Papier hygiènique toilette maxi jumbo x6', 41, 14000, 8, 1, 1, 9, 'high', '00GP78', '', 0, 0),
(684, 'Essuie-mains papier diamètre 20 x6', 41, 10320, 8, 1, 1, 0, 'high', 'PH22', 'QS : 20', 0, 0),
(685, 'Eponge x10 basic egao eco', 41, 7500, 8, 1, 1, 9, 'high', '00HE67', 'QS : 0', 0, 1),
(686, 'Film etirable 30cmx300m', 41, 3600, 4, 1, 1, 9, 'high', '00KF01', 'QS : 0', 0, 1),
(687, 'Papier cuisson GN 1/1 x500', 41, 24000, 4, 1, 1, 9, 'high', '00YY20', 'QS : 0', 0, 1),
(688, 'POCHE DOUILLE PATISSIERE x100', 41, 9500, 4, 1, 0, 9, 'high', '00XX08', 'QS : 0', 0, 0),
(689, 'sacs plastique 50L pebd35 x200', 41, 15500, 19, 1, 0, 9, 'high', '00PA70', 'QS : 28 sacs', 0, 0),
(690, 'sac bretelle 3/7*50cm ', 41, 35000, 4, 1, 0, 9, 'high', '00X685', '', 0, 0),
(691, 'LEVURE CHIMIQUE baking powder 1kg', 41, 5500, 4, 1, 1, 2, 'high', '003827', 'QS : 0', 0, 1),
(692, 'AROME VANILLE NATUR LIQUIDE 50cl', 41, 14100, 21, 1, 1, 2, 'high', '003793', 'QS : 0', 0, 1),
(693, 'Jus d\\''ananas plein fruit', 22, 1300, 27, 6, 1, 2, 'high', '003238', '', 0, 1),
(698, ' Sésame blond', 53, 4090, 3, 3, 0, 2, 'low', '', '', 0, 0),
(699, 'Noix de cajou Vietnam', 40, 16440, 3, 5, 0, 2, 'low', 'AG3012', '', 0, 0),
(700, 'Pot purée d''amande blanche 350g', 40, 11390, 1, 1, 0, 0, 'low', 'HE0707', '', 0, 0),
(708, 'Pignon de pin Italie', 40, 68400, 3, 2.5, 0, 2, 'low', 'BC5501', '', 0, 0),
(709, 'Sésame blond complet', 40, 4640, 3, 25, 0, 2, 'low', 'CE6108', '', 0, 0),
(715, 'crème de poivron pot de 20g', 42, 3950, 1, 1, 0, 0, 'low', '', '', 0, 0),
(716, 'Poudre ail', 42, 11900, 3, 1, 1, 3, 'medium', '', '', 0, 1),
(717, 'noix de cajoux', 42, 18500, 3, 1, 0, 2, 'medium', '', '', 0, 0),
(718, 'pignon de pin', 42, 30000, 3, 1, 1, 2, 'low', '', '', 0, 0),
(719, '* pignon de pins 1kg', 41, 25000, 20, 1, 1, 2, 'medium', '35A7', 'QS : 2', 0, 1),
(720, 'Farine de pois chiches', 41, 1600, 3, 1, 0, 2, 'medium', '', '', 0, 0),
(721, 'Vinaigre Balsamique ', 41, 0, 6, 1, 1, 2, 'high', '?', 'QS : 1', 0, 1),
(722, 'Artichauts en quartiers à l\\''huile GRECI PRONTOFRESCO ', 41, 7950, 4, 1, 0, 2, 'high', '4/4', 'boite 800gr', 0, 0),
(725, ' Farine de manioc 500g', 53, 3450, 1, 1, 0, 0, 'high', '', '', 0, 0),
(726, 'Gomme guar sachet 60g', 53, 1790, 1, 1, 1, 2, 'low', '', '', 0, 0),
(727, 'Farine de pois chiche', 53, 3150, 3, 3, 1, 0, 'medium', '', '', 0, 0),
(728, 'Noix de cajou', 53, 17238, 3, 5, 0, 2, 'low', '', '', 0, 0),
(729, 'Levure de biere / levure maltee', 53, 10030, 3, 3, 1, 2, 'low', '', '', 0, 0),
(730, 'Semoule fine', 52, 0, 8, 0, 1, 2, 'high', '', '', 0, 0),
(731, '* Semoule de blé fine', 41, 7500, 3, 5, 0, 2, 'high', '', '', 0, 0),
(732, 'Nettoyant vitres 5L', 41, 3500, 25, 1, 1, 9, 'high', '', 'QS : 0', 0, 0),
(733, '* Crème de truffe MENU', 54, 14500, 3, 0.75, 1, 2, 'high', '', 'promotion en ce moment de 15 à 12,95 euros', 0, 0),
(734, '* Capres / Câpres', 54, 7240, 3, 1, 0, 2, 'high', '', '', 0, 0),
(735, '* Farine bio Molini Figna W280', 55, 1200, 3, 25, 1, 2, 'high', '', '', 0, 0),
(736, 'Polpa tomates pulpe MUTTI 5/1', 55, 5090, 4, 1, 1, 0, 'high', '', '', 0, 0),
(737, 'EAU PLATE CELTIC', 46, 430, 21, 6, 1, 0, 'high', '416 ', '', 0, 1),
(738, 'EAU PETILLANTE FORTE', 46, 500, 21, 6, 1, 0, 'high', '417 ', '', 0, 1),
(739, 'Sel fumé', NULL, 0, NULL, 0, 1, 0, 'high', '', 'chez G. Detou 58, rue Tiquetonne 75002 Paris', 0, 0),
(740, 'Noisette concassée', 52, 0, 3, 0, 1, 0, 'high', '', '', 0, 0),
(741, '* POLPACHEF - PULPE DE TOMATE 5/1', 56, 4080, 4, 3, 1, 2, 'high', '4016', '', 0, 1),
(742, 'UNACTIVE', 59, 0, 3, 0, 0, 2, 'medium', '', '', 0, 0),
(743, 'Noix de cajou', 59, 0, 3, 0, 0, 0, 'high', '', '', 0, 0),
(744, 'TOFU FUME', 59, 0, 3, 0, 0, 0, 'high', '', '', 0, 0),
(745, 'Levure de boulanger fraiche', 42, 0, 4, 1, 0, 5, 'medium', '', '', 0, 0),
(746, 'Sucre blanc en poudre 1KG', 42, 2970, 8, 1, 1, 2, 'high', '', '', 0, 1),
(747, 'Huile de coco désodorisée', 59, 0, 3, 0, 0, 2, 'high', '', '', 0, 0),
(748, 'Tahin - Tahina crème sésame 454g', 52, 5600, 4, 1, 1, 2, 'high', '', '', 0, 0),
(749, 'Farine de manioc', 59, 0, 3, 0, 0, 2, 'high', '', '', 0, 0),
(750, 'Carragghénane', 59, 0, 4, 0, 0, 0, 'high', '', '', 0, 0),
(751, 'Graine de sésame', 42, 0, 3, 1, 0, 0, 'high', '', '', 0, 0),
(752, 'Sacs poubelle 10L', 41, 0, 18, 1, 0, 9, 'high', '', '', 0, 0),
(753, 'The vert jasmin bio 1179004', 50, 2480, 1, 24, 1, 7, 'high', ' 1179004', '', 0, 0),
(754, 'The blanc abricot', 50, 2480, 1, 24, 0, 7, 'high', '', '', 0, 0),
(755, 'The vert menthe bio ', 50, 2480, 1, 24, 1, 7, 'high', '', '', 0, 0),
(756, 'Cranberry THE BERRY COMPANY 33CL', 46, 901, 27, 12, 1, 0, 'high', '', 'Prix HT', 0, 1),
(757, 'Açai berry THE BERRY COMPANY 33CL', 46, 901, 27, 12, 1, 0, 'high', '009991', 'Prix HT', 0, 1),
(758, 'Goji Berry THE BERRY COMPANY 33CL', 46, 901, 27, 12, 1, 0, 'high', '100010', 'Prix HT', 0, 1),
(759, 'BAHIA Grenade 33CL', 46, 901, 27, 12, 1, 0, 'high', '', 'Prix HT', 0, 0),
(760, 'BAHIA Mangue 33CL', 46, 901, 27, 12, 1, 0, 'high', '', 'Prix HT', 0, 0),
(761, 'BAHIA Pitaya 33CL', 46, 10819, 1, 12, 0, 0, 'high', '', 'Prix HT', 0, 0),
(762, 'Creme de truffe', 56, 6340, 1, 6, 0, 2, 'high', '7055', 'pot de 380gr, 16.68€ /kilo', 0, 0),
(764, '* QUARTIERS D\\''ARTICHAUT A L\\''HUILE pour pizza', 56, 18300, 4, 6, 1, 2, 'high', '346', '18.3 euros le kilo, pas la boite', 0, 1),
(765, 'Lait de soja', 58, 990, 6, 1, 0, 2, 'high', '', '', 0, 0),
(766, 'Noix de cajou 22,68 Kg', 58, 243810, 19, 1, 1, 2, 'high', '', '12.25€ /kilo au 1/11/17', 0, 1),
(767, 'Alberts TOFU smoked, 1kg', 60, 7190, 3, 1, 0, 5, 'high', '', '', 0, 0),
(768, 'huile de coco désodorisée bio', 61, 11604, 3, 1, 1, 2, 'high', '', '', 0, 1),
(769, 'Farine Tapioca / manioc 400g', 52, 1630, 8, 1, 1, 2, 'high', '', '', 0, 0),
(770, 'Graine de sesame / sésame blond', 52, 8010, 3, 1, 1, 2, 'high', '', '', 0, 0),
(771, 'Sel Salish', 62, 23000, 3, 1, 1, 3, 'high', '', '', 0, 1),
(772, 'Paprika fumé', 62, 6900, 3, 500, 1, 3, 'high', '', '', 0, 0),
(773, '* LIQUIDHICKORYSMOKE 1,89l', 63, 7500, 21, 1, 1, 3, 'high', '', '', 0, 0),
(774, 'Rouleaux papier CAISSE 80x80x12 mm BPA FREE', 51, 52500, 19, 1, 1, 9, 'high', '', 'carton de 20 rouleaux mais commander multiple de 50 (demande du fournisseur)', 0, 1),
(775, 'Rouleaux papier CB 57x40x12 mm BPA FREE', 51, 17900, 19, 1, 1, 9, 'high', '', 'carton de 50', 0, 1),
(776, 'FREDDE NATURE', 64, 7900, 1, 2, 1, 5, 'high', '', 'Total HT livré 8.2', 0, 0),
(777, 'FREDDE TOMATE', 64, 8900, 1, 2, 1, 5, 'high', '', '', 0, 0),
(778, 'YOGOURT NATURE', 40, 1270, 24, 6, 1, 0, 'high', 'NA6002', '', 0, 0),
(779, 'CUBI VIN ROUGE IGP OC SYRAH VEREDUS RGE 14° 3L', 40, 9950, 26, 1, 1, 0, 'high', 'LF1002', '', 0, 1),
(780, 'CUBI VIN BLANC BORDEAUX BLANC SEC AOC 3L', 40, 10670, 26, 6, 1, 7, 'high', 'ME0004', 'vendus par 6', 0, 1),
(781, 'BIERE BLONDES', 40, 910, 1, 20, 1, 7, 'high', 'LU1200', '', 0, 0),
(782, 'TOURNESOL DéCORTIQUé 20KG', 40, 7180, 3, 20, 0, 2, 'high', '', '', 0, 0),
(783, 'CUILLERE CAFE', 65, 280, 8, 100, 1, 8, 'medium', '', '', 0, 0),
(784, 'SERVIETTE OUATE 2 PLIS 33x33 N KRAFT /50', 65, 650, 1, 50, 1, 8, 'low', '', 'carton de 3000', 0, 0),
(785, 'PAILLE NOIRE CHALUMEAU FLEXIBLE NOIR 24CM D.5MM/500', 65, 2950, 8, 100, 1, 8, 'low', '11479', '', 0, 0),
(786, 'GOBELET GRAND PLASTIQUE', 65, 2450, 8, 50, 1, 8, 'high', 'GOBELET PLAST. RECYC RPET 30CL /50', '', 0, 0),
(787, 'GOBELET CAFE', 65, 2050, 19, 1600, 1, 8, 'high', 'GOBELET CARTON BLANC 10CL/80', '', 0, 0),
(788, 'COUVERCLE GOBELET CAFE', 65, 1650, 1, 100, 1, 8, 'high', 'OUVERCLE POUR GOBELET 10/12CL', '', 0, 0),
(789, 'GOBELET THE', 65, 67200, 4, 500, 1, 8, 'low', 'GOBELET CARTON DOUBLE PAROI BEIGE OU BRUN 35CL', '', 0, 0),
(790, 'COUVERCLE GOBELET THE', 65, 3850, 8, 100, 1, 8, 'low', 'COUVERCLE DOME BLANC POUR GOBELET 30 A 50CL/100', '', 0, 0),
(791, 'FOURCHETTES BOIS 15.8CM/100', 65, 3200, 1, 100, 1, 8, 'low', '10220', '', 0, 0),
(792, 'COUTEAU BOIS 16.5CM', 65, 3750, 8, 100, 1, 8, 'medium', '10221', '', 0, 0),
(793, 'COUVERCLE GOBELET PLASTIQUE VERRE GRAND', 65, 1900, 8, 50, 1, 8, 'high', 'COUVERCLE PLAT POUR GOBELET RPET 20-25-30CL', '', 0, 0),
(794, 'Pod Cafe Honduras x25', 67, 9700, 4, 1, 1, 7, 'medium', '420750', 'code client : 90735', 0, 1),
(795, 'Dosettes sucre roux BIO EQUITABLE', 67, 9500, 0, 1, 1, 2, 'high', '420061', '', 0, 0),
(796, 'Graine de tournesol PRIMEAL 3KG', 41, 12600, 8, 1, 1, 6, 'high', '', 'QS : 6', 0, 1),
(797, 'Chocolat goutte 44% 10kg', 41, 25000, 8, 1, 1, 2, 'high', '013926', 'QS : 12', 0, 1),
(798, 'Poire comice ou conférence', 42, 0, 3, 1, 0, 5, 'high', '', '', 0, 0),
(799, 'Pomme GALA', 42, 0, 3, 1, 1, 5, 'high', '', '', 0, 0),
(800, 'Graine de tournesol', 69, 3000, 3, 1, 1, 2, 'high', 'http://generationcooking.com/fruits-secs/3533-graines-de-tournesol-1-kg.html', '', 0, 0),
(801, 'BIONADE PLANTE', 10, 8640, 19, 12, 0, 7, 'high', '', 'Carton de 12 bouteilles', 0, 1),
(803, 'Farine bio T65', 66, 890, 3, 1, 1, 6, 'medium', '', '', 0, 0),
(804, 'Eau minérale naturelle 50cl MONTROUCOUS', 66, 537, 21, 24, 1, 0, 'high', '', '', 0, 1),
(805, 'Lait de soja bio', 66, 1280, 6, 1, 1, 2, 'medium', '', '', 0, 1),
(806, 'Pressade Orange 20cl', 66, 550, 1, 6, 0, 7, 'medium', '', '', 0, 0),
(807, 'Pressade multi 20cl', 66, 540, 1, 6, 0, 7, 'medium', '', '', 0, 0),
(808, 'Poudre d\\''amande', 42, 0, 3, 1, 1, 2, 'medium', '', '', 0, 0),
(809, 'Jus de Raisin 1L', 22, 1150, 27, 6, 1, 2, 'high', '003239', 'par 6 bouteille. 1SO rockeuse : 470g', 0, 1),
(810, 'Liquide Menager Pin 5L', 22, 5000, 25, 1, 1, 9, 'low', '00DB02', '', 0, 1),
(811, 'PASTILLE LAVE-VERRE FINISH POWERBALL C x125', 22, 35500, 1, 1, 0, 9, 'high', '00DM44', '', 0, 0),
(812, 'PASTILLE LAVE VAISSELLE 6EN1 3,3kg', 22, 28500, 24, 1, 1, 9, 'high', '00DM47', '', 0, 1),
(813, 'Detartrant decalcarisant (LAVE VAISSELLE) 5L', 22, 6800, 25, 1, 1, 9, 'low', '00DT03', '', 0, 0),
(814, 'SAC 25Kg SEL EN PASTILLE POUR LAVE VAISSELLE', 22, 7100, 1, 1, 0, 9, 'low', '00DM07', '', 0, 0),
(815, 'Vaisselle citron concentre 5L', 22, 7500, 25, 1, 1, 9, 'low', '00DC01', '', 0, 0),
(816, 'LIQUIDE VAISSELLE MAIN CITRON CONCENTR 5L', 41, 7500, 21, 1, 1, 9, 'low', '00DC01', 'QS : 0', 0, 0),
(817, 'SAC 25Kg SEL EN PASTILLE POUR LAVE VAISSELLE', 41, 7100, 20, 1, 0, 9, 'low', '00DM07', 'QS : 0', 0, 0),
(818, 'DETARTRANT LAVE VAISSELLE 5L', 41, 6800, 25, 1, 1, 9, 'low', '00DT03', 'QS : 0', 0, 0),
(819, 'LIQUIDE MENAGER PIN 5L', 41, 5000, 25, 1, 1, 9, 'low', '00DB02', 'QS : 0', 0, 0),
(820, 'PASTILLE LAVE-VERRE FINISH POWERBALL C x125', 41, 32000, 19, 1, 0, 9, 'high', '00DM44', '', 0, 0),
(821, 'Moule de cuisson (emballage carrot cake)', 21, 7190, 8, 1, 1, 8, 'medium', '', '0.14 piece', 0, 1),
(822, 'CHOU KALE', 42, 6950, 3, 1, 0, 1, 'high', '', '', 0, 0),
(823, 'PATATE DOUCE', 42, 1980, 3, 1, 0, 1, 'high', '', '', 0, 0),
(824, 'BAHIA Pitaya 33CL', 10, 10819, 19, 12, 0, 0, 'high', '', 'Prix HT', 0, 0),
(825, 'BAHIA Mangue 33CL', 10, 10819, 19, 12, 0, 0, 'high', '', 'Prix HT', 0, 0),
(826, 'BAHIA Grenade 33CL', 10, 10819, 19, 12, 0, 0, 'high', '', 'Prix HT', 0, 0),
(827, 'Goji Berry THE BERRY COMPANY 33CL', 10, 901, 21, 12, 1, 0, 'high', '100010', 'Prix HT', 0, 1),
(828, 'Açai berry THE BERRY COMPANY 33CL', 10, 901, 21, 12, 1, 0, 'high', '009991', 'Prix HT', 0, 1),
(829, 'Cranberry THE BERRY COMPANY 33CL', 10, 901, 21, 12, 1, 0, 'high', '', 'Prix HT', 0, 1),
(830, 'Boîte Kraft avec Imprimé Bon Appétit en carton - unit : 250/carton, dimension : 22x15x7 cm ', 72, 28250, 4, 1, 1, 8, 'medium', 'CAB104', '', 0, 0),
(831, 'Moule en carton de Cuisson pour cake - unit : 75/paquet, dimension : 8x4x4cm', 72, 11620, 4, 1, 1, 8, 'medium', '683058', '', 0, 0),
(832, 'Pot rond dessert + couvercle MOUSSE CHOCOLAT x100', 72, 7920, 4, 1, 0, 8, 'medium', 'JP5B', '', 0, 0),
(833, 'Sac papier kraft avec poignée - unit : 250/carton, dimension : 26x17x25 cm', 72, 25000, 8, 1, 1, 8, 'medium', '261725', '', 0, 0),
(834, 'PASTILLE LAVE VAISSELLE 6EN1 S3,3K', 41, 28500, 19, 1, 1, 9, 'high', '00DM47', 'QS : 0', 0, 1),
(835, 'Gousse d\\''ail', 3, 480, 1, 1, 1, 1, 'high', '', 'Piece = tete d\\''ail - par 3 pour la tata', 0, 1),
(836, 'Moule en carton de Cuisson pour carrot cake - unit : 75/paquet, dimension : 8x4x4cm', 73, 11620, 8, 1, 1, 8, 'medium', '683058', '', 0, 0),
(837, 'Pot rond dessert + couvercle x1000', 73, 69920, 19, 1, 1, 8, 'medium', 'JP5', '', 0, 0),
(838, 'Pois chiches BONDUELLE 5/1', 41, 6500, 4, 1, 1, 2, 'high', '0013B7', 'QS : 8', 0, 1),
(839, 'Pois chiches LE SAVOURIN 5/1', 41, 2900, 4, 1, 0, 2, 'medium', '008159', '', 0, 0),
(840, 'Farine de ble noir (sarrasin) 1kg', 41, 1900, 8, 1, 0, 2, 'high', '005014', '', 0, 1),
(841, 'Couvercle pour gobelet plastique 30 cl X2000', 23, 45600, 19, 1, 0, 8, 'medium', '711195', '', 0, 0),
(842, 'Gobelet plastique PP transparent 30 cl', 23, 57260, 19, 1, 0, 8, 'medium', '183604', '', 0, 0),
(844, 'SUCRE GLACE 1kg', 41, 2100, 8, 1, 1, 2, 'high', '002912', 'QS : 2', 0, 1),
(845, 'Huile d\\''olive arome truffe 250ML Tuber France', 52, 12370, 21, 1, 1, 2, 'high', '105772', 'Metro bercy David manager Frais https://shop.metro.fr/produits-alimentaires/epicerie-salee/epicerie-fine/truffe-morille/huile-d-olive-aromatisee-a-la-truffe-250-ml-ref105772.html', 0, 1),
(846, 'TOFU FUME Amandes-Sésame 200g', 43, 2130, 1, 1, 1, 5, 'high', 'FCTAT0050', '', 0, 0),
(847, 'Bière fut de 20L', 68, 61190, 1, 1, 1, 7, 'medium', '', 'Commande de 5 max', 0, 0),
(848, 'Poudre oignon', 52, 0, 3, 0, 1, 2, 'low', '', '', 0, 0),
(849, 'Boîte alimentaire Multipack 500 cc x400', 71, 47200, 19, 1, 1, 8, 'high', 'M500C', '', 0, 0),
(850, 'Boite grande salade - Pot rond en carton kraft avec couvercle en plastique PET - contenance : 750cc x200', 72, 39920, 19, 1, 1, 8, 'low', 'EK200', '', 0, 0),
(851, 'Sachets huile piquante', 52, 0, 8, 0, 1, 2, 'medium', '', '', 0, 0),
(852, 'Piment espelette', 52, 0, 1, 0, 1, 2, 'medium', '', '', 0, 1),
(853, 'Violife pour Pizza 2.5kg', 43, 16000, 8, 1, 1, 5, 'medium', 'FCVIO9010', '', 0, 1),
(854, 'Margarine', 52, 0, 1, 0, 1, 5, 'high', '', '', 0, 1),
(855, 'Panier Téflon perforé', 74, 48000, 1, 1, 1, 11, 'low', '100011', '', 0, 0),
(856, 'Panier Téflon plein', 74, 62000, 1, 1, 1, 11, 'low', 'NGC-1331', '', 0, 0),
(857, 'Pelle à pizza', 74, 44000, 1, 1, 1, 11, 'low', 'NGC-1478', '', 0, 0),
(858, 'Pierre de Cuisson renforcée', 74, 99000, 1, 1, 1, 0, 'low', 'NGC-3063', '', 0, 0),
(859, 'Feuille de cuisson teflon', 74, 1000, 1, 1, 1, 0, 'low', '', '', 0, 0),
(860, 'Cleaner par carton de 6 bouteilles', 74, 60000, 19, 1, 1, 0, 'low', '103180CS', '', 0, 0),
(861, 'Guard par carton de 6 bouteilles', 74, 60000, 1, 1, 1, 0, 'low', '103181CS', '', 0, 0),
(862, 'Quinoa de France 5kg', 40, 7200, 3, 1, 1, 2, 'medium', 'GV1002', '', 0, 0),
(863, 'Bionade citron bergamotte', 10, 723, 21, 12, 0, 7, 'high', '', '', 0, 1),
(864, 'Quinoa sac de 2,5 kilo', 41, 15500, 20, 1, 0, 2, 'medium', '1150', '', 0, 0),
(865, 'Levure maltée flocons 10kg', 40, 175200, 20, 1, 1, 2, 'low', 'AG2000', 'stock mini : 2kg', 0, 1),
(866, 'Quinoa blond de France 2.5kg', 22, 15500, 20, 1, 1, 2, 'medium', '001140', '1 sac tous les 2/3 jours ', 0, 1),
(867, ' Pois chiche Le Savourin 5/1', 22, 6500, 4, 1, 0, 0, 'high', '0013B7', '1kg pour environ 40 salades du jour. 1 boite pour mousse au choco', 0, 0),
(868, 'Gant vinyle petit S x100', 22, 2300, 4, 1, 1, 0, 'high', '00G071', 'pour personne allergique aux autres gants', 0, 1),
(869, 'Arrow-root 250g', 40, 2260, 8, 6, 1, 2, 'low', 'CE6404', '', 0, 1),
(870, 'Tapioca 250g', 40, 1680, 8, 6, 1, 2, 'low', 'MA8028', '', 0, 0),
(871, 'Couvercle gobelet the CO 1000 COUV NOIR GOB 24/30CL', 23, 30880, 19, 1000, 0, 8, 'low', 'COUVGOB25N', '', 0, 0),
(872, 'Gobelet café CO 2000 GOB CARTON BRUN 10CL', 23, 47430, 19, 1, 0, 8, 'low', 'GOB10BRUN', '', 0, 0),
(873, 'Gobelet the CO1000 GOB CARTON BRUN 30/35CL', 23, 56160, 19, 1000, 0, 8, 'low', 'GOB30BRUN', '', 0, 0),
(874, 'couvercle gobelet cafe Couvercle pour gobelet 10cl X1000', 23, 25840, 19, 1, 0, 8, 'medium', 'COUVGOB10N', '', 0, 0),
(875, 'couvercle gobelet cafe Couvercle pour gobelet 10cl x1000', 71, 32300, 19, 1, 1, 8, 'medium', 'COUVGOB10N', '', 0, 0),
(876, 'Gobelet the CO1000 GOB CARTON BRUN 30/35CL x1000', 71, 56160, 19, 1, 1, 8, 'low', 'GOB30BRUN', '', 0, 0),
(877, 'Gobelet café CO 2000 GOB CARTON BRUN 10CL x2000', 71, 47430, 19, 1, 1, 8, 'low', 'GOB10BRUN', '', 0, 0),
(878, 'Couvercle gobelet the CO 1000 COUV NOIR GOB 24/30CL x1000', 71, 30880, 19, 1, 1, 8, 'low', 'COUVGOB25N', '', 0, 0),
(879, 'Gobelet plastique PP transparent 30 cl x1702', 71, 57260, 8, 1, 0, 8, 'medium', '183604', '', 0, 0),
(880, 'Couvercle pour gobelet plastique 30 cl x2000', 71, 45600, 8, 1, 0, 8, 'medium', '711195', '', 0, 0),
(881, 'Lechitine de soja 400g', 52, 15150, 8, 1, 1, 2, 'low', '047066 6', '', 0, 0),
(882, 'Huile de sésame', 52, 10950, 8, 1, 1, 2, 'high', '', '', 0, 0),
(883, 'Potatoes', 2, 1360, 3, 2.5, 1, 4, 'high', '', '1 sac = 14 portions, prix au kilo, 1 cartons = 4 sac de 2.5Kg', 0, 1),
(884, 'Chips Lays', 21, 14690, 19, 15, 1, 2, 'low', '', '', 0, 0),
(885, 'Gluten de blé 500g', 17, 4660, 19, 6, 0, 2, 'medium', 'CE6283', '', 0, 0),
(886, 'Huile de colza bidon 5L', 21, 6000, 1, 1, 1, 2, 'low', '', '', 0, 0),
(887, 'Marqueur à l\\''eau x3', 21, 4850, 8, 1, 1, 9, 'high', '', '', 0, 0),
(888, 'Ciboulette deshydratée 250g', 21, 6720, 1, 1, 1, 3, 'high', '', '', 0, 0),
(889, 'Cerneaux de noix hachés 1 KG Fruisec', 21, 14150, 3, 1, 1, 3, 'low', '', '', 0, 0),
(890, 'Rouleaux sous vide', 21, 15300, 8, 2, 1, 9, 'high', '', '', 0, 0),
(891, 'Lessive - Pastilles lave linge x72', 21, 21370, 19, 1, 1, 9, 'high', '', '', 0, 0),
(892, 'Lessive linge pastille 40g x125 ', 22, 35000, 24, 1, 1, 9, 'low', '00L432', '', 0, 1),
(893, 'Tablette lave linge - Lessive 125 Pastilles', 41, 35000, 4, 1, 1, 9, 'low', 'L432', 'QS : 0', 0, 0),
(894, 'Charlotte de cuisine x100', 41, 2450, 8, 1, 1, 9, 'low', 'CC01', 'QS : 0', 0, 0),
(895, 'Charlotte de cuisine clip blanche x100', 22, 2450, 20, 1, 1, 9, 'low', '00CC01', '', 0, 0),
(896, 'Cure dents x1000', 21, 1350, 4, 1, 1, 9, 'low', '', '', 0, 0),
(897, 'Oignons rouge', 42, 1460, 3, 1, 1, 1, 'medium', '', '', 0, 0),
(898, 'Creme de soja 50 CL', 40, 1720, 27, 12, 1, 2, 'low', 'SY1696', '', 0, 0),
(899, 'Poudre d\\''amande', 22, 9800, 3, 1, 0, 2, 'low', '3704', '', 0, 0),
(900, 'Poudre d\\''amande 1kg', 41, 9800, 8, 1, 0, 2, 'low', '3704', 'QS : 0', 0, 0),
(901, 'Pate d’amande', 22, 5900, 3, 1, 0, 2, 'low', '3849', '', 0, 0),
(902, 'Pate d’amande blanche au naturel 1kg', 41, 5900, 8, 1, 1, 0, 'low', '3849', 'QS : 2', 0, 0),
(903, 'Sucre blanc en poudre', 3, 0, 3, 0, 0, 0, 'high', '', '1 SO cornisauce : 685g', 0, 0),
(904, 'Lemon 250ml Can', 75, 730, 1, 12, 1, 7, 'low', 'EUCLEM250', '', 0, 0),
(905, 'Apple 250ml Can', 75, 730, 1, 12, 1, 7, 'low', 'EUCAPP250', '', 0, 0),
(906, 'Peach 250ml Can', 75, 730, 1, 12, 1, 7, 'low', 'EUCPEA250', '', 0, 0),
(907, 'Lime and Ginger 250ml Can', 75, 730, 1, 12, 1, 7, 'low', 'EUCSLI250', '', 0, 0),
(908, 'Berry 250ml Can', 75, 730, 1, 12, 1, 7, 'low', 'EUCBER250', '', 0, 0),
(909, 'Purée amande blanche 5kg', 17, 25990, 24, 1, 1, 2, 'low', 'HE0719', '1 SO catcheuse : 16g, vegannaise : 8g', 0, 0),
(910, 'Pot rond dessert + couvercle x1000', 72, 69920, 19, 1, 1, 8, 'medium', 'JI5', '', 0, 0),
(911, 'Maisla / fleur mais 1kg ', 41, 2050, 20, 1, 1, 2, 'low', '007052', 'QS : 2', 0, 1),
(912, 'Salade mesclun', 42, 6930, 3, 1, 1, 1, 'high', '', '', 0, 0),
(913, 'PIMENTS OISEAU 200 grammes ', 41, 3500, 4, 1, 1, 1, 'high', '7404', 'QS : 0', 0, 1),
(914, 'NOISETTE DECORTIQUEES 1kg', 41, 19500, 20, 1, 1, 0, 'high', '3740', 'QS : 3', 0, 1),
(915, 'HUILE PIQUANTE 1000 sachets 3ml', 41, 19900, 19, 1, 1, 0, 'high', '001488', 'QS : 0', 0, 1),
(916, 'Bionade sureau', 13, 723, 21, 12, 1, 7, 'high', 'BIOVERSUR', '12 par carton ', 0, 0),
(917, 'Bionade Fruit du verger', 13, 723, 21, 12, 1, 7, 'high', 'BIOFRUVER', '12 par carton ', 0, 0),
(918, 'Bionade gingembre-oran', 13, 723, 21, 12, 1, 7, 'high', 'BIOVERORA', '12 par carton ', 0, 0),
(919, 'BIONADE PLANTE', 13, 723, 21, 12, 1, 7, 'high', '', 'Carton de 12 bouteilles', 0, 0),
(920, 'Bionade citron bergamotte', 13, 723, 21, 12, 1, 7, 'high', '', '', 0, 0),
(921, 'BOSS LEMON 250ML CAN', 77, 730, 1, 12, 0, 7, 'high', 'EUCLEM250', '', 0, 0),
(922, 'BOSS APPLE 250ML CAN', 77, 730, 1, 12, 0, 7, 'high', 'EUCAPP250', '', 0, 0),
(923, 'BOSS PEACH 250ML CAN', 77, 730, 1, 12, 1, 7, 'high', 'EUCPEA250', '', 0, 1),
(924, 'BOSS LIME AND GINGER 250ML CAN', 77, 730, 1, 12, 0, 7, 'high', 'EUCSLI250', '', 0, 0),
(925, 'BOSS BERRY 250ML CAN', 77, 730, 1, 12, 0, 7, 'high', 'EUCBER250', '', 0, 0),
(926, 'Infusion Fleurs d\\''Hibiscus Bio, forme & bien-être - 20 sachets', 50, 2260, 4, 1, 1, 7, 'high', '25619006', '', 0, 0),
(927, 'Infusion Romarin Bio, digestion - 20 sachets', 50, 2260, 4, 1, 1, 7, 'high', '25619014', '', 0, 0),
(928, 'Infusion Rooïbos Bio, détente & relaxation - 20 sachets', 50, 2260, 4, 1, 1, 7, 'high', '25619016', '', 0, 0),
(929, 'Lait de soja bio 1L', 26, 1280, 27, 1, 1, 2, 'medium', '', '', 0, 0),
(930, 'Oignons blancs vinaigre 4/4 ', 22, 1500, 4, 1, 0, 2, 'high', '020266', '3SO cornisauce : 2 boites', 0, 0),
(932, 'Oignons Grilles/Frits 1kg', 22, 5500, 20, 1, 1, 2, 'high', '007444', 'topping burger cornisauce', 0, 1),
(933, 'Aneth Dhil 50g', 22, 2980, 4, 1, 0, 2, 'low', '005276', '3SO cornisauce : 5,5cc', 0, 0),
(934, 'Chou Kale', 3, 0, 3, 1, 0, 1, 'high', '', '', 0, 0),
(935, 'Patate Douce', 3, 0, 3, 1, 0, 1, 'high', '', '', 0, 0),
(936, 'Basilic frais', 3, 620, 5, 1, 1, 1, 'high', '', '6 bottes pour faire la TATA', 0, 1),
(937, 'MARGARINE', 42, 0, 3, 1, 1, 0, 'high', '', '', 0, 1),
(938, 'Moule carrot cake x75', 22, 10990, 8, 1, 1, 8, 'medium', '00MC60', '', 0, 1),
(940, 'Concombre noa', 3, 0, 1, 1, 0, 1, 'high', '', '', 0, 0),
(941, 'Aneth frais', 3, 0, 5, 1, 0, 1, 'high', '', '', 0, 0),
(942, 'Oignons nouveaux', 3, 0, 5, 1, 0, 0, 'high', '', '', 0, 0),
(943, 'Kiwi', 3, 0, 3, 1, 0, 1, 'high', '', '', 0, 0),
(944, 'TEST NE RIEN FAIRE', 3, 1000000000, 3, 1, 0, 1, 'high', '', '', 0, 0),
(945, 'Margarine', 3, 0, 1, 1, 0, 2, 'high', '', 'En dépannage. Plaquette de 500g', 0, 0),
(946, ' Fourchette en bois x1000  ', 73, 32420, 19, 1, 1, 8, 'high', 'BB081', '', 0, 1),
(948, 'Savon main actif', 22, 4930, 25, 1, 1, 9, 'medium', '00DS53', '', 0, 1),
(949, 'Gant vinyle moyen non poudre x100', 22, 3500, 4, 1, 1, 9, 'medium', '00GN12', '', 0, 1),
(950, 'Caissette blanc en papier cuisson d3.8xh3cm x100', 73, 3260, 8, 1, 0, 8, 'low', 'CAB020B', '', 0, 0),
(951, 'Radis Daikon', 3, 0, 1, 1, 0, 1, 'high', '', '', 0, 0),
(952, 'Concombrenoa', 3, 0, 1, 1, 0, 1, 'high', '', '', 0, 0),
(953, 'Chips sel guerande 30g BRET S', 22, 129, 8, 100, 1, 0, 'high', '001496', '', 0, 1),
(954, 'MOULE CARROT CAKE X75', 41, 10990, 8, 1, 0, 9, 'high', '', '', 0, 0),
(955, 'Gobelet carton SIMPLE paroi X1100', 23, 86300, 19, 1, 0, 8, 'medium', '733005', '', 0, 0),
(956, 'Couvercle pour gobelet carton the x1000', 23, 100, 19, 1, 0, 8, 'medium', '711132', '', 0, 0),
(957, 'Capres boite 4/4', 42, 4300, 4, 1, 0, 0, 'high', '', '', 0, 0),
(958, 'Cuillere en bois x100', 73, 3580, 8, 1, 0, 8, 'medium', 'BB083B  ', '', 0, 0),
(960, 'Sachet Hamburger x500 Pleatpack TAILLE XL', 73, 34080, 19, 1, 1, 8, 'medium', 'XL500', '', 0, 1),
(961, 'BLUEBERRY THE BERRY COMPANY 33CL', 10, 901, 21, 12, 0, 7, 'high', '', '', 0, 1),
(962, 'SAVON MAIN ACTIF', 41, 4930, 21, 1, 1, 0, 'medium', '00DS53', 'QS : 0', 0, 0),
(963, 'BROCOLIS ', 42, 1630, 1, 1, 0, 1, 'medium', '', '', 0, 0),
(964, 'CHOU FLEUR', 42, 2180, 1, 1, 0, 0, 'medium', '', '', 0, 0),
(965, 'ROMAINE SOUS VIDE x 2', 42, 2150, 1, 2, 0, 1, 'medium', '', '', 0, 0),
(966, 'FRAISES', 42, 0, 3, 1, 0, 5, 'high', '', '', 0, 0),
(967, 'CERISES', 42, 0, 3, 1, 0, 5, 'high', '', '', 0, 0),
(968, 'Rhubarbe', 42, 0, 3, 1, 0, 5, 'high', '', '', 0, 0),
(969, 'Gobelet carton brun 30CL  x1000', 23, 78000, 19, 1, 1, 8, 'low', 'GOB30BRUN', '', 0, 1),
(970, 'EPONGES ROSES x10 REF JT56', 22, 7500, 8, 1, 1, 9, 'high', '', 'Paquet de 10 à 7.50€', 0, 0),
(971, 'Boule Inox x10', 22, 14200, 8, 1, 1, 9, 'high', '', 'Paquet de 10', 0, 0),
(972, 'Bananes mûres', 42, 1650, 3, 1, 0, 1, 'medium', '', '', 0, 0),
(973, 'Barquette Bateau kraft en Carton x1000', 73, 55750, 19, 1, 1, 8, 'medium', 'EK110', 'taille : 12x16x3,2cm - dimension : 10x6,4x3,7cm', 0, 1),
(974, 'Poudre/Farine de moutarde 5kg', 5, 44950, 20, 1, 1, 3, 'low', 'EP092C', '', 0, 0),
(975, 'Paprika doux 5kg', 5, 53950, 20, 1, 1, 3, 'low', 'EP134C', '', 0, 0);
INSERT INTO `products` (`id`, `name`, `id_supplier`, `price`, `id_unit`, `packaging`, `active`, `id_category`, `freq_inventory`, `supplier_reference`, `comment`, `deleted`, `manage_stock`) VALUES
(976, 'fond-de-pizza-pala-60x20-cm', 78, 3100, 1, 20, 1, 5, 'high', '', 'prix unitaire = 3.1 - commande mini 28 cartons de 20 base', 0, 0),
(977, 'Barquette petite salade Bateau kraft en Carton x500', 72, 41580, 19, 1, 0, 8, 'medium', 'EK113B', 'prix unitaire 0.08', 0, 0),
(978, 'Cacahuètes grillées 1kg', 22, 3690, 20, 1, 0, 0, 'high', '', '', 0, 1),
(979, 'Cuillères en bois x1000', 73, 32420, 19, 1, 1, 8, 'high', 'BB083', '', 0, 1),
(980, '143.70 serviette recycler kf x100', 73, 1090, 8, 1, 0, 8, 'high', 'GR2020KFB', '', 0, 0),
(981, 'Curry en poudre', 22, 4540, 20, 1, 1, 0, 'high', '', '', 0, 1),
(982, 'Poivre noir moulu', 22, 0, 20, 1, 0, 0, 'high', '', '', 0, 0),
(983, '102.68 serviette recycler kf', 73, 23070, 19, 1, 0, 8, 'high', 'GR4040KF', '', 0, 1),
(984, '102.68 serviette recycler kf', 72, 23070, 19, 1, 1, 8, 'high', 'GR4040KF', '', 0, 0),
(985, ' Sachet Hamburger en papier x500 - Pleatpack Blanc emballage', 72, 34080, 19, 1, 1, 8, 'high', '3608', '', 0, 0),
(986, 'MOUTARDE AMORA 5KG', 41, 9990, 25, 1, 1, 2, 'medium', '008069', 'QS : 0', 0, 1),
(988, 'SESAME GRAINES BLANCHE ', 41, 4071, 3, 1, 1, 6, 'medium', '', 'QS : 1', 0, 1),
(989, 'PATE AMANDE BLANCHE', 41, 5900, 3, 1, 1, 2, 'medium', '003849', 'QS : 2', 0, 1),
(990, 'VINAIGRE DE CIDRE', 41, 1400, 21, 1, 1, 0, 'medium', '002606', 'QS : 1', 0, 1),
(991, 'Cuillères en bois x1000', 72, 32420, 19, 1, 1, 8, 'high', 'BB083', '', 0, 0),
(992, 'Fourchette en bois X1000 Réf :BB081  ', 72, 32420, 19, 1, 1, 8, 'high', 'BB081', '', 0, 0),
(993, 'TOMATE PULPE POLPACHEF 5/1', 41, 4500, 4, 1, 1, 2, 'high', '001474', 'QS : 8', 0, 1),
(994, 'HUILE AROME TRUFFE 1/2L', 41, 5400, 21, 1, 0, 2, 'high', '001679', '', 0, 0),
(995, 'GOMME DE GUAR SACHET 30G', 17, 1740, 1, 16, 0, 2, 'high', '', '', 0, 1),
(996, 'PECHE JAUNE', 42, 2630, 3, 1, 0, 1, 'high', '', 'pour dessert du mois d\\''août : clafou', 0, 0),
(998, 'TETE D\\''AIL', 42, 0, 1, 1, 1, 1, 'high', '', 'pour pesto', 0, 0),
(999, 'SAC 50MICBLC 26x12x45CM C500', 22, 25500, 18, 1, 1, 8, 'high', '0A0583', '', 0, 0),
(1000, 'Huile de sesame', 22, 4500, 21, 1, 0, 2, 'high', '', '', 0, 1),
(1001, 'Carton 10kg Margarine Herva', 79, 20900, 19, 1, 1, 5, 'medium', 'VERTE', '', 0, 0),
(1002, 'Carton 10kg Margarine Herva MOKA', 80, 20900, 19, 1, 1, 5, 'medium', 'VERTE', '', 0, 0),
(1003, 'Couteau en bois x1000', 73, 28250, 19, 1, 1, 8, 'high', 'BB082', '', 0, 1),
(1004, 'COUTEAU EN BOIS X1000', 72, 28250, 19, 1, 1, 8, 'high', '', '', 0, 0),
(1005, 'Pousse de coriandre x100g', 3, 3950, 22, 1, 0, 1, 'high', '', '', 0, 0),
(1006, 'Chou fleur', 3, 2180, 1, 1, 1, 1, 'high', '', '', 0, 0),
(1007, 'Brocoli', 3, 0, 1, 1, 1, 1, 'high', '', '', 0, 0),
(1008, 'Pommes Golden', 3, 1200, 3, 1, 1, 1, 'high', '', '', 0, 0),
(1009, 'GANTS VINYLE NON POUDRE x100 M', 41, 3500, 4, 1, 1, 9, 'medium', '00GN12', 'QS : 1', 0, 1),
(1010, 'GANTS VINYLE NON POUDRE x100 L', 41, 0, 4, 1, 1, 9, 'medium', '00GN13', 'QS : 1', 0, 1),
(1011, 'EMBALLAGE PLEATPAK BURGER L', 6, 37500, 19, 6, 1, 8, 'high', '', '', 0, 1),
(1012, 'Estragon', 22, 0, 20, 1, 0, 1, 'high', '', '', 0, 0),
(1013, 'Estragon', 3, 0, 5, 1, 0, 1, 'high', '', '', 0, 0),
(1014, 'OIGNONS JAUNES', 42, 0, 3, 1, 1, 1, 'high', '', '', 0, 1),
(1015, 'POIVRONS VERTS', 42, 0, 3, 1, 1, 1, 'high', '', '', 0, 1),
(1017, 'Farine de blé noir (sarrasin) 1 kg', 22, 1900, 8, 1, 1, 2, 'high', '005014', '2 / semaine pour crumble', 0, 1),
(1018, 'Boite salade - Pot en carton blanc et couvercle pp x1000', 73, 71580, 19, 1, 1, 8, 'high', 'PK10BL', 'Attention : pots et couvercles livrés en 2 cartons', 0, 1),
(1019, 'Caissette blanc en papier cuisson d4.3xh3.4cm x100 ', 73, 4010, 8, 1, 1, 8, 'high', 'CAB022B', '', 0, 0),
(1020, 'SIROP D\\''ERABLE 1L', 41, 14500, 21, 1, 1, 3, 'high', '000415', 'QS : 0', 0, 1),
(1021, 'Paille de fer grand modèle x 10', 41, 6800, 8, 1, 1, 11, 'medium', 'JT64', 'QS : 1', 0, 0),
(1022, 'Frange moppe', 41, 1980, 1, 1, 1, 0, 'medium', 'MB43', 'QS : 0', 0, 0),
(1023, 'Serviette HANK x100', 48, 1800, 19, 1, 1, 8, 'high', '', 'prix unitaire 0.018', 0, 1),
(1024, 'Papier alimentaire - set de plateau HANK', 48, 4450, 19, 1, 1, 8, 'high', '', 'prix au kilo', 0, 1),
(1025, 'Courge butternut', 3, 0, 1, 1, 0, 1, 'low', '', '', 0, 0),
(1026, ' POT EN CARTON BLANC ET COUVERCLE PP 480ml', 72, 74920, 19, 1, 1, 8, 'high', 'PK16BL', '', 0, 0),
(1027, 'Blonade Litchi', 10, 723, 21, 12, 1, 7, 'high', '', '', 0, 1),
(1028, 'Noisette décortiquées 1kg', 22, 19500, 20, 1, 1, 2, 'high', '', '', 0, 1),
(1029, '', NULL, 0, NULL, 0, 0, 0, '', '', '', 0, 0),
(1030, 'Pochette frites 40 cl x1000', 71, 56310, 19, 1, 1, 8, 'high', '733125', '', 0, 0),
(1031, 'Gobelet plastique transparent 25 CL X 1250', 71, 71500, 19, 1, 1, 8, 'medium', 'G30CRT', '', 0, 0),
(1032, 'Oignons jaunes', 3, 0, 3, 1, 0, 0, 'high', '', '', 0, 0),
(1033, 'Sachet Hamburger x500 Pleatpack TAILLE L', 73, 32420, 19, 1, 1, 8, 'high', 'L500', '', 0, 1),
(1034, 'Pot + couvercle papier x250', 72, 38250, 19, 1, 1, 8, 'high', 'P8', '', 0, 0),
(1035, 'Pot + couvercle papier x25', 72, 4080, 8, 1, 1, 8, 'high', 'P8B', '', 0, 0),
(1036, 'Couvercle gobelet carton 30cl x1000', 23, 44150, 19, 1, 1, 8, 'high', 'COUVGOB25N', '', 0, 0),
(1037, 'Thé noir earl grey 20x1,8g', 17, 2340, 4, 1, 1, 7, 'high', 'MX0050', 'commander par 12 boîtes', 0, 0),
(1038, 'Thé vert jasmin 20x1,6g', 17, 2950, 4, 1, 1, 7, 'high', 'JG0674', 'commander par 6 boîtes', 0, 0),
(1039, 'Thé vert Chine Sencha 24x2g', 17, 2280, 4, 1, 1, 7, 'high', 'FT2008', 'commander par 6 boîtes', 0, 0),
(1040, ' Tisane Tulsi Brahmi 18x1,8g', 17, 1000, 4, 1, 1, 7, 'high', 'EC2132', 'commander pa 6 boîtes', 0, 0),
(1041, 'Tisane ayurveda classic Chaï 90g', 17, 3180, 4, 1, 0, 7, 'high', 'GT1000', 'commander par 8 boîtes', 0, 0),
(1042, 'Thé noir earl grey 20x1,8g', 40, 2340, 4, 1, 1, 7, 'high', 'MX0050', 'commander par 12 boîtes', 0, 0),
(1043, 'Thé vert jasmin 20x1,6g', 40, 2950, 4, 1, 1, 7, 'high', 'JG0674', 'commander par 6 boîtes', 0, 0),
(1044, 'Thé vert Chine Sencha 24x2g', 40, 2280, 4, 1, 1, 7, 'high', 'FT2008', 'commander par 6 boîtes', 0, 0),
(1045, ' Tisane Tulsi Brahmi 18x1,8g', 40, 3680, 4, 1, 1, 7, 'high', 'EC2132', 'commander pa 6 boîtes', 0, 0),
(1046, 'Tisane ayurveda classic Chaï 90g', 40, 3180, 4, 1, 0, 7, 'high', 'GT1000', 'commander par 8 boîtes', 0, 0),
(1047, 'Pot de sauce pp + couvercle x5000', 73, 88250, 19, 1, 1, 8, 'high', 'PP1', 'livré en deux cartons', 0, 0),
(1048, 'Pod Deca 100% Arabica', 67, 8400, 4, 1, 1, 7, 'high', '403664', '', 0, 0),
(1049, 'Pod Deca 100% Arabica', 18, 8400, 4, 1, 1, 7, 'high', '403664', '', 0, 1),
(1050, 'Thé rooibos vanille x40', 10, 1990, 4, 4, 1, 7, 'high', '', '', 0, 0),
(1051, 'Thé rooibos vanille x40', 46, 1990, 4, 4, 1, 7, 'high', '', '', 0, 0),
(1052, 'Boîte alimentaire carton avec fermeture croisillon x 200', 71, 108000, 19, 1, 1, 8, 'medium', 'O1ORI3KR', '', 0, 0),
(1053, 'Nettoyant vitres 5L', 22, 3500, 25, 1, 1, 9, 'high', '', '', 0, 1),
(1054, 'Violife Cheese for Pizza original', 82, 17500, 8, 1, 1, 5, 'high', '', '', 0, 1),
(1055, 'Tomate Pulpe Polpa chef 5/1 4050gr', 22, 4500, 4, 1, 1, 2, 'medium', '  001474', '', 0, 1),
(1056, 'Essuie mini tir cent', 41, 1560, 0, 0, 0, 9, 'medium', 'GP45', 'changement de prix 06/02/2018:  1,56€ x 12 = 18,72€', 0, 0),
(1057, 'Levure maltée 10kg', 17, 17520, 20, 1, 1, 2, 'medium', 'AG2000', '', 0, 1),
(1058, 'Steak mushroom', 83, 630, 1, 18, 1, 5, 'high', '', '', 0, 1),
(1059, 'Potatoes', 85, 1200, 3, 2.5, 0, 4, 'high', '', '', 0, 1),
(1060, 'VEGUSTO 405 2X200G', 88, 5520, 8, 24, 1, 5, 'high', '', 'Commande mini 48 (soit 2 cartons) compter 6 cartons pour 7 jours (13,8kg)', 0, 0),
(1061, 'Paprika fume', 86, 16950, 3, 1, 1, 3, 'high', 'EP288D', '', 0, 1),
(1062, 'Poudre/Farine de moutarde 5kg', 86, 34950, 20, 1, 1, 3, 'high', '', '', 0, 1),
(1063, 'FOURCHETTE EN BOIS X1000 RéF :BB081', 90, 32420, 19, 1, 1, 8, 'high', '', '', 0, 1),
(1064, 'CUILLèRES EN BOIS X1000', 90, 32420, 19, 1, 1, 0, 'high', 'BB083', '', 0, 1),
(1065, '102.68 SERVIETTE RECYCLER KF', 90, 23070, 19, 1, 1, 8, 'high', 'GR4040KF', '', 0, 0),
(1066, 'COUTEAU EN BOIS X1000', 90, 28250, 19, 1, 1, 8, 'high', 'BB082', '', 0, 1),
(1067, 'BOITE SALADE - POT EN CARTON BLANC ET COUVERCLE PP', 90, 71580, 19, 1, 1, 8, 'high', 'PK10BL', '', 0, 1),
(1068, 'CAISSETTE BLANC EN PAPIER CUISSON D4.3XH3.4CM X100 ', 90, 4010, 8, 1, 1, 8, 'high', 'CAB022B', '', 0, 1),
(1069, 'SACHET HAMBURGER X500 PLEATPACK TAILLE L ', 90, 32420, 19, 1, 1, 8, 'high', 'L500', '', 0, 1),
(1070, 'POT DE SAUCE PP + COUVERCLE X5000', 90, 88250, 19, 1, 1, 8, 'high', 'PP1', '', 0, 1),
(1071, 'MOULE EN CARTON DE CUISSON POUR CARROT CAKE - UNIT : 75/PAQUET, DIMENSION : 8X4X4CM ', 90, 11620, 4, 1, 1, 8, 'high', '683058', '', 0, 1),
(1072, 'POT ROND DESSERT + COUVERCLE MOUSSE CHOCOLAT X100', 90, 7920, 4, 1, 1, 8, 'high', 'JP5B', '', 0, 1),
(1073, 'SACHET HAMBURGER X500 PLEATPACK TAILLE XL', 90, 34080, 19, 1, 0, 8, 'high', 'XL500', '', 0, 1),
(1074, 'BARQUETTE COLESLAW BATEAU KRAFT EN CARTON', 90, 55750, 19, 1, 1, 8, 'high', 'EK110', '', 0, 1),
(1075, 'CAISSETTE BLANC EN PAPIER CUISSON D3.8XH3CM X100', 90, 3260, 8, 1, 1, 8, 'high', 'CAB020B', '', 0, 1),
(1076, 'FARINE BIO', 94, 890, 3, 1, 1, 2, 'high', '', '', 0, 0),
(1077, 'JUS DE FRUIT PRESSADE BIO 20CL POMME', 94, 570, 1, 6, 1, 7, 'high', '', '', 0, 0),
(1078, 'JUS DE FRUIT PRESSADE BIO 20CL ORANGE', 94, 570, 1, 6, 1, 7, 'high', '', '', 0, 0),
(1079, 'LAIT DE SOJA BIO', 94, 1280, 6, 1, 1, 2, 'high', '', '', 0, 0),
(1080, 'PAIN SANS GLUTEN X24', 95, 26400, 19, 1, 1, 5, 'high', '', 'Minimum de 11 colis PASSER COMMANDE AVANT 11H POUR LE LENDEMAIN (donc le vendredi pour le lundi) ', 0, 0),
(1081, 'VIOLIFE CHEESE FOR PIZZA ORIGINAL', 96, 17500, 8, 1, 1, 5, 'high', '', '', 0, 0),
(1082, 'GLACE CITRON ', 87, 1550, 24, 10, 1, 4, 'high', '', '', 0, 0),
(1083, 'GLACE FRAMBOISE', 87, 1550, 24, 10, 1, 4, 'high', '', '', 0, 0),
(1084, 'GLACE PECHE BLANCHE', 87, 1600, 24, 10, 1, 4, 'high', '', '', 0, 0),
(1085, 'BIERE SG ', 89, 1490, 1, 12, 1, 7, 'high', 'LUTENFREE', '', 0, 0),
(1086, 'BIONADE SUREAU', 89, 723, 21, 12, 1, 7, 'high', '', '', 0, 0),
(1087, 'BIONADE FRUIT DU VERGER ', 89, 723, 21, 12, 1, 7, 'high', '', '', 0, 0),
(1088, 'BIONADE GINGEMBRE-ORAN ', 89, 723, 21, 12, 1, 7, 'high', '', '', 0, 0),
(1089, 'BIONADE PLANTE', 89, 723, 21, 12, 1, 7, 'high', '', '', 0, 0),
(1090, 'BIONADE CITRON BERGAMOTTE', 89, 723, 21, 12, 1, 7, 'high', '', '', 0, 0),
(1091, 'EAU PLATE', 89, 430, 21, 180, 1, 7, 'high', 'EAUPLA50 ', '', 0, 0),
(1092, 'EAU PETILLANTE FORTE ', 89, 490, 21, 180, 1, 7, 'high', 'EAUFOR50', '', 0, 0),
(1093, 'COUVERCLE GOBELET CARTON 30CL x1000', 91, 30880, 19, 1, 1, 8, 'high', 'COUVGOB25N ', '', 0, 0),
(1094, 'POCHETTE FRITES 40 CL X1000', 91, 56310, 19, 1, 1, 8, 'high', '733125', '', 0, 0),
(1095, 'COUVERCLE POUR GOBELET PLASTIQUE 30 CL X2000', 91, 45600, 19, 1, 1, 8, 'high', '711195', '', 0, 0),
(1096, 'GOBELET PLASTIQUE PP TRANSPARENT 30 CL', 91, 57260, 19, 1, 1, 8, 'high', '183604', '', 0, 0),
(1097, 'GOBELET CARTON BRUN 30CL X1000 ', 91, 56160, 19, 1, 1, 8, 'high', 'GOB30BRUN', '', 0, 0),
(1098, 'EMBALLAGE PLEATPAK BURGER L', 92, 37500, 19, 6, 1, 8, 'high', '', '', 0, 0),
(1099, 'SAC VAE HANK X500', 93, 139, 19, 1, 1, 8, 'high', '', 'FRANCO 8 CARTONS (500p /carton) ', 0, 0),
(1100, 'SERVIETTE HANK 35X100 ', 93, 63000, 19, 1, 1, 8, 'high', '', 'prix unit 0.018', 0, 0),
(1101, 'PAPIER ALIMENTAIRE - SET DE PLATEAU HANK ', 93, 4450, 19, 1, 1, 8, 'high', '', 'Prix au kilo ', 0, 0),
(1102, 'steak sans Gluten UNITE', 98, 700, 1, 8, 1, 1, 'high', '', 'minimum de 272 par commande (38euros frais de livraison), 680 : 28 euros, 1334 : 0 euros', 0, 0),
(1103, 'Bière Blonde PILSNER', 89, 1230, 19, 12, 1, 7, 'high', 'PILSNER', '', 0, 1),
(1104, 'Bière Blonde AvOINOR à l’avoine', 89, 990, 19, 12, 0, 7, 'high', 'AVOINOR', '', 0, 1),
(1105, 'Carton 10kg Margarine Herva MOKA', 99, 20900, 19, 1, 1, 5, 'high', '', '', 0, 1),
(1106, 'ROULEAUX PAPIER CAISSE 80X80X12 MM BPA FREE', 97, 990, 18, 20, 1, 9, 'high', 'AR00003 ', '', 0, 0),
(1107, 'AR00003 ', 97, 330, 18, 50, 1, 9, 'high', 'AR00036', '', 0, 0),
(1108, 'COLA BIO', 100, 760, 1, 24, 1, 7, 'high', '', 'Commande par 960 canette soit 40 pack de 24', 0, 0),
(1109, 'CAROTTE', 101, 1200, 3, 1, 1, 1, 'high', '', 'sac de 5 ou 10kg, carrot cake : 2kg, TATA : 2kg', 0, 0),
(1110, 'CITRON JAUNE', 101, 2400, 3, 1, 1, 1, 'high', '', 'par 2 ou 3kg, pour carrot cake', 0, 0),
(1111, 'OIGNON ROUGE', 101, 1800, 3, 1, 1, 1, 'high', '', 'par 5 ou 10kg, topping burgers', 0, 0),
(1112, 'TOMATE ', 101, 1800, 3, 1, 1, 1, 'high', '', 'par cagette de 6kg, topping burgers 12kg et gaspacho 6kg', 0, 0),
(1113, 'ROQUETTE', 101, 6000, 3, 1, 1, 1, 'high', '', 'minimum 1 par jour', 0, 0),
(1114, 'CHOUX BLANC ', 101, 1800, 3, 1, 1, 1, 'high', '', '3 choux pour la coleslaw', 0, 0),
(1115, 'ORANGE', 101, 1650, 3, 1, 1, 1, 'high', '', 'par 2 ou 3kg, pour carrot cake, commande souvent par 2 ou 3kg', 0, 0),
(1116, 'SALADE BATAVIA', 101, 950, 3, 1, 1, 1, 'high', '', '6 salades semaine, 8 week end', 0, 0),
(1117, 'BASILIC FRAIS', 101, 600, 5, 1, 1, 1, 'high', '', '6 bottes pour faire la TATA ', 0, 0),
(1118, 'POMMES GOLDEN', 101, 1500, 3, 1, 1, 1, 'high', '', '', 0, 0),
(1119, 'ECHALOTTE ', 101, 1900, 3, 1, 1, 1, 'high', '', '1 SO Rockeuse = 250g, 3 SO BALINAIS : 870g', 0, 0),
(1120, 'Tomate séchées 3/1', 56, 18790, 4, 1, 1, 2, 'medium', '961', '', 0, 0),
(1121, 'Gants vinyl non-poudrés taille S', 41, 3500, 4, 1, 1, 9, 'medium', 'GN11', '', 0, 1),
(1122, 'Gobelets 10 cl x2000', 23, 62000, 19, 1, 1, 0, 'high', 'GOB10BRUN', '', 0, 0),
(1123, 'Couvercle pour gobelet 10cl x1000', 23, 36950, 19, 1, 1, 8, 'high', 'COUVGOB10N', '', 0, 0),
(1124, 'Sac viennoiserie brun x1000', 73, 7420, 19, 1, 1, 0, 'high', 'VIE01K', '', 0, 0),
(1125, 'Estragon x250 grammes', 2, 7400, 19, 8, 1, 4, 'high', '', '', 0, 0),
(1126, 'Arôme fromage italien 105ml', 103, 6250, 21, 1, 1, 2, 'high', '', '', 0, 0),
(1127, 'Liquidhickorismoke 1.89L', 104, 7500, 21, 1, 1, 2, 'high', '', '', 0, 0),
(1128, 'EPONGE VERTE x10', 102, 880, 8, 1, 1, 9, 'high', '520500', '', 0, 0),
(1129, 'LIQ NETTOYAGE PIN 5Lx4', 102, 35080, 25, 1, 1, 9, 'high', '300019', '', 0, 0),
(1130, 'BOBINE DÉVIDAGE CENTRAL 2 PLIS, 450 FORMATS DIM. 20 X 30 CM', 102, 1890, 18, 1, 1, 9, 'high', '802237', '', 0, 0),
(1131, 'DETARTRANT LIQUIDE 5L', 102, 10680, 25, 1, 1, 9, 'high', '300549', '', 0, 0),
(1132, 'SEL REGENERANT POUR LAVE VAISSELLE BOITE DE 2 KG', 102, 1480, 4, 1, 1, 9, 'high', '225448', '', 0, 0),
(1133, 'GANT LATEX POUDRÉ BLANC TAILLE S x 100', 102, 4440, 4, 1, 1, 9, 'high', '300660', '', 0, 0),
(1134, 'GANT VINYL NON POUDRÉ BLANC TAILLE L x 100', 102, 3680, 4, 1, 1, 9, 'high', '300671', '', 0, 0),
(1135, 'PAPIER CUISSO, GN 1/1 DIM. 530X325M x 500', 102, 19810, 4, 1, 1, 9, 'high', '301137', '', 0, 0),
(1136, 'ESSUIE MAIN DOUX 2P TAD', 102, 2515, 8, 21, 1, 9, 'high', '206063', '', 0, 0),
(1137, 'SUN TABS EXTRA POWER VAISSELLE x 175', 102, 48680, 4, 1, 1, 9, 'high', '208945', '', 0, 0),
(1138, 'GANT VINYL NON POUDRÉ BLANC TAILLE XL x 100', 102, 3680, 4, 1, 1, 9, 'high', '300672', '', 0, 0),
(1139, 'GANT LATEX POUDRÉ BLANC TAILLE M x 100', 102, 4440, 4, 1, 1, 9, 'high', '300661', '', 0, 0),
(1140, 'GANT VINYL NON POUDRÉ BLANC TAILLE M x 100', 102, 3680, 4, 1, 1, 9, 'high', '300670', '', 0, 0),
(1141, 'SKIP PROFESSIONAL BIOLOGICAL TABLETS x 128', 102, 40470, 4, 1, 1, 9, 'high', '500072', '', 0, 0),
(1142, 'NETTOYANT VITRE 5L', 102, 5880, 25, 1, 1, 9, 'high', '300080', '', 0, 0),
(1143, 'GEL LAVANT MAIN BACTÉRICIDEv 5,1L', 102, 9620, 25, 1, 1, 9, 'high', '300178', '', 0, 0),
(1144, 'PAPIER TOILETTE BLANC ROULEAU SMARTONE MINI 2 PLIS 620 FORMATS x 12', 102, 35760, 18, 1, 1, 9, 'high', '900692', '', 0, 0),
(1145, 'DISTRIBUTEUR PAPIER HIGIENIQUE MINI BLEU 1 ROULEAU', 102, 23950, 1, 1, 1, 0, 'high', '940656', '', 0, 0),
(1146, 'LIQUIDE RINCAGE VAISSELLE BIDON DE 5 L', 102, 9670, 25, 1, 1, 9, 'high', '300182', '', 0, 0),
(1147, 'CHARLOTTE CLIP NON TISSEE BLANCHE x 100', 102, 4180, 4, 1, 1, 9, 'high', '544791', '', 0, 0),
(1148, 'GANT LATEX POUDRÉ BLANC TAILLE L x 100', 102, 4440, 4, 1, 1, 9, 'high', '300662', '', 0, 0),
(1149, 'FILM ALIMENTAIRE BOÎTE DISTRIBUTRICE AVEC LAME METALLIQUE', 102, 6350, 18, 1, 1, 9, 'high', '300713', '', 0, 0),
(1150, 'EPONGE GRATTANTE RECTANGULAIRE SPONTEX BLANC BLEU x 10', 102, 9120, 8, 1, 1, 9, 'high', '512400', '', 0, 0),
(1151, 'POUDRE POUR LE LAVAGE DE LA VAISSELLE EN MACHINE 15KG', 102, 40690, 24, 1, 1, 9, 'high', '300183', '', 0, 0),
(1152, 'TOMATO KETCHUP HEINZ x 200', 102, 13169, 4, 1, 1, 0, 'high', '231809', '', 0, 0),
(1153, 'FIGUES LERIDA 500gr x 2', 102, 6940, 8, 1, 1, 1, 'high', '291831', '', 0, 0),
(1154, 'CASSONADE 1KG', 102, 2610, 4, 1, 1, 2, 'high', '910390', '', 0, 0),
(1155, 'OLIVE NOIRE CONFITE DÉNOYAUTÉE EN RONDELLE 2.5KG', 102, 5490, 4, 1, 1, 2, 'high', '300124', '', 0, 0),
(1156, 'SACHET MOUTARDE DE DIJON x 250', 102, 12817, 4, 1, 1, 2, 'high', '231811', '', 0, 0),
(1157, 'TABASCO 57gr', 102, 3950, 21, 1, 1, 2, 'high', '020834', '', 0, 0),
(1158, 'SUCRE VANILLINE 1KG', 102, 4930, 4, 1, 1, 2, 'high', '300089', '', 0, 0),
(1159, 'NOISETTE GRISE ENTIÈRE DÉCORTIQUÉE 13/15 1KG', 102, 10050, 8, 1, 1, 2, 'high', '300878', '', 0, 0),
(1160, 'AMANDE POUDRE BLANCHE', 102, 10400, 8, 1, 1, 2, 'high', '179788', '', 0, 0),
(1161, 'OIGNONS RISSOLÉS 1KG', 102, 6790, 8, 1, 1, 2, 'high', '363119', '', 0, 0),
(1162, 'CANNELLE MOULUE 1KG', 102, 5770, 8, 1, 1, 2, 'high', '300501', '', 0, 0),
(1163, 'SEL FIN 5KG', 102, 3750, 24, 1, 1, 0, 'high', '300767', '', 0, 0),
(1164, 'FLEUR DE MAÏS MAISLA SANS GLUTEN 5KG', 102, 14750, 8, 1, 1, 2, 'high', '100652', '', 0, 0),
(1165, 'CURRY MOULU 1KG', 102, 6020, 8, 1, 1, 2, 'high', '300504', '', 0, 0),
(1166, 'DOUBLE CONCENTRÉ DE TOMATES 4.5KG', 102, 13070, 4, 1, 1, 2, 'high', '300280', '', 0, 0),
(1167, 'Poudre ail', 86, 15950, 20, 1, 1, 2, 'high', 'EP012D ', '', 0, 0),
(1168, 'Muscade Poudre ', 86, 29950, 20, 1, 1, 2, 'high', 'EP123D', '', 0, 0),
(1169, 'Paprika Doux', 86, 11950, 20, 1, 1, 2, 'high', 'EP134D ', '', 0, 0),
(1170, 'Farine Moutarde 1KG', 86, 9950, 20, 1, 1, 2, 'high', 'EP092D', '', 0, 0),
(1171, 'BIONADE SUREAU', 105, 723, 21, 12, 1, 7, 'high', 'BIOVERSUR', '', 0, 0),
(1172, 'BIONADE FRUIT DU VERGER ', 105, 723, 21, 12, 1, 7, 'high', 'BIOFRUVER', '', 0, 0),
(1173, 'BIONADE GINGEMBRE-ORAN', 105, 723, 21, 12, 1, 7, 'high', 'BIOVERORA', '', 0, 0),
(1174, 'GOJI BERRY THE BERRY COMPANY 33CL', 105, 901, 21, 12, 1, 7, 'high', '100010', '', 0, 0),
(1175, 'AçAI BERRY THE BERRY COMPANY 33CL', 105, 901, 21, 12, 1, 7, 'high', '009991', '', 0, 0),
(1176, 'CRANBERRY THE BERRY COMPANY 33CL', 105, 901, 21, 12, 1, 7, 'high', '', '', 0, 0),
(1177, 'EAU PLATE CELTIC', 105, 430, 21, 6, 1, 7, 'high', '', '', 0, 0),
(1178, 'EAU PETILLANTE FORTE ', 105, 500, 21, 6, 1, 7, 'high', '', '', 0, 0),
(1179, 'THé ROOIBOS VANILLE X40', 105, 1990, 4, 4, 1, 7, 'high', '', '', 0, 0),
(1180, 'Potatoes Lambweston wedges seasoned skin on', 106, 1200, 3, 2.5, 1, 4, 'high', '', '1 sac = 14 portions, prix au kilo, 1 cartons = 4 sac de 2.5Kg', 0, 1),
(1181, 'Estragon x250 grammes', 106, 7400, 20, 8, 1, 4, 'high', '', '', 0, 0),
(1182, 'GOBELETS 10 CL X2000', 91, 62000, 19, 1, 1, 8, 'high', 'GOB10BRUN', '', 0, 0),
(1183, 'COUVERCLE POUR GOBELET 10CL X1000', 91, 36950, 19, 1, 1, 8, 'high', 'COUVGOB10N', '', 0, 0),
(1184, 'Cafe grain 1K puro 100% Arabica', 22, 11900, 8, 1, 1, 2, 'high', '3096', '', 0, 0),
(1185, 'Epinard Branche', 42, 0, 3, 1, 1, 1, 'medium', '', '', 0, 0),
(1186, 'SIROP ERABLE', 102, 21089, 21, 1, 1, 2, 'high', '674325', '', 0, 0),
(1187, 'POIVRE MOULU 1KG', 102, 11081, 8, 1, 1, 2, 'high', '300519', '', 0, 0),
(1188, 'HUILE TOURNESOL 5L', 102, 1629, 25, 1, 1, 2, 'high', '300862', '', 0, 0),
(1189, 'HUILE SESAME 50CL', 102, 5684, 21, 1, 1, 2, 'high', '471508', '', 0, 0),
(1190, 'VINAIGRE CIDRE 1L', 102, 1841, 21, 1, 1, 0, 'high', '193429', '', 0, 0),
(1191, 'DOUBLE CONCENTRE TOMATE 4/4 TGT ECO', 102, 1785, 4, 1, 1, 2, 'high', '300172', '', 0, 0),
(1192, 'EXTRAIT NATUREL VANILLE', 102, 71643, 21, 1, 1, 2, 'high', '903450', '', 0, 0),
(1193, 'MOUTARDE AMORA 5KG', 102, 17401, 24, 1, 1, 2, 'high', '019927', '', 0, 0),
(1194, 'FARINE BLE NOIR SARRASIN 1KG', 102, 2576, 8, 1, 1, 2, 'high', '101107', '', 0, 0),
(1195, 'SUCRE SEMOULE', 102, 804, 8, 10, 1, 2, 'high', '300378', '', 0, 0),
(1196, 'FARINE T55 1KG', 102, 485, 3, 10, 0, 2, 'high', '300033', '', 0, 0),
(1197, 'JUS CITRON 1L', 102, 3116, 21, 1, 1, 2, 'high', '840983', '', 0, 0),
(1198, 'Gobelet cafe 120ml BIODEG', 90, 33360, 19, 1000, 1, 8, 'high', 'GB01BIO', '', 0, 0),
(1199, 'Couvercle pour gobelet cafe pour gb01', 90, 26760, 19, 1000, 1, 8, 'high', 'VL34R', '', 0, 0),
(1200, 'Huile Olive 5L', 102, 28540, 25, 1, 1, 2, 'high', '', '', 0, 0),
(1201, 'CAFE GRAIN PURO 100% ARABICA 1KILO', 41, 11900, 8, 1, 1, 2, 'medium', '3096', '', 0, 0),
(1202, 'CORNICHON MI-FIN 40/59 5/1', 102, 9990, 4, 1, 1, 2, 'high', '300313', '', 0, 0),
(1203, 'Poivron filet peperoni 4/4 GRECI 800gr', 110, 5900, 4, 1, 1, 2, 'high', '', '', 0, 0),
(1204, 'FARINE BIO T65 1KG X 2', 66, 1780, 8, 1, 1, 2, 'medium', '', 'A PREFERER SI DISPO SUR LE SITE', 0, 1),
(1205, 'BIONADE LITCHI 330ML', 115, 723, 21, 12, 1, 7, 'high', '', '', 0, 1),
(1206, 'BIONADE SUREAU 330ML', 115, 723, 21, 12, 1, 7, 'high', 'BIOVERSUR', '', 0, 1),
(1207, 'BIONADE GINGEMBRE ORANGE 330ML', 115, 723, 21, 12, 1, 7, 'high', 'BIOVERORA', '', 0, 1),
(1208, 'BIONADE FRUIT DU VERGER 330ML', 115, 723, 21, 12, 1, 7, 'high', 'BIOFRUVER', '', 0, 1),
(1209, 'BIONADE CITRON BERGAMOTE 330ML', 115, 723, 21, 24, 1, 7, 'high', '', '', 0, 1),
(1210, 'EAU MINERALE NATURELLE CELTIC NATURE 50CL PET', 115, 430, 21, 6, 1, 7, 'high', '', '', 0, 1),
(1211, 'EAU MINERALE NATURELLE CELTIC FORTE 50CL PET', 115, 500, 21, 6, 1, 7, 'high', '', '', 0, 1),
(1212, 'BOISSON AUX FRUITS CRANBERRY FR 330ML THE BERRY COMPANY', 115, 901, 21, 12, 1, 7, 'high', '', '', 0, 1),
(1213, 'BOISSON AUX FRUITS ACAI FR 330ML THE BERRY COMPANY', 115, 901, 21, 12, 1, 7, 'high', '', '', 0, 1),
(1214, 'BOISSON AUX FRUITS GOJI FR 330ML THE BERRY COMPANY', 115, 901, 21, 12, 1, 7, 'high', '', '', 0, 1),
(1215, 'COLA BIO', 120, 760, 1, 24, 1, 7, 'high', '', 'franco à 960 canettes (40 packs de 24)', 0, 1),
(1216, 'VEGUSTO 405 2X200G', 122, 5520, 8, 24, 1, 5, 'high', '405', 'franco à 48 paquets (2 cartons)', 0, 1),
(1217, 'BIERES BLONDES 33CL', 121, 910, 21, 20, 1, 7, 'high', 'LU1200', '', 0, 1),
(1218, 'CUBI VIN ROUGE IGP OC SYRAH VEREDUS 14° 33CL', 121, 9950, 1, 1, 1, 7, 'high', 'LF1002', '', 0, 1),
(1219, 'CUBI VIN BLANC 3L BORDEAUX SEC AOC', 121, 10670, 1, 1, 1, 7, 'high', 'ME0004', '', 0, 1),
(1220, 'YAOURT DE SOJA', 121, 1270, 1, 6, 1, 5, 'high', 'AL9206', '', 0, 1),
(1221, 'BOISSON AUX FRUITS POMEGRANATE FR 330 ML', 115, 901, 21, 12, 1, 7, 'high', '', '', 0, 1),
(1222, 'BOISSON AUX FRUITS SUPERBERRIES ROUGE FR 330ML', 115, 901, 21, 12, 1, 7, 'high', '', '', 0, 1),
(1223, 'BOISSON AUX FRUITS SUPERBERRIES VIOLET FR 330ML', 115, 901, 21, 12, 1, 7, 'high', '', '', 0, 1),
(1224, 'THE ROIBOS VANILLE X40', 115, 1990, 4, 4, 1, 7, 'high', '', '', 0, 0),
(1225, 'LAIT SOJA 1L', 121, 1320, 27, 6, 1, 7, 'high', 'SY1401', '', 0, 1),
(1226, 'MELASSE CANNE A SUCRE', 121, 3000, 1, 6, 1, 2, 'high', 'NA6002', '', 0, 1),
(1227, 'PUREE AMANDE BLANCHE 5KG', 121, 25990, 24, 1, 1, 2, 'high', 'HE0719', '', 0, 0),
(1228, 'LEVURE MALTEE 10KG', 121, 175200, 20, 1, 1, 2, 'low', 'AG2000', '', 0, 0),
(1229, 'THE NOIR EARL GREY 20X1,8G', 121, 2340, 4, 1, 1, 7, 'medium', 'MX0050', '', 0, 0),
(1230, 'THE VERT JASMIN 20X1,6G', 121, 2950, 4, 1, 1, 7, 'medium', 'JG0674', '', 0, 0),
(1231, 'THE VERT CHINE SENCHA 24X2G', 121, 2280, 4, 1, 1, 0, 'medium', 'FT2008', '', 0, 0),
(1232, 'TISANE TULSI BRAHMI 18X1,8G', 121, 1000, 4, 1, 1, 7, 'medium', 'EC2132', '', 0, 0),
(1233, 'THE VERT JASMIN X24', 118, 2480, 5, 1, 1, 7, 'high', ' 1179004', '', 0, 0),
(1234, 'THE BLANC ABRICOT', 118, 2480, 4, 1, 1, 7, 'high', '', '', 0, 0),
(1235, 'THE VERT MENTHE X24', 118, 2480, 4, 1, 1, 7, 'high', '', '', 0, 0),
(1236, 'MARGARINE 10KG HERVA MOKA', 130, 20900, 19, 1, 1, 5, 'high', 'VERTE', '', 0, 0),
(1237, 'ROULEAUX PAPIER CAISSE 80X80X12 MM BPA FREE', 123, 52500, 19, 1, 1, 9, 'high', 'AR00003', 'carton de 20 mais à commander en multiple de 50...', 0, 0),
(1238, 'ROULEAUX PAPIER CB 57X40X12 MM BPA FREE X50 ', 123, 17900, 19, 1, 1, 9, 'high', 'AR00036', 'carton de 50', 0, 0),
(1239, 'POTATOES X2,5KG', 111, 3400, 20, 4, 1, 4, 'high', '', '', 0, 1),
(1240, 'ESTRAGON 8X250G', 111, 7400, 19, 1, 1, 4, 'medium', '', '', 0, 1),
(1241, 'POCHETTES A FRITES 40CL X1000', 126, 56310, 19, 1, 1, 8, 'high', '733136', '', 0, 0),
(1242, 'GOBELET CARTON BRUN 30CL  X1000', 126, 78000, 19, 1, 1, 8, 'high', 'GOB30BRUN', '', 0, 0),
(1243, 'COUVERCLE GOBELET CARTON 30CL X1000', 126, 44150, 19, 1, 1, 8, 'high', 'COUVGOB25N', '', 0, 0),
(1244, 'GOBELET CARTON BRUN 10CL X2000', 126, 62000, 19, 1, 1, 8, 'medium', 'GOB10BRUN', '', 0, 0),
(1245, 'COUVERCLE GOBELET CARTON 10CL X1000', 126, 36950, 19, 1, 1, 8, 'high', 'COUVGOB10N', '', 0, 0),
(1246, 'SERVIETTE HANK 35X100', 114, 0, 19, 1, 1, 8, 'high', '', '', 0, 0),
(1247, 'PAPIER ALIMENTAIRE - SET DE PLATEAU HANK X10KG', 114, 0, 19, 1, 1, 8, 'high', '', '', 0, 0),
(1248, 'SAC VAE HANK X400', 114, 0, 19, 1, 1, 0, 'high', '', '', 0, 0),
(1249, 'SEAU TRANSPARENT X30', 126, 93000, 19, 1, 1, 8, 'high', 'SPC4307', '', 0, 0),
(1250, 'DISTRIBUTEUR DE SAVON LIQUIDE CRYSTAL JVD 450ML', 126, 21900, 1, 1, 1, 9, 'low', '844098', '', 0, 0),
(1251, 'DISTRIBUTEUR DE SAVON LIQUIDE CRYSTAL JVD 1L', 126, 29300, 1, 1, 1, 9, 'low', '844102', '', 0, 0),
(1252, 'CHARIOT A DOSSIER RABATTABLE PRESTAR 200 A 300KG', 126, 244000, 1, 1, 1, 11, 'high', '11368', '', 0, 0),
(1253, 'SACHET HAMBURGER EN PAPIER - PLEATPACK BLANC L X500', 131, 32420, 19, 1, 1, 8, 'high', 'L500', '', 0, 0),
(1254, 'POT EN CARTON BLANC ET COUVERCLE PP X1000', 131, 71580, 19, 1, 1, 8, 'high', 'PK10BL', '', 0, 0),
(1255, 'FOURCHETTE EN BOIS', 131, 32420, 19, 1, 1, 8, 'high', 'BB081', '', 0, 0),
(1256, 'CUILLERE EN BOIS X1000', 131, 32420, 19, 1, 1, 8, 'high', 'BB083', '', 0, 0),
(1257, 'COUTEAU EN BOIS X1000', 131, 28250, 19, 1, 1, 8, 'low', 'BB082', '', 0, 0),
(1258, 'BARQUETTE BATEAU KRAFT EN CARTON 12X16.5X4CM X1000', 131, 55750, 19, 1, 1, 8, 'high', 'EK110', '', 0, 0),
(1259, 'POT ROND DESSERT + COUVERCLE 9X5CM 150ML X1000', 131, 69920, 19, 1, 1, 8, 'high', 'JP5', '', 0, 0),
(1260, 'MOULE EN CARTON  DE CUISSON POUR CAKE 8X4X4CM X75', 131, 11620, 8, 1, 1, 8, 'high', '683058', '', 0, 0),
(1261, 'POT DE SAUCE PP + COUVERCLE 4.5X3CM 30ML X100 ', 131, 2250, 8, 1, 1, 8, 'high', 'PP1B', '', 0, 0),
(1262, 'SAC SACHET PAPIER KRAFT BRUN 12X5X17CM X1000', 131, 7420, 19, 1, 1, 8, 'high', 'VIE01K', '', 0, 0),
(1263, 'PAINS SANS GLUTEN X24', 116, 26400, 19, 1, 1, 4, 'high', '', 'Minimum 11 cartons par commande', 0, 0),
(1264, 'FARINE BIO 1KG', 128, 890, 20, 1, 1, 2, 'high', '', '', 0, 0),
(1265, 'LAIT DE SOJA BIO 1L', 128, 1280, 27, 1, 1, 2, 'high', '', '', 0, 1),
(1266, 'CAROTTE', 112, 540, 3, 1, 1, 1, 'high', '', '', 0, 0),
(1267, 'TOMATE', 112, 1500, 3, 1, 1, 1, 'high', '', '', 0, 0),
(1268, 'OIGNON ROUGE', 112, 1140, 3, 1, 1, 1, 'high', '', '', 0, 0),
(1269, 'ROQUETTE', 112, 9840, 4, 1, 1, 1, 'high', '', '', 0, 0),
(1270, 'SALADE BATAVIA', 112, 700, 1, 1, 1, 1, 'high', '', '', 0, 0),
(1271, 'ALFALFA', 112, 1900, 4, 1, 1, 1, 'high', '', '', 0, 0),
(1272, 'CITRON JAUNE', 112, 2120, 3, 1, 1, 1, 'high', '', '', 0, 0),
(1273, 'ORANGE', 112, 1220, 3, 1, 1, 1, 'high', '', '', 0, 0),
(1274, 'CHOU BLANC', 112, 820, 1, 1, 1, 1, 'high', '', '', 0, 0),
(1275, 'ECHALOTTE', 112, 1690, 3, 1, 1, 1, 'high', '', '', 0, 0),
(1276, 'STEAK MUSHROOM', 119, 670, 1, 18, 1, 5, 'high', '', '', 0, 0),
(1277, 'STEAK SANS GLUTEN / SOJA UNITAIRE', 129, 700, 1, 1, 1, 5, 'high', '', 'Minimum de 272 steaks par commande', 0, 0),
(1278, 'SORBET CITRON', 117, 1550, 24, 10, 1, 4, 'high', '', '', 0, 0),
(1279, 'SORBET FRAMBOISE', 117, 1550, 24, 10, 1, 4, 'high', '', '', 0, 0),
(1280, 'SORBET PECHE BLANCHE BIO', 117, 1600, 24, 10, 1, 4, 'high', '', '', 0, 0),
(1281, 'PAPRIKA FUME 1KG', 113, 16950, 20, 1, 1, 2, 'high', 'EP288D', '', 0, 0),
(1282, 'FARINE DE MOUTARDE 5KG', 113, 44950, 20, 1, 1, 2, 'high', '', '', 0, 0),
(1283, 'PAPRIKA DOUX 5KG', 113, 53950, 20, 1, 1, 2, 'high', '', '', 0, 0),
(1284, 'AIL EN POUDRE 5KG', 113, 73400, 20, 1, 1, 2, 'high', 'EP012C ', '', 0, 0),
(1285, 'PAPRIKA FUME 5KG', 113, 79950, 20, 1, 1, 2, 'high', 'EP288C  ', '', 0, 0),
(1286, 'AROME FROMAGE ITALIEN 105ML', 132, 6250, 21, 1, 1, 2, 'high', '', '', 0, 0),
(1287, 'BOSS PEACH 250ML CAN', 134, 730, 1, 12, 1, 7, 'high', 'EUCPEA250', '', 0, 0),
(1288, 'CRUNCHY NATURE BIO GRANOLA 500G', 135, 3190, 8, 6, 1, 2, 'low', 'CRUNCHNAT0026', '', 0, 0),
(1289, 'CORNICHON BOITE 5/1 2120G', 125, 5500, 4, 1, 1, 2, 'high', '008436', '', 0, 1),
(1290, 'SIROP D\\''ERABLE 1L', 125, 14500, 1, 1, 1, 2, 'high', '000415', '', 0, 1),
(1291, 'CONCENTRE TOMATE 28% 5/1 4550G', 125, 5700, 4, 1, 1, 0, 'high', '001441', '', 0, 1),
(1292, 'TOMATE PULPE POLPA CHEF 5/1 4050G', 125, 4500, 4, 1, 1, 2, 'high', '  001474', '', 0, 1),
(1293, 'VIOLIFE CHEESE FOR PIZZA ORIGINAL', 136, 17500, 8, 1, 1, 5, 'high', '', '', 0, 1),
(1294, 'POIVRON FILET PEPERONI 4/4 GRECI 800G', 125, 5900, 4, 1, 1, 2, 'high', '001210', '', 0, 1),
(1295, 'MOUTARDE AMORA 5KG', 125, 9990, 24, 1, 1, 2, 'high', '008069', '', 0, 1),
(1296, 'HUILE TOURNESOL 5L', 125, 7500, 25, 1, 1, 3, 'high', '111666', '(carton de 3)', 0, 1),
(1297, 'HUILE D\\''OLIVE 5L', 125, 23000, 25, 1, 1, 3, 'high', '111627', '', 0, 1),
(1298, 'VINAIGRE DE CIDRE 75CL', 125, 1400, 21, 1, 1, 3, 'high', '002606', '', 0, 1),
(1299, 'DESSERT POMMES TAMISEES 850G', 125, 1200, 1, 1, 1, 2, 'high', '000207', '', 0, 1),
(1300, 'OLIVES NOIRES RONDELLES 2/1 1560G', 125, 3600, 1, 1, 1, 2, 'high', '002404', '', 0, 1),
(1301, 'FIGUES SECHES LAYER 500G', 125, 2200, 8, 1, 1, 2, 'high', '004328', '', 0, 1),
(1302, 'SUCRE CASSONADE 1KG', 125, 1850, 4, 1, 1, 2, 'high', '002911', '', 0, 1),
(1303, 'SEL FIN 1KG', 125, 250, 20, 1, 1, 3, 'high', '02806', '', 0, 1),
(1304, 'JUS DE RAISIN 1L', 125, 1150, 27, 6, 1, 2, 'high', '003239', '', 0, 1),
(1305, 'JUS D\\''ORANGE PLEIN FRUIT 1L', 125, 950, 27, 6, 1, 2, 'high', '003236', '', 0, 1),
(1306, 'JUS D\\''ANANAS PLEIN FRUIT 1L', 125, 1300, 27, 6, 1, 2, 'high', '003238', '', 0, 1),
(1307, 'NOISETTES DECORTIQUEES 1KG', 125, 19500, 20, 1, 1, 2, 'high', '', '', 0, 1),
(1308, 'KETCHUP HEINZ BIDON 5.9KG', 125, 16100, 25, 1, 1, 2, 'high', '002427', '', 0, 1),
(1309, 'SACHET KETCHUP HEINZ 10ML X200', 125, 9200, 4, 1, 1, 2, 'high', '005017', '', 0, 1),
(1310, 'SACHET MOUTARDE AMORA 5ML X400', 125, 16900, 4, 1, 1, 2, 'high', '002782', '', 0, 1),
(1311, 'TABASCO 350ML', 125, 13800, 21, 1, 1, 2, 'high', '002664', '', 0, 1),
(1312, 'BICARBONATE DE SOUDE 800G', 125, 2900, 4, 1, 1, 2, 'high', '002844', '', 0, 1),
(1313, 'JUS DE CITRON JAUNE 1L', 125, 2800, 21, 1, 1, 2, 'high', '002605', '', 0, 1),
(1314, 'MAISLA FLEUR DE MAIS 1KG', 125, 2050, 20, 1, 1, 2, 'high', '007052', '', 0, 1),
(1315, 'SUCRE GLACE 1KG', 125, 2100, 20, 1, 1, 2, 'high', '002912', '(carton de 5)', 0, 1),
(1316, 'OIGNONS GRILLES/ FRITS 1KG', 125, 5500, 20, 1, 1, 2, 'high', '007444', '', 0, 1),
(1317, 'CAFE GRAIN PURA 100% ARABICA 1KG', 125, 11900, 20, 1, 1, 2, 'high', '3096', '', 0, 1),
(1318, 'LEVURE CHIMIQUE BAKING POWDER', 125, 5500, 4, 1, 1, 0, 'medium', '003827', '', 0, 1),
(1319, 'SUCRE VANILLE 1KG', 125, 4900, 4, 1, 1, 2, 'medium', '003828', '', 0, 1),
(1320, 'AROME VANILLE LIQUIDE 50CL', 125, 14100, 21, 1, 1, 2, 'medium', '003793', '', 0, 1),
(1321, 'FARINE DE BLE NOIR (SARRASIN) 1KG', 125, 1900, 20, 1, 1, 2, 'medium', '005014', '', 0, 1),
(1322, 'POIVRE GRIS MOULU 1KG', 125, 12500, 20, 1, 1, 2, 'low', '0025S2', '', 0, 1),
(1323, 'QUINOA BLOND DE FRANCE 2.5KG', 125, 15500, 20, 1, 0, 2, 'medium', '001140', '', 0, 1),
(1324, 'VINAIGRE D\\''ALCOOL BLANC 1.5L', 125, 500, 21, 12, 1, 9, 'high', '002615', '', 0, 1),
(1325, 'CHOCOLAT GOUTTE 4,4KG ', 125, 25000, 4, 1, 1, 2, 'high', '013926', '', 0, 1),
(1326, 'BEURRE DE CACAHUETE DAKATIN 850G', 125, 4400, 1, 1, 0, 2, 'high', '007923', '', 0, 0),
(1327, 'ESSUIE MAINS PAPIER DIAMETRE 20X6', 125, 10320, 8, 1, 1, 9, 'high', 'PH22', '', 0, 1),
(1328, 'CURCUMA MOULU 1KG', 125, 5500, 20, 1, 1, 3, 'high', '007430', '', 0, 0),
(1329, 'GINGEMBRE MOULU 450G', 125, 3200, 20, 1, 1, 3, 'medium', '007599', '', 0, 1),
(1330, 'MUSCADE MOULUE 450G', 125, 9720, 20, 1, 1, 3, 'medium', '7396', '', 0, 1),
(1331, 'PAPRIKA DOUX 500G', 125, 4500, 20, 1, 1, 3, 'medium', '007399', '', 0, 1),
(1332, 'CORIANDRE MOULUE 250G', 125, 1000, 20, 1, 1, 3, 'medium', '007107', '', 0, 1),
(1333, 'CANNELLE MOULUE 250G ', 125, 940, 20, 1, 1, 3, 'medium', '007130', '', 0, 1),
(1334, 'PIMENT D\\''ESPELETTE MOULU 250G', 125, 19990, 20, 1, 1, 3, 'medium', '008679', '', 0, 1),
(1335, 'CURRY EN POUDRE', 125, 4540, 20, 1, 0, 3, 'high', '', '', 0, 1),
(1336, 'CUMIN ENTIER 1KG', 125, 6320, 20, 1, 0, 3, 'medium', '', '', 0, 0),
(1338, 'LIQUIDE MENAGER PIN 5L', 125, 5000, 25, 1, 1, 9, 'medium', '00DB02', '', 0, 0),
(1339, 'VAISSELLE CITRON CONCENTRE 5L', 125, 7500, 25, 1, 1, 9, 'medium', '00DC01', '', 0, 0),
(1340, 'SAVON MAIN ACTIF 5L', 125, 4930, 25, 1, 1, 9, 'medium', '00DS53', '', 0, 0),
(1341, 'GANT LATEX S', 125, 3300, 4, 1, 1, 9, 'high', '00GV71', '', 0, 1),
(1342, 'GANT LATEX M', 125, 3300, 4, 1, 1, 9, 'high', '00GV72', '', 0, 1),
(1343, 'GANT LATEX L', 125, 3300, 4, 1, 1, 9, 'high', '00GV73', '', 0, 1),
(1344, 'GANT VINYLE S X100', 125, 2300, 4, 1, 1, 9, 'high', '00G071', '', 0, 1),
(1345, 'GANT VINYLE M X100', 125, 3500, 4, 1, 1, 9, 'high', '00GN12', '', 0, 1),
(1346, 'SAC PLASTIQUE POUBELLE NOIR FORT 150L X100', 125, 18500, 19, 1, 1, 9, 'high', '00PA55', '', 0, 0),
(1347, 'SAC PLASTIQUE POUBELLE NOIR 50L X200', 125, 15500, 19, 1, 1, 9, 'high', '00PA70', '', 0, 0),
(1348, 'FILM ETIRABLE 30CMX30M', 125, 3600, 1, 1, 1, 9, 'medium', '00KF01', '', 0, 0),
(1349, 'PAPIER CUISSON GN 1/1 53X32 X500', 125, 24000, 4, 1, 1, 9, 'low', '00YY20', '', 0, 0),
(1350, 'EPONGE BASIC EGAO ECO X10', 125, 7500, 8, 1, 1, 9, 'medium', '00HE67', '', 0, 0),
(1351, 'CHARLOTTE DE CUISINE CLIP BLANCHE X100', 125, 2450, 8, 1, 1, 9, 'low', '00CC01', '', 0, 0),
(1352, 'NETTOYANT VITRE 5L', 125, 3500, 25, 1, 1, 9, 'low', 'DA03', '', 0, 0),
(1353, 'PASTILLE LAVE VAISSELLE 6 EN 1 3,3KG', 125, 28500, 24, 1, 0, 9, 'medium', '00DM47', '', 0, 0),
(1354, 'DETARTRANT DECALCARISANT (LAVE VAISSELLE)', 125, 6800, 25, 1, 1, 9, 'low', '00DT03', '', 0, 0),
(1355, 'SEL REGENERANT LAVE VAISSELLE 2KG', 125, 2800, 4, 1, 1, 9, 'low', '00DM05', '', 0, 0),
(1356, 'STYLO CRAIE', 125, 2500, 1, 1, 1, 9, 'low', '', '', 0, 0),
(1357, 'LESSIVE LINGE PASTILLE 40G X125', 125, 35000, 4, 1, 1, 9, 'medium', '00L432', '', 0, 0),
(1359, 'PAPIER HYGIENIQUE TOILETTE MAXI JUMBO X6', 125, 14000, 8, 1, 1, 9, 'low', '00GP78', '', 0, 0),
(1360, 'MOULE CAKE X75', 125, 10990, 8, 1, 1, 8, 'medium', '00MC60', '', 0, 0),
(1361, 'EPONGES ROSES x10', 125, 7500, 8, 1, 1, 9, 'high', 'JT56', '', 0, 0),
(1362, 'BOULE INOX X10', 125, 6800, 8, 1, 1, 9, 'medium', '', '', 0, 0),
(1363, 'SAC 50MICBLC 26x12x45CM C500', 125, 25500, 18, 1, 1, 9, 'low', '0A0583', '', 0, 0),
(1364, 'TORTILLA LESS SALTED X12', 125, 27480, 19, 1, 0, 2, 'medium', '007979', '', 0, 0),
(1365, 'LAIT DE COCO 480G', 125, 1200, 4, 1, 0, 2, 'high', '008381', '24 par carton', 0, 0),
(1366, 'POUDRE D\\''AMANDE', 125, 9800, 3, 1, 0, 2, 'high', '3704', '', 0, 0),
(1367, 'ANETH DHIL 50G', 125, 2980, 4, 1, 0, 2, 'high', '005276', '', 0, 0),
(1368, 'CACAHUETES GRILLEES', 125, 3690, 20, 1, 0, 2, 'high', '', '', 0, 0),
(1369, 'HUILE DE SESAME 1L', 125, 4500, 21, 1, 0, 2, 'high', '', '', 0, 0),
(1370, 'CUMIN EN POUDRE 1KG', 125, 5990, 20, 1, 0, 3, 'low', '2531', '', 0, 0),
(1371, 'LIQUIDE VAISSELLE POUR LAVE VAISSELLE FARAL 5L', 125, 10900, 25, 1, 1, 9, 'medium', 'DM51', '', 0, 0),
(1372, '* LIQUIDHICKORYSMOKE 1.89l', 137, 7500, 21, 1, 1, 3, 'high', '', '', 0, 0),
(1373, 'Farine bio 2x1kg', 128, 1780, 8, 1, 1, 2, 'high', '', '', 0, 0),
(1374, 'SAUCE HP 255G', 125, 1950, 21, 1, 1, 2, 'high', '2495', '', 0, 0),
(1375, 'LIQUIDE RINCAGE LAVE VAISSELLE 5L', 125, 9950, 25, 1, 1, 9, 'low', 'DM52', '', 0, 0),
(1376, 'OIGNON BLANC EN POUDRE 500G SAISSE ET FILS', 124, 3000, 20, 1, 1, 3, 'high', '174166 9', '', 0, 0),
(1377, 'PIMENT D\\''ESPELETTE MOULU 250G', 41, 19990, 20, 1, 1, 2, 'medium', '008679', '', 0, 0),
(1378, 'Serviettes en papier recyclé x3000', 73, 19150, 19, 1, 1, 9, 'low', 'GR3333KF  ', '', 0, 1);

-- --------------------------------------------------------

--
-- Table structure for table `products_attribut`
--

CREATE TABLE IF NOT EXISTS `products_attribut` (
  `id` int(11) NOT NULL AUTO_INCREMENT,
  `id_product` int(11) NOT NULL,
  `name` varchar(255) COLLATE utf8_unicode_ci NOT NULL,
  PRIMARY KEY (`id`)
) ENGINE=InnoDB DEFAULT CHARSET=utf8 COLLATE=utf8_unicode_ci AUTO_INCREMENT=1 ;

-- --------------------------------------------------------

--
-- Table structure for table `products_category`
--

CREATE TABLE IF NOT EXISTS `products_category` (
  `id` int(11) NOT NULL AUTO_INCREMENT,
  `name` varchar(255) COLLATE utf8_unicode_ci NOT NULL,
  `active` tinyint(1) NOT NULL DEFAULT '1',
  `deleted` tinyint(1) NOT NULL DEFAULT '0',
  PRIMARY KEY (`id`),
  KEY `active` (`active`),
  KEY `deleted` (`deleted`)
) ENGINE=InnoDB  DEFAULT CHARSET=utf8 COLLATE=utf8_unicode_ci AUTO_INCREMENT=12 ;

--
-- Dumping data for table `products_category`
--

INSERT INTO `products_category` (`id`, `name`, `active`, `deleted`) VALUES
(0, 'none', 1, 0),
(1, 'vegetable', 1, 0),
(2, 'grocery', 1, 0),
(3, 'seasoning', 1, 0),
(4, 'frozen', 1, 0),
(5, 'fresh', 1, 0),
(6, 'cereal', 1, 0),
(7, 'drink', 1, 0),
(8, 'wrapping', 1, 0),
(9, 'consumable', 1, 0),
(10, 'flyer', 1, 0),
(11, 'none', 1, 0);

-- --------------------------------------------------------

--
-- Table structure for table `products_mapping`
--

CREATE TABLE IF NOT EXISTS `products_mapping` (
  `id` int(11) NOT NULL AUTO_INCREMENT,
  `id_pos` int(11) DEFAULT NULL,
  `id_product` int(11) DEFAULT NULL,
  `coef` float NOT NULL DEFAULT '0',
  `id_bu` int(11) DEFAULT NULL,
  PRIMARY KEY (`id`),
  UNIQUE KEY `unique_index` (`id_pos`,`id_product`),
  UNIQUE KEY `id_pos` (`id_pos`,`id_product`,`id_bu`),
  KEY `id_bu` (`id_bu`),
  KEY `id_product` (`id_product`)
) ENGINE=InnoDB  DEFAULT CHARSET=utf8 COLLATE=utf8_unicode_ci AUTO_INCREMENT=1095 ;

--
-- Dumping data for table `products_mapping`
--

INSERT INTO `products_mapping` (`id`, `id_pos`, `id_product`, `coef`, `id_bu`) VALUES
(426, 83, 70, 0.058, 1),
(444, 109, 74, 1, 1),
(454, 108, 402, 1, 1),
(455, 110, 263, 1, 1),
(459, 86, 74, 1, 1),
(460, 86, 402, 1, 1),
(466, 88, 74, 1, 1),
(654, 93, 355, 1, 1),
(724, 54, 112, 1, 1),
(725, 54, 113, 1, 1),
(726, 54, 80, 0, 1),
(768, 104, 402, 1, 1),
(769, 104, 74, 1, 1),
(770, 104, 380, 1, 1),
(855, 7, 405, 1.02, 1),
(859, 25283645, 405, 1, 1),
(866, 58, 821, 1, 1),
(867, 103, 482, 1, 1),
(868, 73, 263, 1, 1),
(910, 15, 74, 1.02, 1),
(911, 15, 960, 1.02, 1),
(912, 44, 74, 1.02, 1),
(913, 44, 960, 1.02, 1),
(914, 55, 74, 1.02, 1),
(915, 55, 960, 1.02, 1),
(916, 166748, 74, 16, 1),
(917, 25277269, 74, 1.02, 1),
(918, 25277269, 960, 1.02, 1),
(919, 25283636, 960, 1.02, 1),
(920, 25283636, 74, 1.02, 1),
(921, 25283640, 960, 1.02, 1),
(922, 25283640, 74, 1.02, 1),
(923, 25283651, 74, 1.02, 1),
(924, 25283651, 960, 1.02, 1),
(925, 25283652, 74, 1.02, 1),
(926, 25283652, 960, 1.02, 1),
(927, 67563604, 74, 1.02, 1),
(928, 67563604, 960, 1.02, 1),
(1080, 4, 74, 1, 1),
(1081, 4, 960, 1, 1),
(1082, 4, 340, 0.0097466, 1),
(1083, 4, 272, 0.00194932, 1),
(1084, 4, 835, 0.006238, 1),
(1085, 4, 2, 0.0077973, 1),
(1086, 4, 265, 0.00194932, 1),
(1087, 4, 266, 0.00779728, 1),
(1088, 4, 936, 0.0234, 1),
(1089, 4, 463, 0.000259909, 1),
(1090, 4, 51, 0.0000507, 1),
(1091, 4, 294, 0.0003899, 1),
(1092, 4, 243, 0.000039, 1),
(1093, 176229759, 1069, 1, 4),
(1094, 5818312, 638, 1, 2);

-- --------------------------------------------------------

--
-- Table structure for table `products_stock`
--

CREATE TABLE IF NOT EXISTS `products_stock` (
  `id` int(11) NOT NULL AUTO_INCREMENT,
  `id_product` int(11) DEFAULT NULL,
  `warning` int(11) NOT NULL DEFAULT '0',
  `mini` int(11) NOT NULL DEFAULT '0',
  `max` int(11) NOT NULL DEFAULT '0',
  `last_update_user` timestamp NOT NULL DEFAULT '0000-00-00 00:00:00',
  `last_update_pos` timestamp NOT NULL DEFAULT '0000-00-00 00:00:00',
  `last_update_id_user` int(11) NOT NULL,
  `qtty` float NOT NULL DEFAULT '0',
  PRIMARY KEY (`id`),
  UNIQUE KEY `id_product` (`id_product`)
) ENGINE=InnoDB  DEFAULT CHARSET=utf8 COLLATE=utf8_unicode_ci AUTO_INCREMENT=26045 ;

--
-- Dumping data for table `products_stock`
--

INSERT INTO `products_stock` (`id`, `id_product`, `warning`, `mini`, `max`, `last_update_user`, `last_update_pos`, `last_update_id_user`, `qtty`) VALUES
(262, 263, 0, 48, 0, '2018-04-26 13:22:40', '2018-04-27 11:58:02', 133, 191),
(263, 102, 0, 48, 0, '2018-04-27 16:05:16', '2017-06-23 15:29:02', 133, 168),
(264, 103, 0, 48, 0, '2018-04-27 16:05:16', '2017-06-23 15:29:02', 133, 0),
(265, 104, 0, 48, 0, '2018-04-27 16:05:16', '2017-06-23 15:29:02', 133, 180),
(266, 402, 0, 0, 0, '2017-08-05 07:06:08', '2018-04-30 17:26:12', 1, -114115),
(267, 342, 0, 0, 0, '2018-04-11 10:27:15', '2017-06-23 12:29:02', 133, 178),
(268, 70, 0, 0, 0, '2018-03-14 12:01:10', '2017-06-23 15:29:02', 133, -6124.12),
(269, 74, 2000, 1000, 7000, '2018-04-26 12:01:57', '2018-04-30 19:56:13', 133, 3187.5),
(301, 2, 0, 5, 0, '2018-04-28 10:11:28', '2018-04-30 19:56:12', 97, 1283.69),
(302, 3, 0, 1, 0, '2018-04-28 10:11:28', '0000-00-00 00:00:00', 97, 71.46),
(303, 4, 0, 5, 0, '2018-04-28 10:11:28', '0000-00-00 00:00:00', 97, 989.36),
(304, 5, 0, 10, 0, '2018-04-28 10:11:28', '0000-00-00 00:00:00', 97, 3690),
(305, 6, 0, 1, 0, '2018-04-28 10:11:28', '0000-00-00 00:00:00', 97, 235),
(306, 7, 0, 2, 0, '2018-04-28 10:11:28', '0000-00-00 00:00:00', 97, 379),
(307, 8, 0, 1, 0, '2018-04-28 10:11:28', '0000-00-00 00:00:00', 97, 174),
(308, 9, 0, 0, 0, '2018-03-14 15:40:20', '0000-00-00 00:00:00', 76, 591),
(309, 11, 0, 6, 0, '2018-04-28 10:11:28', '0000-00-00 00:00:00', 97, 2108),
(310, 12, 0, 3, 0, '2018-03-14 15:40:15', '0000-00-00 00:00:00', 76, 0),
(311, 13, 0, 3, 0, '2018-03-14 15:40:12', '0000-00-00 00:00:00', 76, 0),
(312, 39, 0, 4, 0, '2018-04-28 10:11:28', '0000-00-00 00:00:00', 97, 15),
(313, 78, 0, 10, 0, '2018-03-14 15:40:52', '0000-00-00 00:00:00', 76, 0),
(314, 340, 0, 3, 0, '2018-02-20 14:37:28', '2018-04-30 19:56:13', 76, 142.696),
(315, 341, 0, 2, 0, '2018-03-14 15:41:06', '0000-00-00 00:00:00', 76, 0),
(316, 352, 0, 6, 0, '2018-04-28 10:11:28', '0000-00-00 00:00:00', 97, 1646),
(317, 389, 0, 2, 0, '2016-11-02 18:21:12', '0000-00-00 00:00:00', 1, 0),
(318, 392, 0, 1, 0, '2018-02-20 14:37:22', '0000-00-00 00:00:00', 76, 180),
(319, 397, 0, 1, 0, '2018-03-14 15:41:45', '0000-00-00 00:00:00', 76, 6),
(320, 399, 0, 5, 0, '2018-03-14 15:41:49', '0000-00-00 00:00:00', 76, 0),
(321, 381, 0, 2, 0, '2018-04-05 15:48:38', '0000-00-00 00:00:00', 76, 24),
(322, 93, 0, 100, 0, '2017-02-24 11:19:21', '2017-06-23 15:04:02', 26, -17395),
(323, 94, 0, 100, 0, '2017-02-24 11:19:21', '2017-06-23 11:13:01', 26, -4532),
(324, 107, 0, 48, 0, '2017-02-24 11:19:21', '2016-05-26 12:40:02', 26, 44),
(325, 371, 360, 192, 0, '2017-12-05 10:57:40', '2017-06-23 13:09:02', 76, 1033),
(326, 27, 0, 3, 0, '2017-01-30 13:06:55', '0000-00-00 00:00:00', 76, 0),
(327, 29, 0, 6, 0, '2018-04-25 13:47:52', '0000-00-00 00:00:00', 133, 26),
(328, 76, 0, 10, 0, '2018-04-25 13:47:52', '0000-00-00 00:00:00', 133, 56),
(329, 80, 0, 36, 0, '2018-04-25 13:47:52', '2017-04-15 15:08:02', 133, 54),
(330, 82, 0, 3, 0, '2018-03-14 14:53:56', '0000-00-00 00:00:00', 76, 0),
(331, 87, 0, 3, 0, '2018-03-14 14:53:32', '0000-00-00 00:00:00', 76, 0),
(332, 98, 0, 48, 0, '2016-09-20 14:14:09', '0000-00-00 00:00:00', 26, 0),
(333, 99, 0, 48, 0, '2016-09-20 14:14:14', '2016-11-29 17:45:02', 26, -102),
(334, 355, 0, 100, 0, '2018-04-25 13:47:52', '2017-06-23 15:04:02', 133, 340),
(335, 100, 0, 1, 0, '2018-04-25 13:47:52', '2017-06-22 15:23:02', 133, 4),
(336, 101, 0, 1, 0, '2018-04-25 13:47:52', '2017-06-22 19:10:02', 133, 5),
(337, 372, 0, 2, 0, '2018-03-14 14:53:05', '0000-00-00 00:00:00', 76, 0),
(338, 265, 0, 3, 0, '2018-04-27 16:06:21', '2018-04-30 19:56:13', 133, 3.47953),
(339, 266, 0, 3, 0, '2018-03-14 11:27:22', '2018-04-30 19:56:13', 133, -26.4687),
(340, 269, 0, 12, 0, '2018-04-27 16:06:21', '0000-00-00 00:00:00', 133, 63),
(341, 270, 0, 2, 0, '2016-08-12 17:15:45', '0000-00-00 00:00:00', 26, 0),
(342, 271, 0, 3, 0, '2018-04-27 16:06:21', '0000-00-00 00:00:00', 133, 6),
(343, 272, 0, 2, 0, '2018-04-27 16:06:21', '2018-04-30 19:56:13', 133, 0.979534),
(344, 278, 0, 4, 0, '2018-04-27 16:06:21', '0000-00-00 00:00:00', 133, 27),
(345, 279, 0, 2, 0, '2018-04-27 16:06:21', '0000-00-00 00:00:00', 133, 4),
(346, 282, 0, 2, 0, '2018-04-27 16:06:21', '0000-00-00 00:00:00', 133, 4),
(347, 283, 0, 1, 0, '2018-04-27 16:06:21', '0000-00-00 00:00:00', 133, 2),
(348, 28, 0, 3, 0, '2018-04-27 16:06:21', '0000-00-00 00:00:00', 133, 7),
(349, 284, 0, 1, 0, '2018-04-27 16:06:21', '0000-00-00 00:00:00', 133, 2),
(350, 285, 0, 1, 0, '2018-04-19 10:16:29', '0000-00-00 00:00:00', 9, 3.3),
(351, 286, 0, 1, 0, '2018-04-27 16:06:21', '0000-00-00 00:00:00', 133, 4),
(352, 289, 0, 1, 0, '2018-04-27 16:06:21', '0000-00-00 00:00:00', 133, 2),
(353, 291, 0, 3, 0, '2018-03-14 11:29:59', '0000-00-00 00:00:00', 133, 0),
(354, 293, 0, 2, 0, '2018-03-14 15:54:47', '0000-00-00 00:00:00', 76, 0),
(355, 38, 0, 1, 0, '2017-02-04 17:40:25', '0000-00-00 00:00:00', 76, 0),
(356, 294, 0, 6, 0, '2018-04-27 16:06:21', '2018-04-30 19:56:13', 133, 4.89587),
(357, 295, 0, 2, 0, '2018-04-27 16:06:21', '0000-00-00 00:00:00', 133, 4),
(358, 40, 0, 3, 0, '2018-04-27 16:06:21', '0000-00-00 00:00:00', 133, 15),
(359, 43, 0, 6, 0, '2018-04-19 10:18:34', '0000-00-00 00:00:00', 9, 4),
(360, 49, 0, 3, 0, '2018-04-27 16:06:21', '0000-00-00 00:00:00', 133, 4),
(361, 51, 0, 1, 0, '2018-03-14 11:34:46', '2018-04-30 19:56:12', 133, -0.255333),
(363, 313, 0, 1, 0, '2018-03-14 15:55:18', '0000-00-00 00:00:00', 76, 0),
(364, 318, 0, 1, 0, '2018-04-27 16:06:21', '0000-00-00 00:00:00', 133, 7),
(365, 319, 0, 1, 0, '2018-04-27 16:06:21', '0000-00-00 00:00:00', 133, 2),
(366, 65, 0, 1, 0, '2018-04-27 16:06:21', '0000-00-00 00:00:00', 133, 0),
(367, 321, 0, 10, 0, '2018-04-27 16:06:21', '0000-00-00 00:00:00', 133, 19),
(368, 66, 0, 10, 0, '2018-04-27 16:06:21', '0000-00-00 00:00:00', 133, 20),
(369, 322, 0, 2, 0, '2018-04-27 16:06:21', '0000-00-00 00:00:00', 133, 9),
(370, 67, 0, 1, 0, '2018-04-27 16:06:21', '0000-00-00 00:00:00', 133, 0),
(371, 323, 0, 4, 0, '2018-04-27 16:06:21', '0000-00-00 00:00:00', 133, 5),
(372, 324, 0, 1, 0, '2017-02-05 12:21:49', '0000-00-00 00:00:00', 76, 1),
(373, 325, 0, 6, 0, '2018-04-27 16:06:21', '0000-00-00 00:00:00', 133, 18),
(374, 326, 0, 1, 0, '2018-04-27 16:06:21', '0000-00-00 00:00:00', 133, 4),
(375, 327, 0, 1, 0, '2018-04-27 16:06:21', '0000-00-00 00:00:00', 133, 0),
(376, 328, 0, 2, 0, '2018-04-27 16:06:21', '0000-00-00 00:00:00', 133, 7),
(377, 329, 0, 2, 0, '2018-04-27 16:06:21', '0000-00-00 00:00:00', 133, 2),
(378, 330, 0, 2, 0, '2018-04-27 16:06:21', '0000-00-00 00:00:00', 133, 7),
(379, 373, 0, 10, 0, '2018-03-14 15:55:32', '0000-00-00 00:00:00', 76, 0),
(380, 376, 0, 1, 0, '2018-04-27 16:06:21', '0000-00-00 00:00:00', 133, 2),
(381, 379, 0, 1, 0, '2018-03-14 15:55:37', '0000-00-00 00:00:00', 76, 0),
(382, 136, 0, 12, 0, '2018-04-27 16:06:21', '0000-00-00 00:00:00', 133, 17),
(383, 137, 12, 8, 0, '2018-04-27 16:06:21', '0000-00-00 00:00:00', 133, 3),
(384, 139, 0, 6, 0, '2018-04-27 16:06:21', '0000-00-00 00:00:00', 133, 11),
(385, 142, 0, 1, 0, '2018-04-27 16:06:21', '0000-00-00 00:00:00', 133, 6),
(386, 144, 0, 1, 0, '2018-04-27 16:06:21', '0000-00-00 00:00:00', 133, 4),
(387, 407, 0, 1, 0, '2018-03-14 11:40:13', '0000-00-00 00:00:00', 133, 0),
(388, 243, 0, 1, 0, '2018-04-27 16:06:21', '2018-04-30 19:56:13', 133, 6.80553),
(389, 244, 0, 1, 0, '2018-04-27 16:06:21', '0000-00-00 00:00:00', 133, 0),
(390, 249, 0, 1, 0, '2018-01-09 10:37:01', '0000-00-00 00:00:00', 1, 0),
(391, 250, 0, 1, 0, '2017-04-11 09:33:01', '0000-00-00 00:00:00', 76, 1),
(392, 405, 0, 1000, 0, '2018-04-06 16:37:16', '2018-04-30 19:56:13', 133, -8679.78),
(393, 386, 0, 3000, 0, '2017-08-05 06:28:55', '2017-06-23 15:29:02', 1, -179452),
(394, 361, 0, 1000, 0, '2018-04-11 10:27:00', '0000-00-00 00:00:00', 133, 354),
(404, 10, 0, 0, 0, '2018-03-14 15:40:18', '0000-00-00 00:00:00', 76, 4),
(408, 30, 0, 0, 0, '2017-07-30 13:37:00', '0000-00-00 00:00:00', 76, 112),
(410, 333, 0, 0, 0, '2017-01-27 17:25:10', '0000-00-00 00:00:00', 76, 3),
(412, 339, 0, 0, 0, '2018-03-14 15:40:59', '0000-00-00 00:00:00', 76, 0),
(417, 390, 0, 0, 0, '2017-07-30 13:36:42', '0000-00-00 00:00:00', 76, 17),
(418, 391, 0, 0, 0, '2017-01-27 17:26:03', '0000-00-00 00:00:00', 76, 0),
(420, 393, 0, 0, 0, '2018-02-20 14:37:17', '0000-00-00 00:00:00', 76, 82.2),
(421, 394, 0, 0, 0, '2017-01-27 17:26:21', '0000-00-00 00:00:00', 76, 0),
(422, 395, 0, 0, 0, '2017-01-27 17:26:29', '0000-00-00 00:00:00', 76, 0),
(423, 396, 0, 0, 0, '2018-03-14 15:41:41', '0000-00-00 00:00:00', 76, 0),
(896, 106, 0, 0, 0, '2016-05-04 10:35:19', '2017-06-18 11:21:02', 26, -7),
(899, 95, 8, 4, 24, '2018-02-08 08:43:46', '2017-06-23 14:22:02', 133, 225),
(900, 403, 0, 0, 0, '2018-02-06 14:22:54', '0000-00-00 00:00:00', 133, 0),
(903, 380, 3000, 2000, 0, '2017-08-05 06:04:21', '2017-09-04 11:23:02', 1, 1569),
(1102, 410, 2500, 20, 80, '2018-03-14 12:14:09', '0000-00-00 00:00:00', 133, 26),
(1103, 411, 60, 0, 0, '2018-03-14 12:14:18', '2016-11-12 13:45:01', 133, -353),
(1104, 412, 60, 0, 0, '2018-03-14 12:14:23', '2016-11-20 18:43:02', 133, -636),
(1105, 415, 60, 0, 0, '2016-08-08 14:22:28', '2016-11-13 13:58:02', 36, -1375),
(1106, 416, 0, 0, 0, '2018-04-27 16:05:16', '0000-00-00 00:00:00', 133, 234),
(1107, 417, 0, 0, 0, '2018-04-27 16:05:16', '0000-00-00 00:00:00', 133, 168),
(1366, 72, 0, 0, 0, '2017-08-05 05:58:32', '0000-00-00 00:00:00', 1, 0),
(1367, 73, 0, 0, 0, '2018-03-14 12:01:19', '0000-00-00 00:00:00', 133, 0),
(1368, 264, 0, 0, 0, '2018-03-14 12:01:03', '0000-00-00 00:00:00', 133, 8),
(1369, 290, 0, 0, 0, '2018-03-14 12:01:05', '0000-00-00 00:00:00', 133, 0),
(1370, 315, 0, 0, 0, '2018-03-02 16:51:02', '0000-00-00 00:00:00', 1, 1),
(1371, 320, 0, 0, 0, '2018-03-02 16:51:02', '0000-00-00 00:00:00', 1, 0),
(1402, 63, 0, 0, 0, '2016-07-18 10:06:36', '0000-00-00 00:00:00', 36, 0),
(1403, 64, 0, 0, 0, '2017-07-19 08:40:45', '0000-00-00 00:00:00', 1, 0),
(1407, 109, 0, 0, 0, '2016-12-26 11:39:56', '2017-06-22 18:54:01', 1, 718),
(1408, 110, 0, 0, 0, '2016-12-26 11:40:01', '2017-06-23 14:22:02', 1, -3278),
(1409, 111, 0, 0, 0, '2016-12-26 11:40:05', '2017-06-23 14:22:02', 1, -3278),
(1410, 112, 0, 0, 0, '2017-08-23 15:01:22', '2017-06-21 10:24:01', 1, -2298),
(1411, 113, 0, 0, 0, '2017-08-23 15:01:14', '2017-06-21 10:24:01', 1, -2299),
(1412, 114, 0, 0, 0, '2017-08-05 06:04:31', '2017-06-23 14:35:02', 1, -7675),
(1413, 115, 0, 0, 0, '2017-08-05 06:04:26', '0000-00-00 00:00:00', 1, 0),
(1414, 348, 0, 0, 0, '2017-08-05 06:04:43', '2017-06-23 13:20:02', 1, -2110),
(1415, 349, 0, 0, 0, '2017-08-05 06:04:36', '2017-06-23 15:06:01', 1, -681),
(1416, 358, 0, 0, 0, '2016-08-10 07:06:32', '0000-00-00 00:00:00', 36, 0),
(1417, 359, 0, 0, 0, '2016-11-25 14:20:37', '0000-00-00 00:00:00', 76, 0),
(1418, 360, 0, 0, 0, '2017-12-01 13:50:56', '0000-00-00 00:00:00', 1, 0),
(1426, 343, 0, 0, 0, '2016-08-13 13:21:36', '0000-00-00 00:00:00', 26, 0),
(1427, 344, 0, 0, 0, '2017-09-04 10:12:16', '0000-00-00 00:00:00', 76, 17),
(1428, 346, 0, 0, 0, '2017-09-04 10:12:10', '0000-00-00 00:00:00', 76, 30),
(1429, 347, 0, 0, 0, '2017-09-04 10:12:05', '0000-00-00 00:00:00', 76, 26),
(1433, 364, 0, 0, 0, '2018-03-14 15:08:24', '0000-00-00 00:00:00', 76, 15),
(1434, 365, 0, 0, 0, '2018-03-14 15:08:56', '0000-00-00 00:00:00', 76, 0),
(1435, 368, 0, 0, 0, '2018-04-16 12:36:24', '0000-00-00 00:00:00', 76, 0),
(1453, 34, 0, 0, 0, '2018-03-02 16:51:02', '0000-00-00 00:00:00', 1, 0),
(1454, 59, 0, 0, 0, '2018-03-02 16:51:02', '0000-00-00 00:00:00', 1, 0),
(1455, 69, 0, 0, 0, '2018-03-02 16:51:02', '0000-00-00 00:00:00', 1, 0),
(1456, 75, 0, 0, 0, '2018-03-02 16:51:02', '0000-00-00 00:00:00', 1, 0),
(1457, 81, 0, 0, 0, '2018-03-02 16:51:02', '0000-00-00 00:00:00', 1, 0),
(1458, 83, 0, 0, 0, '2018-03-02 16:51:02', '0000-00-00 00:00:00', 1, 0),
(1459, 84, 0, 0, 0, '2018-03-02 16:51:02', '0000-00-00 00:00:00', 1, 0),
(1460, 86, 0, 0, 0, '2018-03-02 16:51:02', '0000-00-00 00:00:00', 1, 0),
(1461, 96, 0, 0, 0, '2018-03-02 16:51:02', '0000-00-00 00:00:00', 1, 0),
(1462, 97, 0, 0, 0, '2018-03-02 16:51:02', '0000-00-00 00:00:00', 1, 0),
(1463, 117, 0, 0, 0, '2018-03-02 16:51:02', '0000-00-00 00:00:00', 1, 0),
(1464, 122, 0, 0, 0, '2018-03-02 16:51:02', '0000-00-00 00:00:00', 1, 0),
(1525, 406, 0, 0, 0, '2018-01-24 15:21:47', '2017-01-07 16:22:01', 49, -86357.6),
(1917, 422, 0, 0, 0, '2018-04-27 16:06:21', '0000-00-00 00:00:00', 133, 3),
(1918, 423, 0, 0, 0, '2018-03-02 16:51:02', '0000-00-00 00:00:00', 1, 0),
(1919, 424, 0, 0, 0, '2018-03-02 16:51:02', '0000-00-00 00:00:00', 1, 0),
(1920, 427, 0, 0, 0, '2018-03-02 16:51:02', '0000-00-00 00:00:00', 1, 0),
(2142, 428, 0, 0, 0, '2018-03-14 15:55:57', '0000-00-00 00:00:00', 76, 10),
(2143, 429, 0, 0, 0, '2018-04-27 16:06:21', '0000-00-00 00:00:00', 133, 5),
(2144, 430, 0, 0, 0, '2018-03-14 15:56:08', '0000-00-00 00:00:00', 76, 0),
(2205, 431, 0, 0, 0, '2018-04-27 16:06:21', '0000-00-00 00:00:00', 133, 13),
(2206, 432, 0, 0, 0, '2017-04-11 09:21:31', '0000-00-00 00:00:00', 76, 0),
(2207, 433, 0, 0, 0, '2018-04-27 16:06:21', '0000-00-00 00:00:00', 133, 3),
(2208, 463, 0, 0, 0, '2018-03-14 11:47:46', '2018-04-30 19:56:13', 133, -1.29104),
(2209, 464, 0, 0, 0, '2018-04-27 16:06:21', '0000-00-00 00:00:00', 133, 3),
(2210, 465, 0, 0, 0, '2018-03-14 15:56:21', '0000-00-00 00:00:00', 76, 3),
(2211, 466, 0, 0, 0, '2018-04-27 16:06:21', '0000-00-00 00:00:00', 133, 7),
(2212, 467, 0, 0, 0, '2018-03-14 15:56:49', '0000-00-00 00:00:00', 76, 0),
(2213, 468, 0, 0, 0, '2016-07-09 14:45:55', '0000-00-00 00:00:00', 36, 0),
(2214, 469, 0, 0, 0, '2018-04-19 14:17:20', '0000-00-00 00:00:00', 76, 200),
(2215, 478, 0, 0, 0, '2018-04-19 14:17:28', '0000-00-00 00:00:00', 76, 500),
(2216, 479, 0, 0, 0, '2018-03-14 15:57:11', '0000-00-00 00:00:00', 76, 0),
(2217, 480, 0, 0, 0, '2018-03-02 16:51:02', '0000-00-00 00:00:00', 1, 0),
(2218, 481, 0, 0, 0, '2018-03-14 15:57:29', '0000-00-00 00:00:00', 76, 0),
(2494, 482, 0, 0, 0, '2018-04-14 14:27:54', '2017-06-23 12:29:02', 133, 422),
(2588, 483, 0, 0, 0, '2017-01-27 17:28:21', '0000-00-00 00:00:00', 76, 0),
(2650, 484, 0, 0, 0, '2018-04-11 10:27:00', '0000-00-00 00:00:00', 133, 7015),
(2738, 485, 0, 0, 0, '2016-11-25 14:20:37', '0000-00-00 00:00:00', 76, 0),
(2739, 495, 0, 0, 0, '2017-02-21 08:16:23', '0000-00-00 00:00:00', 1, 0),
(2740, 496, 0, 0, 0, '2016-11-25 14:20:37', '2017-06-23 13:20:02', 76, -2082),
(2759, 105, 0, 0, 0, '2016-05-04 10:35:19', '0000-00-00 00:00:00', 26, 0),
(2827, 108, 0, 0, 0, '2017-11-21 09:13:06', '0000-00-00 00:00:00', 1, 0),
(2828, 499, 0, 0, 0, '2018-04-11 10:27:00', '0000-00-00 00:00:00', 133, 9),
(3042, 92, 0, 0, 0, '2017-01-30 13:06:05', '0000-00-00 00:00:00', 76, 0),
(3071, 47, 0, 0, 0, '2017-01-27 17:24:52', '0000-00-00 00:00:00', 76, 1),
(3074, 336, 0, 0, 0, '2018-04-28 10:11:28', '0000-00-00 00:00:00', 97, 151.08),
(3202, 118, 0, 0, 0, '2018-02-14 15:08:20', '0000-00-00 00:00:00', 133, 8),
(3419, 500, 0, 0, 0, '2017-01-27 17:26:52', '0000-00-00 00:00:00', 76, 0),
(3756, 536, 0, 0, 0, '2017-01-27 17:24:28', '0000-00-00 00:00:00', 76, 0),
(3815, 537, 0, 0, 0, '2018-03-14 14:51:02', '0000-00-00 00:00:00', 76, 0),
(3816, 540, 0, 0, 0, '2018-03-14 14:51:42', '0000-00-00 00:00:00', 76, 0),
(3817, 541, 0, 0, 0, '2018-03-14 14:59:03', '0000-00-00 00:00:00', 76, 0),
(3818, 544, 0, 0, 0, '2018-03-14 14:55:27', '0000-00-00 00:00:00', 76, 0),
(3819, 545, 0, 0, 0, '2018-03-14 14:54:23', '0000-00-00 00:00:00', 76, 0),
(3861, 26, 0, 0, 0, '2018-02-06 14:22:54', '0000-00-00 00:00:00', 133, 0),
(4264, 546, 0, 0, 0, '2016-05-25 13:40:59', '0000-00-00 00:00:00', 1, 0),
(5659, 547, 0, 0, 0, '2018-04-27 16:06:21', '0000-00-00 00:00:00', 133, 18),
(6932, 548, 0, 0, 0, '2018-04-27 16:06:21', '0000-00-00 00:00:00', 133, 9),
(7328, 563, 0, 0, 0, '2018-03-22 14:24:20', '0000-00-00 00:00:00', 133, 48),
(7347, 564, 0, 0, 0, '2018-02-20 14:37:13', '0000-00-00 00:00:00', 76, 857.92),
(7728, 565, 0, 0, 0, '2018-03-14 11:32:52', '0000-00-00 00:00:00', 133, 12),
(8029, 68, 0, 0, 0, '2016-09-12 14:20:57', '0000-00-00 00:00:00', 1, 0),
(8058, 121, 0, 0, 0, '2018-03-02 16:51:02', '0000-00-00 00:00:00', 1, 0),
(8060, 123, 0, 0, 0, '2018-03-02 16:51:02', '0000-00-00 00:00:00', 1, 0),
(8061, 124, 0, 0, 0, '2018-03-02 16:51:02', '0000-00-00 00:00:00', 1, 0),
(8062, 125, 0, 0, 0, '2018-03-02 16:51:02', '0000-00-00 00:00:00', 1, 0),
(8063, 126, 0, 0, 0, '2018-03-02 16:51:02', '0000-00-00 00:00:00', 1, 0),
(8064, 127, 0, 0, 0, '2018-03-02 16:51:02', '0000-00-00 00:00:00', 1, 0),
(8065, 128, 0, 0, 0, '2018-03-02 16:51:02', '0000-00-00 00:00:00', 1, 0),
(8066, 129, 0, 0, 0, '2018-03-02 16:51:02', '0000-00-00 00:00:00', 1, 0),
(8067, 130, 0, 0, 0, '2018-03-02 16:51:02', '0000-00-00 00:00:00', 1, 0),
(8068, 131, 0, 0, 0, '2018-03-02 16:51:02', '0000-00-00 00:00:00', 1, 0),
(8069, 132, 0, 0, 0, '2018-03-02 16:51:02', '0000-00-00 00:00:00', 1, 0),
(8070, 133, 0, 0, 0, '2018-03-02 16:51:02', '0000-00-00 00:00:00', 1, 0),
(8071, 134, 0, 0, 0, '2018-03-02 16:51:02', '0000-00-00 00:00:00', 1, 0),
(8072, 135, 0, 0, 0, '2018-03-02 16:51:02', '0000-00-00 00:00:00', 1, 0),
(8073, 138, 0, 0, 0, '2018-03-02 16:51:02', '0000-00-00 00:00:00', 1, 0),
(8074, 140, 0, 0, 0, '2018-03-02 16:51:02', '0000-00-00 00:00:00', 1, 0),
(8075, 141, 0, 0, 0, '2018-03-02 16:51:02', '0000-00-00 00:00:00', 1, 0),
(8076, 143, 0, 0, 0, '2018-03-02 16:51:02', '0000-00-00 00:00:00', 1, 0),
(8077, 147, 0, 0, 0, '2018-03-02 16:51:02', '0000-00-00 00:00:00', 1, 0),
(8078, 148, 0, 0, 0, '2018-03-02 16:51:02', '0000-00-00 00:00:00', 1, 0),
(8095, 145, 0, 0, 0, '2017-08-05 07:05:32', '0000-00-00 00:00:00', 1, 0),
(8096, 146, 0, 0, 0, '2017-08-05 07:05:40', '0000-00-00 00:00:00', 1, 0),
(9070, 610, 0, 0, 0, '2017-10-05 10:14:00', '0000-00-00 00:00:00', 1, 8),
(9391, 616, 0, 0, 0, '2017-01-27 17:25:34', '0000-00-00 00:00:00', 76, 0),
(9392, 618, 0, 0, 0, '2018-03-14 15:41:12', '0000-00-00 00:00:00', 76, 0),
(9393, 621, 0, 0, 0, '2018-04-21 14:57:05', '0000-00-00 00:00:00', 133, 0),
(9394, 622, 0, 0, 0, '2018-03-14 15:41:26', '0000-00-00 00:00:00', 76, 0),
(9408, 617, 0, 0, 0, '2017-06-13 13:08:12', '0000-00-00 00:00:00', 76, 0),
(10682, 623, 0, 0, 0, '2018-04-27 16:06:21', '0000-00-00 00:00:00', 133, 2),
(10706, 611, 0, 0, 0, '2018-02-20 14:36:59', '0000-00-00 00:00:00', 76, 48),
(11679, 635, 0, 0, 0, '2017-08-13 16:02:21', '0000-00-00 00:00:00', 49, 0),
(11680, 636, 0, 0, 0, '2017-11-10 16:36:43', '0000-00-00 00:00:00', 49, 139.5),
(11681, 637, 0, 0, 0, '2017-08-18 15:03:46', '0000-00-00 00:00:00', 49, 2),
(11682, 645, 0, 0, 0, '2017-11-10 16:36:43', '0000-00-00 00:00:00', 49, 428.7),
(11683, 647, 0, 0, 0, '2017-11-10 16:36:43', '0000-00-00 00:00:00', 49, 210),
(11684, 648, 0, 0, 0, '2017-11-10 16:36:43', '0000-00-00 00:00:00', 49, 379),
(11685, 649, 0, 0, 0, '2017-11-10 16:36:43', '0000-00-00 00:00:00', 49, 77),
(11686, 651, 0, 0, 0, '2017-11-10 16:36:43', '0000-00-00 00:00:00', 49, 4),
(11687, 652, 0, 0, 0, '2017-11-10 16:36:43', '0000-00-00 00:00:00', 49, 93.1),
(11688, 653, 0, 0, 0, '2017-11-10 16:36:43', '0000-00-00 00:00:00', 49, 674),
(11689, 654, 0, 0, 0, '2017-11-10 16:36:43', '0000-00-00 00:00:00', 49, 579),
(11690, 655, 0, 0, 0, '2017-08-05 16:26:52', '0000-00-00 00:00:00', 49, 0),
(11691, 656, 0, 0, 0, '2017-11-10 16:36:43', '0000-00-00 00:00:00', 49, 95),
(11692, 657, 0, 0, 0, '2017-11-10 16:36:43', '0000-00-00 00:00:00', 49, 117),
(11693, 658, 0, 0, 0, '2017-08-13 16:01:03', '0000-00-00 00:00:00', 49, 0),
(11694, 659, 0, 0, 0, '2017-11-10 16:36:43', '0000-00-00 00:00:00', 49, 225.9),
(11979, 693, 0, 12, 0, '2018-04-27 16:06:21', '0000-00-00 00:00:00', 133, 9),
(12064, 715, 0, 0, 0, '2017-07-05 08:37:40', '0000-00-00 00:00:00', 48, 0),
(12065, 716, 0, 1, 0, '2017-11-10 16:36:43', '0000-00-00 00:00:00', 49, 0),
(12066, 717, 0, 0, 0, '2017-07-05 08:37:28', '0000-00-00 00:00:00', 48, 0),
(12067, 718, 0, 0, 0, '2017-11-18 17:24:17', '0000-00-00 00:00:00', 49, 2),
(18350, 801, 0, 0, 0, '2017-07-20 20:29:27', '0000-00-00 00:00:00', 76, 0),
(20243, 809, 0, 0, 0, '2018-04-27 16:06:21', '0000-00-00 00:00:00', 133, 9),
(20912, 810, 0, 0, 0, '2018-04-27 16:06:21', '0000-00-00 00:00:00', 133, 6),
(20913, 811, 0, 0, 0, '2016-11-03 16:56:11', '0000-00-00 00:00:00', 1, 0),
(20914, 812, 0, 0, 0, '2018-04-27 16:06:21', '0000-00-00 00:00:00', 133, 1),
(20915, 813, 0, 0, 0, '2018-04-27 16:06:21', '0000-00-00 00:00:00', 133, 1),
(20916, 814, 0, 0, 0, '2017-04-11 08:48:38', '0000-00-00 00:00:00', 76, 0),
(21036, 815, 0, 0, 0, '2018-04-27 16:06:21', '0000-00-00 00:00:00', 133, 1.5),
(21039, 821, 0, 0, 0, '2018-03-02 16:51:02', '2018-04-30 19:56:13', 1, -9477),
(21441, 824, 0, 0, 0, '2017-08-02 08:28:16', '0000-00-00 00:00:00', 76, 0),
(21442, 825, 0, 0, 0, '2017-08-02 08:28:22', '0000-00-00 00:00:00', 76, 0),
(21443, 826, 0, 0, 0, '2017-08-02 08:28:27', '0000-00-00 00:00:00', 76, 0),
(21444, 827, 0, 0, 0, '2018-04-27 16:05:16', '0000-00-00 00:00:00', 133, 132),
(21445, 828, 0, 0, 0, '2018-04-27 16:05:16', '2017-06-02 13:31:02', 133, 132),
(21446, 829, 0, 0, 0, '2018-04-27 16:05:16', '0000-00-00 00:00:00', 133, 96),
(22261, 624, 0, 1, 0, '2018-04-29 16:27:13', '0000-00-00 00:00:00', 49, 2),
(22262, 628, 0, 0, 0, '2018-04-29 16:27:13', '0000-00-00 00:00:00', 49, 0),
(22263, 643, 0, 0, 0, '2018-04-29 16:27:13', '0000-00-00 00:00:00', 49, 312),
(22264, 778, 0, 0, 0, '2018-04-29 16:27:13', '0000-00-00 00:00:00', 49, 0),
(22265, 779, 0, 0, 0, '2018-04-29 16:27:13', '0000-00-00 00:00:00', 49, 75),
(22266, 780, 0, 0, 0, '2018-04-29 16:27:13', '0000-00-00 00:00:00', 49, 24),
(22267, 781, 0, 0, 0, '2018-04-29 16:27:13', '0000-00-00 00:00:00', 49, 2220),
(22581, 835, 0, 0, 0, '2018-04-28 10:11:28', '2018-04-30 19:56:13', 97, 81.9612),
(23015, 841, 0, 0, 0, '2018-03-14 12:47:22', '0000-00-00 00:00:00', 133, 6),
(23056, 842, 0, 0, 0, '2018-03-14 12:47:03', '0000-00-00 00:00:00', 133, 7),
(24505, 836, 0, 0, 0, '2018-04-26 13:22:29', '0000-00-00 00:00:00', 133, 148),
(24507, 837, 0, 0, 0, '2018-04-26 13:22:29', '0000-00-00 00:00:00', 133, 5),
(24891, 855, 0, 0, 0, '2016-12-09 12:39:49', '0000-00-00 00:00:00', 1, 0),
(24892, 856, 0, 0, 0, '2016-12-09 12:42:59', '0000-00-00 00:00:00', 1, 0),
(24893, 857, 0, 0, 0, '2016-12-09 12:43:00', '0000-00-00 00:00:00', 1, 0),
(24894, 858, 0, 0, 0, '2016-12-09 12:43:18', '0000-00-00 00:00:00', 1, 0),
(24895, 859, 0, 0, 0, '2016-12-09 12:41:15', '0000-00-00 00:00:00', 1, 0),
(24896, 860, 0, 0, 0, '2016-12-09 12:43:08', '0000-00-00 00:00:00', 1, 0),
(24897, 861, 0, 0, 0, '2016-12-09 12:42:04', '0000-00-00 00:00:00', 1, 0),
(25370, 863, 0, 0, 0, '2018-03-14 12:12:55', '0000-00-00 00:00:00', 133, 0),
(25373, 867, 0, 0, 0, '2017-08-07 14:32:54', '0000-00-00 00:00:00', 97, 22),
(25380, 363, 0, 0, 0, '0000-00-00 00:00:00', '0000-00-00 00:00:00', 0, 0),
(25381, 404, 0, 0, 0, '0000-00-00 00:00:00', '0000-00-00 00:00:00', 0, 0),
(25382, 625, 0, 0, 0, '0000-00-00 00:00:00', '0000-00-00 00:00:00', 0, 0),
(25383, 626, 0, 0, 0, '0000-00-00 00:00:00', '0000-00-00 00:00:00', 0, 0),
(25384, 627, 0, 0, 0, '0000-00-00 00:00:00', '0000-00-00 00:00:00', 0, 0),
(25385, 632, 0, 0, 0, '0000-00-00 00:00:00', '0000-00-00 00:00:00', 0, 0),
(25386, 633, 0, 0, 0, '0000-00-00 00:00:00', '0000-00-00 00:00:00', 0, 0),
(25387, 634, 0, 2, 0, '2018-03-19 13:53:00', '0000-00-00 00:00:00', 48, 0),
(25388, 638, 0, 96, 0, '2018-04-29 16:19:00', '0000-00-00 00:00:00', 49, 10224),
(25389, 639, 0, 0, 0, '0000-00-00 00:00:00', '0000-00-00 00:00:00', 0, 0),
(25390, 640, 0, 0, 0, '0000-00-00 00:00:00', '0000-00-00 00:00:00', 0, 0),
(25391, 641, 0, 2, 0, '2018-04-29 16:28:23', '0000-00-00 00:00:00', 49, 125),
(25392, 642, 0, 6, 0, '2018-04-29 16:28:23', '0000-00-00 00:00:00', 49, 378),
(25393, 650, 0, 0, 0, '2018-04-29 16:28:23', '0000-00-00 00:00:00', 49, 0),
(25394, 660, 0, 0, 0, '0000-00-00 00:00:00', '0000-00-00 00:00:00', 0, 0),
(25395, 661, 0, 0, 0, '2017-09-08 17:03:20', '0000-00-00 00:00:00', 49, 350),
(25396, 662, 0, 0, 0, '2017-09-08 17:03:20', '0000-00-00 00:00:00', 49, 350),
(25397, 663, 0, 0, 0, '2017-09-08 17:03:20', '0000-00-00 00:00:00', 49, 360),
(25398, 664, 0, 0, 0, '2018-04-29 16:28:23', '0000-00-00 00:00:00', 49, 0),
(25399, 665, 0, 0, 0, '2018-04-29 16:28:23', '0000-00-00 00:00:00', 49, 5),
(25400, 666, 0, 0, 0, '2018-04-29 16:28:23', '0000-00-00 00:00:00', 49, 40),
(25401, 667, 0, 1, 0, '2018-04-29 16:28:23', '0000-00-00 00:00:00', 49, 81),
(25402, 668, 0, 1, 0, '2018-04-29 16:28:23', '0000-00-00 00:00:00', 49, 118),
(25403, 669, 0, 0, 0, '2018-04-29 16:28:23', '0000-00-00 00:00:00', 49, 49),
(25404, 670, 0, 24, 0, '2018-04-29 16:28:23', '0000-00-00 00:00:00', 49, 809),
(25405, 671, 0, 0, 0, '2017-08-08 09:29:03', '0000-00-00 00:00:00', 48, 0),
(25406, 672, 0, 1, 0, '2018-04-29 16:28:23', '0000-00-00 00:00:00', 49, 1),
(25407, 673, 0, 3, 0, '2018-04-29 16:28:23', '0000-00-00 00:00:00', 49, 71),
(25408, 674, 0, 3, 0, '2018-04-29 16:28:23', '0000-00-00 00:00:00', 49, 32),
(25409, 675, 0, 3, 0, '2018-04-29 16:28:23', '0000-00-00 00:00:00', 49, 28),
(25410, 681, 0, 0, 0, '2018-04-29 16:28:23', '0000-00-00 00:00:00', 49, 1),
(25411, 682, 0, 1, 0, '2018-04-29 16:28:23', '0000-00-00 00:00:00', 49, 19),
(25412, 683, 0, 2, 0, '2018-04-29 16:28:23', '0000-00-00 00:00:00', 49, 20),
(25413, 684, 0, 2, 0, '2018-04-29 16:28:23', '0000-00-00 00:00:00', 49, 173),
(25414, 685, 0, 1, 0, '2018-04-29 16:28:23', '0000-00-00 00:00:00', 49, 32),
(25415, 686, 0, 3, 0, '2018-04-29 16:28:23', '0000-00-00 00:00:00', 49, 61),
(25416, 687, 0, 1, 0, '2018-04-29 16:28:23', '0000-00-00 00:00:00', 49, 5),
(25417, 688, 0, 0, 0, '2017-10-26 12:50:26', '0000-00-00 00:00:00', 49, 0),
(25418, 689, 0, 1, 0, '2017-10-26 12:50:23', '0000-00-00 00:00:00', 49, 8),
(25419, 690, 0, 0, 0, '2017-04-27 15:58:48', '0000-00-00 00:00:00', 48, 0),
(25420, 691, 0, 1, 0, '2018-04-29 16:28:23', '0000-00-00 00:00:00', 49, 3),
(25421, 692, 0, 1, 0, '2018-04-29 16:28:23', '0000-00-00 00:00:00', 49, 12),
(25422, 698, 0, 0, 0, '0000-00-00 00:00:00', '0000-00-00 00:00:00', 0, 0),
(25423, 699, 0, 0, 0, '0000-00-00 00:00:00', '0000-00-00 00:00:00', 0, 0),
(25424, 700, 0, 0, 0, '0000-00-00 00:00:00', '0000-00-00 00:00:00', 0, 0),
(25425, 708, 0, 0, 0, '0000-00-00 00:00:00', '0000-00-00 00:00:00', 0, 0),
(25426, 709, 0, 0, 0, '0000-00-00 00:00:00', '0000-00-00 00:00:00', 0, 0),
(25427, 719, 0, 1, 0, '2018-04-29 16:28:23', '0000-00-00 00:00:00', 49, 27),
(25428, 720, 0, 0, 0, '2017-04-27 16:00:53', '0000-00-00 00:00:00', 48, 0),
(25429, 721, 0, 2, 0, '2018-04-29 16:28:23', '0000-00-00 00:00:00', 49, 18),
(25430, 722, 0, 0, 0, '2017-08-08 09:27:22', '0000-00-00 00:00:00', 48, 0),
(25431, 725, 0, 0, 0, '0000-00-00 00:00:00', '0000-00-00 00:00:00', 0, 0),
(25432, 726, 0, 0, 0, '0000-00-00 00:00:00', '0000-00-00 00:00:00', 0, 0),
(25433, 727, 0, 0, 0, '0000-00-00 00:00:00', '0000-00-00 00:00:00', 0, 0),
(25434, 728, 0, 0, 0, '0000-00-00 00:00:00', '0000-00-00 00:00:00', 0, 0),
(25435, 729, 0, 0, 0, '0000-00-00 00:00:00', '0000-00-00 00:00:00', 0, 0),
(25436, 730, 0, 0, 0, '0000-00-00 00:00:00', '0000-00-00 00:00:00', 0, 0),
(25437, 731, 0, 0, 0, '2017-04-27 16:02:51', '0000-00-00 00:00:00', 48, 0),
(25438, 732, 0, 2, 0, '2018-04-29 16:28:23', '0000-00-00 00:00:00', 49, 5),
(25439, 733, 0, 0, 0, '0000-00-00 00:00:00', '0000-00-00 00:00:00', 0, 0),
(25440, 734, 0, 0, 0, '2017-07-17 15:15:11', '0000-00-00 00:00:00', 1, 0),
(25441, 735, 0, 0, 0, '0000-00-00 00:00:00', '0000-00-00 00:00:00', 0, 0),
(25442, 736, 0, 0, 0, '0000-00-00 00:00:00', '0000-00-00 00:00:00', 0, 0),
(25443, 737, 0, 30, 0, '2018-04-29 16:20:16', '0000-00-00 00:00:00', 49, 1372),
(25444, 738, 0, 30, 0, '2018-04-29 16:20:16', '0000-00-00 00:00:00', 49, 1866),
(25445, 739, 0, 0, 0, '0000-00-00 00:00:00', '0000-00-00 00:00:00', 0, 0),
(25446, 740, 0, 0, 0, '0000-00-00 00:00:00', '0000-00-00 00:00:00', 0, 0),
(25447, 741, 0, 0, 0, '2018-04-29 16:17:40', '0000-00-00 00:00:00', 49, 327),
(25448, 742, 0, 0, 0, '0000-00-00 00:00:00', '0000-00-00 00:00:00', 0, 0),
(25449, 743, 0, 0, 0, '0000-00-00 00:00:00', '0000-00-00 00:00:00', 0, 0),
(25450, 744, 0, 0, 0, '0000-00-00 00:00:00', '0000-00-00 00:00:00', 0, 0),
(25451, 745, 0, 0, 0, '2017-07-05 08:37:20', '0000-00-00 00:00:00', 48, 0),
(25452, 746, 0, 2, 0, '2017-11-10 16:36:43', '0000-00-00 00:00:00', 49, 52),
(25453, 747, 0, 0, 0, '0000-00-00 00:00:00', '0000-00-00 00:00:00', 0, 0),
(25454, 748, 0, 0, 0, '0000-00-00 00:00:00', '0000-00-00 00:00:00', 0, 0),
(25455, 749, 0, 0, 0, '0000-00-00 00:00:00', '0000-00-00 00:00:00', 0, 0),
(25456, 750, 0, 0, 0, '0000-00-00 00:00:00', '0000-00-00 00:00:00', 0, 0),
(25457, 751, 0, 0, 0, '2017-08-05 16:27:04', '0000-00-00 00:00:00', 49, 0),
(25458, 752, 0, 0, 0, '2017-04-27 16:03:17', '0000-00-00 00:00:00', 48, 0),
(25459, 753, 0, 0, 0, '2017-08-05 07:52:55', '0000-00-00 00:00:00', 1, 0),
(25460, 754, 0, 0, 0, '2017-01-31 13:47:22', '0000-00-00 00:00:00', 1, 0),
(25461, 755, 0, 0, 0, '0000-00-00 00:00:00', '0000-00-00 00:00:00', 0, 0),
(25462, 756, 0, 30, 0, '2018-04-29 16:20:16', '0000-00-00 00:00:00', 49, 1576),
(25463, 757, 0, 30, 0, '2018-04-29 16:20:16', '0000-00-00 00:00:00', 49, 2058),
(25464, 758, 0, 30, 0, '2018-04-29 16:20:16', '0000-00-00 00:00:00', 49, 1645),
(25465, 759, 0, 0, 0, '2018-04-29 16:20:16', '0000-00-00 00:00:00', 49, 10),
(25466, 760, 0, 0, 0, '2018-04-29 16:20:16', '0000-00-00 00:00:00', 49, 0),
(25467, 761, 0, 0, 0, '2017-04-08 17:28:49', '0000-00-00 00:00:00', 1, 0),
(25468, 762, 0, 0, 0, '0000-00-00 00:00:00', '0000-00-00 00:00:00', 0, 0),
(25469, 764, 0, 2, 0, '2018-04-29 16:17:40', '0000-00-00 00:00:00', 49, 520),
(25470, 765, 0, 0, 0, '2017-08-28 11:29:34', '0000-00-00 00:00:00', 1, 0),
(25471, 766, 0, 1, 0, '2017-11-01 09:18:16', '0000-00-00 00:00:00', 1, 0),
(25472, 767, 0, 0, 0, '0000-00-00 00:00:00', '0000-00-00 00:00:00', 0, 0),
(25473, 768, 0, 0, 0, '2017-09-12 09:57:35', '0000-00-00 00:00:00', 1, 10),
(25474, 769, 0, 0, 0, '0000-00-00 00:00:00', '0000-00-00 00:00:00', 0, 0),
(25475, 770, 0, 0, 0, '0000-00-00 00:00:00', '0000-00-00 00:00:00', 0, 0),
(25476, 771, 0, 1, 0, '2017-10-11 18:14:38', '0000-00-00 00:00:00', 49, 0),
(25477, 772, 0, 0, 0, '2017-01-05 09:13:31', '0000-00-00 00:00:00', 1, 0),
(25478, 773, 0, 0, 0, '2018-03-14 13:29:01', '0000-00-00 00:00:00', 48, 0),
(25479, 774, 0, 50, 0, '2018-04-19 14:18:51', '0000-00-00 00:00:00', 48, 0),
(25480, 775, 0, 50, 0, '2018-04-19 14:19:08', '0000-00-00 00:00:00', 48, 0),
(25481, 776, 0, 0, 0, '2018-04-29 16:18:15', '0000-00-00 00:00:00', 49, 7564),
(25482, 777, 0, 0, 0, '2018-04-29 16:18:15', '0000-00-00 00:00:00', 49, 0),
(25483, 782, 0, 0, 0, '0000-00-00 00:00:00', '0000-00-00 00:00:00', 0, 0),
(25484, 783, 0, 0, 0, '0000-00-00 00:00:00', '0000-00-00 00:00:00', 0, 0),
(25485, 784, 0, 0, 0, '0000-00-00 00:00:00', '0000-00-00 00:00:00', 0, 0),
(25486, 785, 0, 0, 0, '0000-00-00 00:00:00', '0000-00-00 00:00:00', 0, 0),
(25487, 786, 0, 0, 0, '0000-00-00 00:00:00', '0000-00-00 00:00:00', 0, 0),
(25488, 787, 0, 0, 0, '0000-00-00 00:00:00', '0000-00-00 00:00:00', 0, 0),
(25489, 788, 0, 0, 0, '0000-00-00 00:00:00', '0000-00-00 00:00:00', 0, 0),
(25490, 789, 0, 0, 0, '0000-00-00 00:00:00', '0000-00-00 00:00:00', 0, 0),
(25491, 790, 0, 0, 0, '0000-00-00 00:00:00', '0000-00-00 00:00:00', 0, 0),
(25492, 791, 0, 0, 0, '0000-00-00 00:00:00', '0000-00-00 00:00:00', 0, 0),
(25493, 792, 0, 0, 0, '0000-00-00 00:00:00', '0000-00-00 00:00:00', 0, 0),
(25494, 793, 0, 0, 0, '0000-00-00 00:00:00', '0000-00-00 00:00:00', 0, 0),
(25495, 794, 0, 4, 0, '2018-03-01 12:07:08', '0000-00-00 00:00:00', 49, 124),
(25496, 795, 0, 0, 0, '2018-03-01 12:07:08', '0000-00-00 00:00:00', 49, 0),
(25497, 796, 0, 2, 0, '2018-04-29 16:28:23', '0000-00-00 00:00:00', 49, 262),
(25498, 797, 0, 1, 0, '2018-04-29 16:28:23', '0000-00-00 00:00:00', 49, 48),
(25499, 798, 0, 0, 0, '2017-07-05 08:37:08', '0000-00-00 00:00:00', 48, 0),
(25500, 799, 0, 0, 0, '2017-11-10 16:36:43', '0000-00-00 00:00:00', 49, 0),
(25501, 800, 0, 0, 0, '0000-00-00 00:00:00', '0000-00-00 00:00:00', 0, 0),
(25502, 803, 0, 0, 0, '2018-04-15 14:57:56', '0000-00-00 00:00:00', 49, 437),
(25503, 804, 0, 30, 0, '2018-04-15 14:57:56', '0000-00-00 00:00:00', 49, 270),
(25504, 805, 0, 20, 0, '2018-04-15 14:57:56', '0000-00-00 00:00:00', 49, 1558),
(25505, 806, 0, 0, 0, '0000-00-00 00:00:00', '0000-00-00 00:00:00', 0, 0),
(25506, 807, 0, 0, 0, '0000-00-00 00:00:00', '0000-00-00 00:00:00', 0, 0),
(25507, 808, 0, 0, 0, '2017-11-10 16:36:43', '0000-00-00 00:00:00', 49, 0),
(25508, 816, 0, 2, 0, '2018-04-29 16:28:23', '0000-00-00 00:00:00', 49, 8),
(25509, 817, 0, 0, 0, '2017-10-26 12:49:44', '0000-00-00 00:00:00', 49, 0),
(25510, 818, 0, 1, 0, '2018-04-29 16:28:23', '0000-00-00 00:00:00', 49, 1),
(25511, 819, 0, 2, 0, '2018-04-29 16:28:23', '0000-00-00 00:00:00', 49, 63),
(25512, 820, 0, 0, 0, '2017-10-26 12:49:28', '0000-00-00 00:00:00', 49, 1),
(25513, 822, 0, 0, 0, '2017-08-05 16:26:39', '0000-00-00 00:00:00', 49, 6.5),
(25514, 823, 0, 0, 0, '2017-08-05 16:26:47', '0000-00-00 00:00:00', 49, 26),
(25515, 830, 0, 0, 0, '2018-04-29 16:15:55', '0000-00-00 00:00:00', 49, 64),
(25516, 831, 0, 0, 0, '2018-04-29 16:15:55', '0000-00-00 00:00:00', 49, 3),
(25517, 832, 0, 0, 0, '2017-08-25 15:28:36', '0000-00-00 00:00:00', 49, 0),
(25518, 833, 0, 0, 0, '2018-04-29 16:15:55', '0000-00-00 00:00:00', 49, 23),
(25519, 834, 0, 2, 0, '2018-04-29 16:28:23', '0000-00-00 00:00:00', 49, 22),
(25520, 838, 0, 3, 0, '2018-04-29 16:28:23', '0000-00-00 00:00:00', 49, 189),
(25521, 839, 0, 0, 0, '2017-08-11 18:54:05', '0000-00-00 00:00:00', 49, 0),
(25522, 840, 0, 1, 0, '2017-10-26 12:53:19', '0000-00-00 00:00:00', 49, 15),
(25523, 844, 0, 2, 0, '2018-04-29 16:28:23', '0000-00-00 00:00:00', 49, 55),
(25524, 845, 0, 10, 0, '2017-12-31 18:09:38', '0000-00-00 00:00:00', 1, 0),
(25525, 846, 0, 0, 0, '2018-04-18 11:55:02', '0000-00-00 00:00:00', 49, 589),
(25526, 847, 0, 1, 0, '2017-10-27 17:00:20', '0000-00-00 00:00:00', 49, 30),
(25527, 848, 0, 0, 0, '0000-00-00 00:00:00', '0000-00-00 00:00:00', 0, 0),
(25528, 849, 0, 0, 0, '2018-04-15 15:09:00', '0000-00-00 00:00:00', 49, 4),
(25529, 850, 0, 0, 0, '2018-04-29 16:15:55', '0000-00-00 00:00:00', 49, -8),
(25530, 851, 0, 0, 0, '0000-00-00 00:00:00', '0000-00-00 00:00:00', 0, 0),
(25531, 852, 0, 1, 0, '2017-10-11 18:13:25', '0000-00-00 00:00:00', 49, 0),
(25532, 853, 0, 25, 0, '2018-04-18 11:55:02', '0000-00-00 00:00:00', 49, 240),
(25533, 854, 0, 20, 0, '2017-10-11 19:37:50', '0000-00-00 00:00:00', 49, 0),
(25534, 862, 0, 0, 0, '2018-04-29 16:27:13', '0000-00-00 00:00:00', 49, 0),
(25535, 864, 0, 0, 0, '2017-08-08 09:26:47', '0000-00-00 00:00:00', 48, 15),
(25536, 865, 0, 1, 0, '2018-04-29 16:27:13', '0000-00-00 00:00:00', 49, 1),
(25537, 866, 0, 0, 0, '2018-04-27 16:06:21', '0000-00-00 00:00:00', 133, 0),
(25538, 868, 0, 0, 0, '2018-04-27 16:06:21', '0000-00-00 00:00:00', 133, 4),
(25539, 869, 0, 2, 0, '2018-04-29 16:27:13', '0000-00-00 00:00:00', 49, 84),
(25540, 870, 0, 0, 0, '2018-04-29 16:27:13', '0000-00-00 00:00:00', 49, 0),
(25541, 871, 0, 0, 0, '2017-05-02 15:22:35', '0000-00-00 00:00:00', 1, 1),
(25542, 872, 0, 0, 0, '2017-12-07 09:36:29', '0000-00-00 00:00:00', 76, 0),
(25543, 873, 0, 0, 0, '2017-05-02 15:21:28', '0000-00-00 00:00:00', 1, 3),
(25544, 874, 0, 0, 0, '2017-12-07 09:36:33', '0000-00-00 00:00:00', 76, 0),
(25545, 875, 0, 0, 0, '2018-04-15 15:09:00', '0000-00-00 00:00:00', 49, 0),
(25546, 876, 0, 0, 0, '2018-04-15 15:09:00', '0000-00-00 00:00:00', 49, 8),
(25547, 877, 0, 0, 0, '2018-04-15 15:09:00', '0000-00-00 00:00:00', 49, 2),
(25548, 878, 0, 0, 0, '2018-04-15 15:09:00', '0000-00-00 00:00:00', 49, 0),
(25549, 879, 0, 0, 0, '2017-11-15 11:35:19', '0000-00-00 00:00:00', 48, 2),
(25555, 880, 0, 0, 0, '2017-11-15 11:35:09', '0000-00-00 00:00:00', 48, 0),
(25556, 881, 0, 0, 0, '2017-01-02 14:48:03', '0000-00-00 00:00:00', 1, 0),
(25557, 882, 0, 0, 0, '2017-01-02 14:49:22', '0000-00-00 00:00:00', 1, 0),
(25558, 883, 0, 0, 0, '2018-03-29 13:36:49', '0000-00-00 00:00:00', 1, 66),
(25559, 884, 0, 0, 0, '2018-03-02 16:51:02', '0000-00-00 00:00:00', 1, 0),
(25560, 885, 0, 0, 0, '2017-01-30 13:05:15', '0000-00-00 00:00:00', 76, 0),
(25561, 886, 0, 0, 0, '2018-03-02 16:51:02', '0000-00-00 00:00:00', 1, 0),
(25562, 887, 0, 0, 0, '2018-03-02 16:51:02', '0000-00-00 00:00:00', 1, 0),
(25563, 888, 0, 0, 0, '2018-03-02 16:51:02', '0000-00-00 00:00:00', 1, 0),
(25564, 889, 0, 0, 0, '2018-03-02 16:51:02', '0000-00-00 00:00:00', 1, 0),
(25565, 890, 0, 0, 0, '2018-03-02 16:51:02', '0000-00-00 00:00:00', 1, 0),
(25566, 891, 0, 0, 0, '2018-03-02 16:51:02', '0000-00-00 00:00:00', 1, 0),
(25567, 892, 0, 0, 0, '2018-04-27 16:06:21', '0000-00-00 00:00:00', 133, 1.5),
(25568, 893, 0, 1, 0, '2018-04-29 16:28:23', '0000-00-00 00:00:00', 49, 5),
(25569, 894, 0, 1, 0, '2018-04-29 16:28:23', '0000-00-00 00:00:00', 49, 3),
(25570, 895, 0, 0, 0, '2018-04-27 16:06:21', '0000-00-00 00:00:00', 133, 3.75),
(25571, 896, 0, 0, 0, '2018-03-02 16:51:02', '0000-00-00 00:00:00', 1, 0),
(25572, 897, 0, 3, 0, '2017-11-10 16:36:43', '0000-00-00 00:00:00', 49, 72),
(25573, 898, 0, 0, 0, '2018-04-29 16:27:13', '0000-00-00 00:00:00', 49, 252),
(25574, 899, 0, 0, 0, '2018-03-14 11:38:59', '0000-00-00 00:00:00', 133, 1),
(25575, 900, 0, 0, 0, '2017-10-26 12:16:59', '0000-00-00 00:00:00', 49, 0),
(25576, 901, 0, 0, 0, '2017-11-06 09:24:25', '0000-00-00 00:00:00', 76, 1),
(25577, 902, 0, 2, 0, '2018-04-29 16:28:23', '0000-00-00 00:00:00', 49, 30),
(25578, 903, 0, 0, 0, '2017-07-30 13:36:34', '0000-00-00 00:00:00', 76, 9),
(25579, 904, 0, 0, 0, '2018-04-29 16:25:20', '0000-00-00 00:00:00', 49, 672),
(25580, 905, 0, 0, 0, '2018-04-29 16:25:20', '0000-00-00 00:00:00', 49, 468),
(25581, 906, 0, 0, 0, '2018-04-29 16:25:20', '0000-00-00 00:00:00', 49, 1932),
(25582, 907, 0, 0, 0, '2018-04-29 16:25:20', '0000-00-00 00:00:00', 49, 1836),
(25583, 908, 0, 0, 0, '2018-04-29 16:25:20', '0000-00-00 00:00:00', 49, 1236),
(25584, 909, 0, 0, 0, '2018-04-25 13:47:52', '0000-00-00 00:00:00', 133, 1.5),
(25585, 910, 0, 0, 0, '2018-04-29 16:15:55', '0000-00-00 00:00:00', 49, 4),
(25586, 911, 0, 1, 0, '2018-04-29 16:28:23', '0000-00-00 00:00:00', 49, 71),
(25587, 912, 0, 3, 0, '2017-11-10 16:36:43', '0000-00-00 00:00:00', 49, 167),
(25588, 913, 0, 1, 0, '2018-04-29 16:28:23', '0000-00-00 00:00:00', 49, 0),
(25589, 914, 0, 3, 0, '2018-04-29 16:28:23', '0000-00-00 00:00:00', 49, 109),
(25590, 915, 0, 1, 0, '2018-04-29 16:28:23', '0000-00-00 00:00:00', 49, 8),
(25591, 916, 0, 0, 0, '2017-08-05 06:33:48', '0000-00-00 00:00:00', 1, 8),
(25592, 917, 0, 0, 0, '2017-08-05 06:33:55', '0000-00-00 00:00:00', 1, -10),
(25593, 918, 0, 0, 0, '2017-08-05 06:34:02', '0000-00-00 00:00:00', 1, 11),
(25594, 919, 0, 0, 0, '2017-08-05 06:34:07', '0000-00-00 00:00:00', 1, 0),
(25595, 920, 0, 0, 0, '2017-08-05 06:34:14', '0000-00-00 00:00:00', 1, 16),
(25596, 921, 0, 0, 0, '2017-08-28 08:17:22', '0000-00-00 00:00:00', 76, 0),
(25597, 922, 0, 0, 0, '2017-08-28 08:17:20', '0000-00-00 00:00:00', 76, 0),
(25598, 923, 0, 0, 0, '2018-04-25 13:48:16', '0000-00-00 00:00:00', 133, 948),
(25599, 924, 0, 0, 0, '2017-08-28 08:17:16', '0000-00-00 00:00:00', 76, 0),
(25600, 925, 0, 0, 0, '2017-08-28 08:17:15', '0000-00-00 00:00:00', 76, 0),
(25601, 926, 0, 0, 0, '2017-02-24 14:11:58', '0000-00-00 00:00:00', 1, 0),
(25602, 927, 0, 0, 0, '2017-02-24 14:12:26', '0000-00-00 00:00:00', 1, 0),
(25603, 928, 0, 0, 0, '2017-02-24 14:12:49', '0000-00-00 00:00:00', 1, 0),
(25604, 929, 0, 0, 0, '2018-03-14 12:14:39', '0000-00-00 00:00:00', 133, 1),
(25605, 930, 0, 0, 0, '2017-08-07 14:18:24', '0000-00-00 00:00:00', 97, 102),
(25606, 932, 0, 0, 0, '2018-04-27 16:06:21', '0000-00-00 00:00:00', 133, 8),
(25607, 933, 0, 0, 0, '2017-08-07 14:18:07', '0000-00-00 00:00:00', 97, 7),
(25608, 934, 0, 0, 0, '2017-07-30 13:36:29', '0000-00-00 00:00:00', 76, 20),
(25609, 935, 0, 0, 0, '2017-07-30 13:36:01', '0000-00-00 00:00:00', 76, 30),
(25610, 936, 0, 0, 0, '2018-04-28 10:11:28', '2018-04-30 19:56:13', 97, 354.554),
(25611, 937, 0, 20, 0, '2017-11-10 16:36:43', '0000-00-00 00:00:00', 49, 50),
(25612, 938, 0, 0, 0, '2018-04-27 16:06:21', '0000-00-00 00:00:00', 133, 29),
(25613, 940, 0, 0, 0, '2018-03-14 15:41:54', '0000-00-00 00:00:00', 76, 30),
(25614, 941, 0, 0, 0, '2018-03-14 15:41:58', '0000-00-00 00:00:00', 76, 30),
(25615, 942, 0, 0, 0, '2018-03-14 15:42:01', '0000-00-00 00:00:00', 76, 30),
(25616, 943, 0, 0, 0, '2017-06-13 13:08:35', '0000-00-00 00:00:00', 76, 1),
(25617, 944, 0, 0, 0, '2017-06-13 13:08:39', '0000-00-00 00:00:00', 76, 0),
(25618, 945, 0, 0, 0, '2017-07-30 13:35:50', '0000-00-00 00:00:00', 76, 0),
(25619, 946, 0, 0, 0, '2018-04-26 13:22:29', '0000-00-00 00:00:00', 133, 4),
(25620, 948, 0, 0, 0, '2018-04-27 16:06:21', '0000-00-00 00:00:00', 133, 5.7),
(25621, 949, 0, 0, 0, '2018-04-27 16:06:21', '0000-00-00 00:00:00', 133, 2),
(25622, 950, 0, 0, 0, '2018-03-13 15:43:47', '0000-00-00 00:00:00', 97, 3),
(25623, 951, 0, 0, 0, '2018-02-20 14:36:43', '0000-00-00 00:00:00', 76, 20),
(25624, 952, 0, 0, 0, '2017-04-17 12:04:53', '0000-00-00 00:00:00', 76, 0),
(25625, 953, 0, 0, 0, '2018-04-27 16:06:21', '0000-00-00 00:00:00', 133, 705),
(25626, 954, 0, 0, 0, '2017-08-08 09:24:53', '0000-00-00 00:00:00', 48, 20),
(25627, 955, 0, 0, 0, '2017-12-07 09:36:38', '0000-00-00 00:00:00', 76, 1),
(25628, 956, 0, 0, 0, '2018-03-14 15:21:00', '0000-00-00 00:00:00', 76, 1001),
(25629, 957, 0, 0, 0, '2017-07-17 15:15:07', '0000-00-00 00:00:00', 1, 14),
(25630, 958, 0, 0, 0, '2017-08-11 10:14:54', '0000-00-00 00:00:00', 76, 14),
(25631, 960, 0, 0, 0, '2018-04-26 13:22:29', '2018-04-30 19:56:13', 133, -14833.3),
(25632, 961, 0, 0, 0, '2017-08-28 08:22:41', '0000-00-00 00:00:00', 76, 0),
(25633, 962, 0, 2, 0, '2018-04-29 16:28:23', '0000-00-00 00:00:00', 49, 15),
(25634, 963, 0, 0, 0, '2017-08-05 16:10:13', '0000-00-00 00:00:00', 48, 43),
(25635, 964, 0, 0, 0, '2017-08-05 16:10:04', '0000-00-00 00:00:00', 48, 37),
(25636, 965, 0, 0, 0, '2017-08-05 16:09:50', '0000-00-00 00:00:00', 48, 32),
(25637, 966, 0, 0, 0, '2017-07-05 08:36:19', '0000-00-00 00:00:00', 48, 0),
(25638, 967, 0, 0, 0, '2017-08-05 16:09:43', '0000-00-00 00:00:00', 48, 8),
(25639, 968, 0, 0, 0, '2017-07-05 08:33:19', '0000-00-00 00:00:00', 48, 0),
(25640, 969, 0, 0, 0, '2018-04-06 16:37:16', '0000-00-00 00:00:00', 133, 2009),
(25641, 970, 0, 0, 0, '2018-04-27 16:06:21', '0000-00-00 00:00:00', 133, 8),
(25642, 971, 0, 0, 0, '2018-04-27 16:06:21', '0000-00-00 00:00:00', 133, 12),
(25643, 972, 0, 0, 0, '2017-08-05 16:09:37', '0000-00-00 00:00:00', 48, 12),
(25644, 973, 0, 0, 0, '2018-04-26 13:22:29', '0000-00-00 00:00:00', 133, 7),
(25645, 974, 0, 0, 0, '2018-04-05 15:48:38', '0000-00-00 00:00:00', 76, 9),
(25646, 975, 0, 0, 0, '2018-04-05 15:48:38', '0000-00-00 00:00:00', 76, 0),
(25647, 976, 0, 0, 0, '2017-08-11 16:54:51', '0000-00-00 00:00:00', 49, 560),
(25648, 977, 0, 0, 0, '2017-08-25 15:27:25', '0000-00-00 00:00:00', 49, 5),
(25649, 978, 0, 0, 0, '2018-03-14 15:56:29', '0000-00-00 00:00:00', 76, 4),
(25650, 979, 0, 0, 0, '2018-04-26 13:22:29', '0000-00-00 00:00:00', 133, 3),
(25651, 980, 0, 0, 0, '2017-11-21 09:12:26', '0000-00-00 00:00:00', 1, 0),
(25652, 981, 0, 0, 0, '2018-04-27 16:06:21', '0000-00-00 00:00:00', 133, 1),
(25653, 982, 0, 0, 0, '2018-03-14 15:56:56', '0000-00-00 00:00:00', 76, 0),
(25654, 983, 0, 0, 0, '2018-03-14 12:20:38', '0000-00-00 00:00:00', 133, 4),
(25655, 984, 0, 0, 0, '2018-04-29 16:15:55', '0000-00-00 00:00:00', 49, 8),
(25656, 985, 0, 0, 0, '2018-04-29 16:15:55', '0000-00-00 00:00:00', 49, 8),
(25657, 986, 0, 1, 0, '2018-04-29 16:28:23', '0000-00-00 00:00:00', 49, 4),
(25658, 988, 0, 3, 0, '2018-04-29 16:28:23', '0000-00-00 00:00:00', 49, 28),
(25659, 989, 0, 1, 0, '2018-04-29 16:28:23', '0000-00-00 00:00:00', 49, 20),
(25660, 990, 0, 1, 0, '2018-04-29 16:28:23', '0000-00-00 00:00:00', 49, 24),
(25661, 991, 0, 0, 0, '2018-04-29 16:15:55', '0000-00-00 00:00:00', 49, 3),
(25662, 992, 0, 0, 0, '2018-04-29 16:15:55', '0000-00-00 00:00:00', 49, 15),
(25663, 993, 0, 8, 0, '2018-04-29 16:28:23', '0000-00-00 00:00:00', 49, 142),
(25664, 994, 0, 0, 0, '2017-08-11 15:17:51', '0000-00-00 00:00:00', 49, 1),
(25665, 995, 0, 0, 0, '2018-03-14 11:54:29', '0000-00-00 00:00:00', 133, 33),
(25666, 996, 0, 2, 0, '2017-09-28 15:55:56', '0000-00-00 00:00:00', 49, 0),
(25667, 998, 0, 1, 0, '2017-11-10 16:36:43', '0000-00-00 00:00:00', 49, 1),
(25668, 999, 0, 0, 0, '2018-04-27 16:06:21', '0000-00-00 00:00:00', 133, 1),
(25669, 1000, 0, 0, 0, '2018-03-14 11:49:27', '0000-00-00 00:00:00', 133, 0),
(25670, 1001, 0, 0, 0, '2018-04-15 15:10:05', '0000-00-00 00:00:00', 49, 24),
(25671, 1002, 0, 0, 0, '2018-02-21 14:14:01', '0000-00-00 00:00:00', 1, 0),
(25672, 1003, 0, 0, 0, '2018-04-26 13:22:29', '0000-00-00 00:00:00', 133, 2),
(25673, 1004, 0, 0, 0, '2018-04-29 16:15:55', '0000-00-00 00:00:00', 49, 6),
(25674, 1005, 0, 0, 0, '2018-02-20 14:36:39', '0000-00-00 00:00:00', 76, 15),
(25675, 1006, 0, 0, 0, '2018-04-28 10:11:28', '0000-00-00 00:00:00', 97, 129),
(25676, 1007, 0, 0, 0, '2018-04-28 10:11:28', '0000-00-00 00:00:00', 97, 260),
(25677, 1008, 0, 0, 0, '2018-04-28 10:11:28', '0000-00-00 00:00:00', 97, 965),
(25678, 1009, 0, 3, 0, '2018-04-29 16:28:23', '0000-00-00 00:00:00', 49, 27),
(25679, 1010, 0, 3, 0, '2018-04-29 16:28:23', '0000-00-00 00:00:00', 49, 32),
(25680, 1011, 0, 0, 0, '2018-01-25 08:23:38', '0000-00-00 00:00:00', 133, 1000),
(25681, 1012, 0, 0, 0, '2018-03-14 11:49:46', '0000-00-00 00:00:00', 133, 0),
(25682, 1013, 0, 0, 0, '2018-02-20 14:36:20', '0000-00-00 00:00:00', 76, 146),
(25683, 1014, 0, 0, 0, '2017-11-10 16:36:43', '0000-00-00 00:00:00', 49, 0),
(25684, 1015, 0, 0, 0, '2017-11-10 16:36:43', '0000-00-00 00:00:00', 49, 0),
(25685, 1017, 0, 0, 0, '2018-04-27 16:06:21', '0000-00-00 00:00:00', 133, 6),
(25686, 1018, 0, 0, 0, '2018-04-26 13:22:29', '0000-00-00 00:00:00', 133, 5),
(25687, 1019, 0, 0, 0, '2018-04-26 13:22:29', '0000-00-00 00:00:00', 133, 8),
(25688, 1020, 0, 1, 0, '2018-04-29 16:28:23', '0000-00-00 00:00:00', 49, 4),
(25689, 1021, 0, 1, 0, '2018-04-29 16:28:23', '0000-00-00 00:00:00', 49, 18),
(25690, 1022, 0, 1, 0, '2018-04-29 16:28:23', '0000-00-00 00:00:00', 49, 6),
(25691, 1023, 0, 1000, 0, '2018-01-24 15:21:47', '0000-00-00 00:00:00', 49, 106),
(25692, 1024, 0, 1, 0, '2018-01-24 15:21:47', '0000-00-00 00:00:00', 49, 8),
(25693, 1025, 0, 0, 0, '2018-03-14 15:40:30', '0000-00-00 00:00:00', 76, 2),
(25694, 1026, 0, 0, 0, '2018-04-29 16:15:55', '0000-00-00 00:00:00', 49, 11),
(25695, 1027, 0, 0, 0, '2018-04-27 16:05:16', '0000-00-00 00:00:00', 133, 168),
(25696, 1028, 0, 0, 0, '2018-04-27 16:06:21', '0000-00-00 00:00:00', 133, 6),
(25697, 1029, 0, 0, 0, '2017-11-10 12:53:31', '0000-00-00 00:00:00', 1, 1001),
(25698, 1030, 0, 0, 0, '2018-04-15 15:09:00', '0000-00-00 00:00:00', 49, 1),
(25699, 1031, 0, 0, 0, '2018-04-15 15:09:00', '0000-00-00 00:00:00', 49, 0),
(25700, 1032, 0, 0, 0, '2018-03-14 15:40:24', '0000-00-00 00:00:00', 76, 1),
(25701, 1033, 0, 0, 0, '2018-04-26 13:22:29', '0000-00-00 00:00:00', 133, 2),
(25702, 1034, 0, 0, 0, '2018-04-29 16:15:55', '0000-00-00 00:00:00', 49, 1),
(25703, 1035, 0, 0, 0, '2018-04-29 16:15:55', '0000-00-00 00:00:00', 49, 3),
(25704, 1036, 0, 0, 0, '2018-04-06 16:37:16', '0000-00-00 00:00:00', 133, 2),
(25705, 1037, 0, 0, 0, '2018-04-25 13:47:52', '0000-00-00 00:00:00', 133, 12),
(25706, 1038, 0, 0, 0, '2018-04-25 13:47:52', '0000-00-00 00:00:00', 133, 6),
(25707, 1039, 0, 0, 0, '2018-04-25 13:47:52', '0000-00-00 00:00:00', 133, 6),
(25708, 1040, 0, 0, 0, '2018-04-25 13:47:52', '0000-00-00 00:00:00', 133, 0),
(25709, 1041, 0, 0, 0, '2018-01-26 15:59:22', '0000-00-00 00:00:00', 76, 8),
(25710, 1042, 0, 0, 0, '2018-04-29 16:27:13', '0000-00-00 00:00:00', 49, 15),
(25711, 1043, 0, 0, 0, '2018-04-29 16:27:13', '0000-00-00 00:00:00', 49, 6),
(25712, 1044, 0, 0, 0, '2018-04-29 16:27:13', '0000-00-00 00:00:00', 49, 6),
(25713, 1045, 0, 0, 0, '2018-04-29 16:27:13', '0000-00-00 00:00:00', 49, 6),
(25714, 1046, 0, 0, 0, '2018-01-26 15:58:44', '0000-00-00 00:00:00', 76, 3),
(25715, 1047, 0, 0, 0, '2018-04-26 13:22:29', '0000-00-00 00:00:00', 133, 1),
(25716, 1048, 0, 0, 0, '2018-03-01 12:07:08', '0000-00-00 00:00:00', 49, 0),
(25717, 1049, 0, 0, 0, '2018-02-08 08:43:21', '0000-00-00 00:00:00', 133, 30),
(25718, 1050, 0, 0, 0, '2018-04-27 16:05:16', '0000-00-00 00:00:00', 133, 4),
(25719, 1051, 0, 0, 0, '2018-04-29 16:20:16', '0000-00-00 00:00:00', 49, 0),
(25720, 1052, 0, 0, 0, '2018-04-15 15:09:00', '0000-00-00 00:00:00', 49, 5),
(25721, 1053, 0, 0, 0, '2018-04-27 16:06:21', '0000-00-00 00:00:00', 133, 1),
(25722, 1054, 0, 0, 0, '2018-03-27 12:12:37', '0000-00-00 00:00:00', 48, 200),
(25723, 1055, 0, 0, 0, '2018-04-27 16:06:21', '0000-00-00 00:00:00', 133, 4),
(25724, 1056, 0, 0, 0, '2018-02-16 12:45:06', '0000-00-00 00:00:00', 48, 0),
(25725, 1057, 0, 0, 0, '2018-04-25 13:47:52', '0000-00-00 00:00:00', 133, 1),
(25726, 1058, 0, 0, 0, '2018-04-01 14:25:29', '0000-00-00 00:00:00', 1, 0),
(25727, 1059, 0, 0, 0, '2018-03-27 20:05:48', '0000-00-00 00:00:00', 1, 0),
(25728, 1060, 0, 0, 0, '2018-02-20 08:23:29', '0000-00-00 00:00:00', 157, 0),
(25729, 1061, 0, 0, 0, '2018-02-20 11:56:08', '0000-00-00 00:00:00', 1, 0),
(25730, 1062, 0, 0, 0, '2018-02-20 11:56:29', '0000-00-00 00:00:00', 1, 0),
(25731, 1063, 0, 0, 0, '2018-02-20 15:30:32', '0000-00-00 00:00:00', 1, 0),
(25732, 1064, 0, 0, 0, '2018-02-20 15:30:35', '0000-00-00 00:00:00', 1, 0),
(25733, 1065, 0, 0, 0, '2018-02-20 13:17:35', '0000-00-00 00:00:00', 157, 0),
(25734, 1066, 0, 0, 0, '2018-02-20 15:30:40', '0000-00-00 00:00:00', 1, 0),
(25735, 1067, 0, 0, 0, '2018-02-20 15:30:43', '0000-00-00 00:00:00', 1, 0),
(25736, 1068, 0, 0, 0, '2018-02-20 15:30:27', '0000-00-00 00:00:00', 1, 0),
(25737, 1069, 0, 0, 0, '2018-02-20 15:32:23', '2018-04-30 19:16:12', 1, 1553),
(25738, 1070, 0, 0, 0, '2018-02-20 15:30:47', '0000-00-00 00:00:00', 1, 0),
(25739, 1071, 0, 0, 0, '2018-02-20 15:30:49', '0000-00-00 00:00:00', 1, 0),
(25740, 1072, 0, 0, 0, '2018-02-20 15:30:54', '0000-00-00 00:00:00', 1, 0),
(25741, 1073, 0, 0, 0, '2018-02-20 15:31:52', '0000-00-00 00:00:00', 1, 0),
(25742, 1074, 0, 0, 0, '2018-03-05 17:02:54', '0000-00-00 00:00:00', 157, 0),
(25743, 1075, 0, 0, 0, '2018-02-20 15:31:01', '0000-00-00 00:00:00', 1, 0),
(25744, 1076, 0, 0, 0, '2018-02-20 13:24:03', '0000-00-00 00:00:00', 157, 0),
(25745, 1077, 0, 0, 0, '2018-02-20 13:24:43', '0000-00-00 00:00:00', 157, 0),
(25746, 1078, 0, 0, 0, '2018-02-20 13:25:34', '0000-00-00 00:00:00', 157, 0),
(25747, 1079, 0, 0, 0, '2018-02-20 13:26:26', '0000-00-00 00:00:00', 157, 0),
(25748, 1080, 0, 0, 0, '2018-02-20 13:29:57', '0000-00-00 00:00:00', 157, 0),
(25749, 1081, 0, 0, 0, '2018-02-20 13:31:11', '0000-00-00 00:00:00', 157, 0),
(25750, 1082, 0, 0, 0, '2018-02-20 13:55:18', '0000-00-00 00:00:00', 157, 0),
(25751, 1083, 0, 0, 0, '2018-02-20 13:55:52', '0000-00-00 00:00:00', 157, 0),
(25752, 1084, 0, 0, 0, '2018-02-20 13:56:19', '0000-00-00 00:00:00', 157, 0),
(25753, 1085, 0, 0, 0, '2018-02-20 13:58:16', '0000-00-00 00:00:00', 157, 0),
(25754, 1086, 0, 0, 0, '2018-02-20 13:58:49', '0000-00-00 00:00:00', 157, 0),
(25755, 1087, 0, 0, 0, '2018-02-20 13:59:16', '0000-00-00 00:00:00', 157, 0),
(25756, 1088, 0, 0, 0, '2018-02-20 13:59:44', '0000-00-00 00:00:00', 157, 0),
(25757, 1089, 0, 0, 0, '2018-02-20 14:00:19', '0000-00-00 00:00:00', 157, 0);
INSERT INTO `products_stock` (`id`, `id_product`, `warning`, `mini`, `max`, `last_update_user`, `last_update_pos`, `last_update_id_user`, `qtty`) VALUES
(25758, 1090, 0, 0, 0, '2018-02-20 14:00:46', '0000-00-00 00:00:00', 157, 0),
(25759, 1091, 0, 0, 0, '2018-02-20 14:01:41', '0000-00-00 00:00:00', 157, 0),
(25760, 1092, 0, 0, 0, '2018-02-20 14:02:19', '0000-00-00 00:00:00', 157, 0),
(25761, 1093, 0, 0, 0, '2018-02-22 11:51:55', '0000-00-00 00:00:00', 1, 0),
(25762, 1094, 0, 0, 0, '2018-02-20 14:06:15', '0000-00-00 00:00:00', 157, 0),
(25763, 1095, 0, 0, 0, '2018-02-20 14:08:08', '0000-00-00 00:00:00', 157, 0),
(25764, 1096, 0, 0, 0, '2018-02-20 14:09:04', '0000-00-00 00:00:00', 157, 0),
(25765, 1097, 0, 0, 0, '2018-02-22 11:52:42', '0000-00-00 00:00:00', 1, 0),
(25766, 1098, 0, 0, 0, '2018-02-20 14:11:22', '0000-00-00 00:00:00', 157, 0),
(25767, 1099, 0, 0, 0, '2018-02-20 14:13:45', '0000-00-00 00:00:00', 157, 0),
(25768, 1100, 0, 0, 0, '2018-02-20 14:15:23', '0000-00-00 00:00:00', 157, 0),
(25769, 1101, 0, 0, 0, '2018-02-20 14:16:06', '0000-00-00 00:00:00', 157, 0),
(25770, 1102, 0, 0, 0, '2018-03-26 15:30:39', '0000-00-00 00:00:00', 1, 0),
(25771, 1103, 0, 0, 0, '2018-02-21 12:02:41', '0000-00-00 00:00:00', 1, 0),
(25772, 1104, 0, 0, 0, '2018-03-27 13:20:05', '0000-00-00 00:00:00', 1, 0),
(25773, 1105, 0, 0, 0, '2018-02-21 14:13:55', '0000-00-00 00:00:00', 1, 0),
(25774, 1106, 0, 0, 0, '2018-02-21 15:28:23', '0000-00-00 00:00:00', 157, 0),
(25775, 1107, 0, 0, 0, '2018-02-21 15:29:07', '0000-00-00 00:00:00', 157, 0),
(25776, 1108, 0, 0, 0, '2018-02-21 15:30:48', '0000-00-00 00:00:00', 157, 0),
(25777, 1109, 0, 0, 0, '2018-02-21 16:56:11', '0000-00-00 00:00:00', 157, 0),
(25778, 1110, 0, 0, 0, '2018-02-21 16:57:42', '0000-00-00 00:00:00', 157, 0),
(25779, 1111, 0, 0, 0, '2018-02-21 16:59:24', '0000-00-00 00:00:00', 157, 0),
(25780, 1112, 0, 0, 0, '2018-02-21 17:00:39', '0000-00-00 00:00:00', 157, 0),
(25781, 1113, 0, 0, 0, '2018-02-21 17:01:34', '0000-00-00 00:00:00', 157, 0),
(25782, 1114, 0, 0, 0, '2018-02-21 17:02:49', '0000-00-00 00:00:00', 157, 0),
(25783, 1115, 0, 0, 0, '2018-02-21 17:05:18', '0000-00-00 00:00:00', 157, 0),
(25784, 1116, 0, 0, 0, '2018-02-21 17:06:05', '0000-00-00 00:00:00', 157, 0),
(25785, 1117, 0, 0, 0, '2018-02-21 17:10:40', '0000-00-00 00:00:00', 157, 0),
(25786, 1118, 0, 0, 0, '2018-02-21 17:13:33', '0000-00-00 00:00:00', 157, 0),
(25787, 1119, 0, 0, 0, '2018-02-21 17:16:21', '0000-00-00 00:00:00', 157, 0),
(25788, 1120, 0, 0, 0, '2018-04-29 16:17:40', '0000-00-00 00:00:00', 49, 24),
(25789, 1121, 0, 2, 0, '2018-04-29 16:28:23', '0000-00-00 00:00:00', 49, 5),
(25790, 1122, 0, 0, 0, '2018-04-06 16:37:16', '0000-00-00 00:00:00', 133, 0),
(25791, 1123, 0, 0, 0, '2018-04-06 16:37:16', '0000-00-00 00:00:00', 133, 0),
(25792, 1124, 0, 0, 0, '2018-04-26 13:22:29', '0000-00-00 00:00:00', 133, 0),
(25793, 1125, 0, 0, 0, '2018-03-14 12:12:03', '0000-00-00 00:00:00', 133, 0),
(25794, 1126, 0, 0, 0, '2018-03-14 13:24:23', '0000-00-00 00:00:00', 133, 0),
(25795, 1127, 0, 0, 0, '2018-03-14 13:29:06', '0000-00-00 00:00:00', 133, 0),
(25796, 1128, 0, 0, 0, '2018-03-15 13:09:41', '0000-00-00 00:00:00', 157, 0),
(25797, 1129, 0, 0, 0, '2018-03-15 13:09:43', '0000-00-00 00:00:00', 157, 0),
(25798, 1130, 0, 0, 0, '2018-03-15 13:09:52', '0000-00-00 00:00:00', 157, 0),
(25799, 1131, 0, 0, 0, '2018-03-15 13:09:54', '0000-00-00 00:00:00', 157, 0),
(25800, 1132, 0, 0, 0, '2018-03-15 13:10:04', '0000-00-00 00:00:00', 157, 0),
(25801, 1133, 0, 0, 0, '2018-03-15 12:57:12', '0000-00-00 00:00:00', 157, 0),
(25802, 1134, 0, 0, 0, '2018-03-15 12:59:19', '0000-00-00 00:00:00', 157, 0),
(25803, 1135, 0, 0, 0, '2018-03-15 13:00:37', '0000-00-00 00:00:00', 157, 0),
(25804, 1136, 0, 0, 0, '2018-03-15 13:10:22', '0000-00-00 00:00:00', 157, 0),
(25805, 1137, 0, 0, 0, '2018-03-15 13:10:20', '0000-00-00 00:00:00', 157, 0),
(25806, 1138, 0, 0, 0, '2018-03-15 13:10:18', '0000-00-00 00:00:00', 157, 0),
(25807, 1139, 0, 0, 0, '2018-03-15 13:10:43', '0000-00-00 00:00:00', 157, 0),
(25808, 1140, 0, 0, 0, '2018-03-15 13:10:41', '0000-00-00 00:00:00', 157, 0),
(25809, 1141, 0, 0, 0, '2018-03-15 13:10:39', '0000-00-00 00:00:00', 157, 0),
(25810, 1142, 0, 0, 0, '2018-03-15 13:10:37', '0000-00-00 00:00:00', 157, 0),
(25811, 1143, 0, 0, 0, '2018-03-15 13:10:50', '0000-00-00 00:00:00', 157, 0),
(25812, 1144, 0, 0, 0, '2018-03-15 13:12:30', '0000-00-00 00:00:00', 157, 0),
(25813, 1145, 0, 0, 0, '2018-03-15 13:13:20', '0000-00-00 00:00:00', 157, 0),
(25814, 1146, 0, 0, 0, '2018-03-15 13:14:22', '0000-00-00 00:00:00', 157, 0),
(25815, 1147, 0, 0, 0, '2018-03-15 13:18:14', '0000-00-00 00:00:00', 157, 0),
(25816, 1148, 0, 0, 0, '2018-03-15 13:19:12', '0000-00-00 00:00:00', 157, 0),
(25817, 1149, 0, 0, 0, '2018-03-15 13:19:59', '0000-00-00 00:00:00', 157, 0),
(25818, 1150, 0, 0, 0, '2018-03-15 13:20:58', '0000-00-00 00:00:00', 157, 0),
(25819, 1151, 0, 0, 0, '2018-03-15 13:22:01', '0000-00-00 00:00:00', 157, 0),
(25820, 1152, 0, 0, 0, '2018-03-15 13:25:21', '0000-00-00 00:00:00', 157, 0),
(25821, 1153, 0, 0, 0, '2018-03-15 13:27:32', '0000-00-00 00:00:00', 157, 0),
(25822, 1154, 0, 0, 0, '2018-03-15 13:28:24', '0000-00-00 00:00:00', 157, 0),
(25823, 1155, 0, 0, 0, '2018-03-15 13:29:38', '0000-00-00 00:00:00', 157, 0),
(25824, 1156, 0, 0, 0, '2018-04-09 11:22:58', '0000-00-00 00:00:00', 1, 0),
(25825, 1157, 0, 0, 0, '2018-03-15 13:34:21', '0000-00-00 00:00:00', 157, 0),
(25826, 1158, 0, 0, 0, '2018-03-15 13:45:03', '0000-00-00 00:00:00', 157, 0),
(25827, 1159, 0, 0, 0, '2018-03-15 13:45:43', '0000-00-00 00:00:00', 157, 0),
(25828, 1160, 0, 0, 0, '2018-03-15 13:46:20', '0000-00-00 00:00:00', 157, 0),
(25829, 1161, 0, 0, 0, '2018-03-15 13:47:11', '0000-00-00 00:00:00', 157, 0),
(25830, 1162, 0, 0, 0, '2018-03-15 13:48:03', '0000-00-00 00:00:00', 157, 0),
(25831, 1163, 0, 0, 0, '2018-03-15 13:51:53', '0000-00-00 00:00:00', 157, 0),
(25832, 1164, 0, 0, 0, '2018-03-15 13:53:38', '0000-00-00 00:00:00', 157, 0),
(25833, 1165, 0, 0, 0, '2018-03-15 13:54:42', '0000-00-00 00:00:00', 157, 0),
(25834, 1166, 0, 0, 0, '2018-03-15 16:10:00', '0000-00-00 00:00:00', 157, 0),
(25835, 1167, 0, 0, 0, '2018-03-23 09:26:57', '0000-00-00 00:00:00', 157, 0),
(25836, 1168, 0, 0, 0, '2018-03-23 09:28:42', '0000-00-00 00:00:00', 157, 0),
(25837, 1169, 0, 0, 0, '2018-03-23 09:29:32', '0000-00-00 00:00:00', 157, 0),
(25838, 1170, 0, 0, 0, '2018-03-23 09:33:31', '0000-00-00 00:00:00', 157, 0),
(25839, 1171, 0, 0, 0, '2018-03-27 14:54:25', '0000-00-00 00:00:00', 157, 0),
(25840, 1172, 0, 0, 0, '2018-03-27 14:54:54', '0000-00-00 00:00:00', 157, 0),
(25841, 1173, 0, 0, 0, '2018-03-27 14:55:30', '0000-00-00 00:00:00', 157, 0),
(25842, 1174, 0, 0, 0, '2018-03-27 14:56:26', '0000-00-00 00:00:00', 157, 0),
(25843, 1175, 0, 0, 0, '2018-03-27 14:56:56', '0000-00-00 00:00:00', 157, 0),
(25844, 1176, 0, 0, 0, '2018-03-27 14:58:09', '0000-00-00 00:00:00', 157, 0),
(25845, 1177, 0, 0, 0, '2018-03-27 14:58:49', '0000-00-00 00:00:00', 157, 0),
(25846, 1178, 0, 0, 0, '2018-03-27 14:59:09', '0000-00-00 00:00:00', 157, 0),
(25847, 1179, 0, 0, 0, '2018-03-27 14:59:45', '0000-00-00 00:00:00', 157, 0),
(25848, 1180, 0, 0, 0, '2018-04-09 09:33:29', '0000-00-00 00:00:00', 1, 0),
(25849, 1181, 0, 0, 0, '2018-04-18 18:00:21', '0000-00-00 00:00:00', 1, 0),
(25850, 1182, 0, 0, 0, '2018-03-27 20:56:29', '0000-00-00 00:00:00', 1, 0),
(25851, 1183, 0, 0, 0, '2018-03-27 20:56:05', '0000-00-00 00:00:00', 1, 0),
(25852, 1184, 0, 0, 0, '2018-04-27 16:06:21', '0000-00-00 00:00:00', 133, 2),
(25853, 1185, 0, 0, 0, '2018-04-03 15:55:09', '0000-00-00 00:00:00', 48, 0),
(25854, 1186, 0, 0, 0, '2018-04-04 12:36:53', '0000-00-00 00:00:00', 157, 0),
(25855, 1187, 0, 0, 0, '2018-04-04 12:39:07', '0000-00-00 00:00:00', 157, 0),
(25856, 1188, 0, 0, 0, '2018-04-04 12:40:03', '0000-00-00 00:00:00', 157, 0),
(25857, 1189, 0, 0, 0, '2018-04-04 12:40:44', '0000-00-00 00:00:00', 157, 0),
(25858, 1190, 0, 0, 0, '2018-04-04 12:43:01', '0000-00-00 00:00:00', 157, 0),
(25859, 1191, 0, 0, 0, '2018-04-04 12:46:16', '0000-00-00 00:00:00', 157, 0),
(25860, 1192, 0, 0, 0, '2018-04-04 12:46:55', '0000-00-00 00:00:00', 157, 0),
(25861, 1193, 0, 0, 0, '2018-04-04 12:47:59', '0000-00-00 00:00:00', 157, 0),
(25862, 1194, 0, 0, 0, '2018-04-04 12:49:29', '0000-00-00 00:00:00', 157, 0),
(25863, 1195, 0, 0, 0, '2018-04-04 12:51:04', '0000-00-00 00:00:00', 157, 0),
(25864, 1196, 0, 0, 0, '2018-04-09 11:26:11', '0000-00-00 00:00:00', 1, 0),
(25865, 1197, 0, 0, 0, '2018-04-04 12:53:55', '0000-00-00 00:00:00', 157, 0),
(25866, 1198, 0, 0, 0, '2018-04-06 13:35:39', '0000-00-00 00:00:00', 1, 0),
(25867, 1199, 0, 0, 0, '2018-04-06 13:36:46', '0000-00-00 00:00:00', 1, 0),
(25868, 1200, 0, 0, 0, '2018-04-08 19:18:08', '0000-00-00 00:00:00', 157, 0),
(25869, 1201, 0, 0, 0, '2018-04-29 16:28:23', '0000-00-00 00:00:00', 49, 7),
(25870, 1202, 0, 0, 0, '2018-04-09 11:19:35', '0000-00-00 00:00:00', 1, 0),
(25871, 1203, 0, 0, 0, '2018-04-09 17:31:25', '0000-00-00 00:00:00', 1, 0),
(25872, 1204, 0, 0, 0, '2018-04-15 14:57:56', '0000-00-00 00:00:00', 49, 50),
(25873, 1205, 0, 0, 0, '2018-04-26 07:30:17', '0000-00-00 00:00:00', 76, 72),
(25874, 1206, 0, 0, 0, '2018-04-26 07:30:17', '0000-00-00 00:00:00', 76, 72),
(25875, 1207, 0, 0, 0, '2018-04-26 07:30:17', '0000-00-00 00:00:00', 76, 72),
(25876, 1208, 0, 0, 0, '2018-04-26 07:30:17', '0000-00-00 00:00:00', 76, 0),
(25877, 1209, 0, 0, 0, '2018-04-26 07:30:17', '0000-00-00 00:00:00', 76, 0),
(25878, 1210, 0, 0, 0, '2018-04-26 07:30:17', '0000-00-00 00:00:00', 76, 120),
(25879, 1211, 0, 0, 0, '2018-04-26 07:30:17', '0000-00-00 00:00:00', 76, 72),
(25880, 1212, 0, 0, 0, '2018-04-26 07:30:17', '0000-00-00 00:00:00', 76, 0),
(25881, 1213, 0, 0, 0, '2018-04-26 07:30:17', '0000-00-00 00:00:00', 76, 0),
(25882, 1214, 0, 0, 0, '2018-04-26 07:30:17', '0000-00-00 00:00:00', 76, 0),
(25883, 1215, 0, 0, 0, '2018-04-25 11:24:58', '0000-00-00 00:00:00', 76, 960),
(25884, 1216, 0, 0, 0, '2018-04-16 12:02:49', '0000-00-00 00:00:00', 76, 0),
(25885, 1217, 0, 0, 0, '2018-04-16 12:04:16', '0000-00-00 00:00:00', 76, 0),
(25886, 1218, 0, 0, 0, '2018-04-16 12:08:12', '0000-00-00 00:00:00', 76, 0),
(25887, 1219, 0, 0, 0, '2018-04-16 12:09:15', '0000-00-00 00:00:00', 76, 0),
(25888, 1220, 0, 0, 0, '2018-04-16 12:10:11', '0000-00-00 00:00:00', 76, 0),
(25889, 1221, 0, 0, 0, '2018-04-26 07:30:17', '0000-00-00 00:00:00', 76, 48),
(25890, 1222, 0, 0, 0, '2018-04-26 07:30:17', '0000-00-00 00:00:00', 76, 48),
(25891, 1223, 0, 0, 0, '2018-04-26 07:30:17', '0000-00-00 00:00:00', 76, 48),
(25892, 1224, 0, 0, 0, '2018-04-26 07:30:17', '0000-00-00 00:00:00', 76, 4),
(25893, 1225, 0, 0, 0, '2018-04-16 12:24:16', '0000-00-00 00:00:00', 76, 0),
(25894, 1226, 0, 0, 0, '2018-04-16 12:24:59', '0000-00-00 00:00:00', 76, 0),
(25895, 1227, 0, 0, 0, '2018-04-16 12:25:49', '0000-00-00 00:00:00', 76, 0),
(25896, 1228, 0, 0, 0, '2018-04-26 10:43:29', '0000-00-00 00:00:00', 76, 0),
(25897, 1229, 0, 0, 0, '2018-04-16 12:28:25', '0000-00-00 00:00:00', 76, 0),
(25898, 1230, 0, 0, 0, '2018-04-16 12:29:23', '0000-00-00 00:00:00', 76, 0),
(25899, 1231, 0, 0, 0, '2018-04-16 12:30:09', '0000-00-00 00:00:00', 76, 0),
(25900, 1232, 0, 0, 0, '2018-04-16 12:30:54', '0000-00-00 00:00:00', 76, 0),
(25901, 1233, 0, 0, 0, '2018-04-16 12:35:39', '0000-00-00 00:00:00', 76, 0),
(25902, 1234, 0, 0, 0, '2018-04-16 12:36:13', '0000-00-00 00:00:00', 76, 0),
(25903, 1235, 0, 0, 0, '2018-04-16 12:36:47', '0000-00-00 00:00:00', 76, 0),
(25904, 1236, 0, 0, 0, '2018-04-16 12:38:42', '0000-00-00 00:00:00', 76, 0),
(25905, 1237, 0, 0, 0, '2018-04-19 14:03:38', '0000-00-00 00:00:00', 76, 0),
(25906, 1238, 0, 0, 0, '2018-04-19 14:04:06', '0000-00-00 00:00:00', 76, 0),
(25907, 1239, 0, 0, 0, '2018-04-16 12:43:10', '0000-00-00 00:00:00', 76, 0),
(25908, 1240, 0, 0, 0, '2018-04-16 12:44:26', '0000-00-00 00:00:00', 76, 0),
(25909, 1241, 0, 0, 0, '2018-04-25 11:29:22', '0000-00-00 00:00:00', 76, 3),
(25910, 1242, 0, 0, 0, '2018-04-25 11:29:22', '0000-00-00 00:00:00', 76, 1),
(25911, 1243, 0, 0, 0, '2018-04-25 11:29:22', '0000-00-00 00:00:00', 76, 1),
(25912, 1244, 0, 0, 0, '2018-04-25 11:29:22', '0000-00-00 00:00:00', 76, 1),
(25913, 1245, 0, 0, 0, '2018-04-25 11:29:22', '0000-00-00 00:00:00', 76, 1),
(25914, 1246, 0, 0, 0, '2018-04-25 11:05:05', '0000-00-00 00:00:00', 76, 0),
(25915, 1247, 0, 0, 0, '2018-04-25 11:05:05', '0000-00-00 00:00:00', 76, 2),
(25916, 1248, 0, 0, 0, '2018-04-25 11:05:05', '0000-00-00 00:00:00', 76, 2),
(25917, 1249, 0, 0, 0, '2018-04-25 11:29:22', '0000-00-00 00:00:00', 76, 1),
(25918, 1250, 0, 0, 0, '2018-04-25 11:29:22', '0000-00-00 00:00:00', 76, 1),
(25919, 1251, 0, 0, 0, '2018-04-25 11:29:22', '0000-00-00 00:00:00', 76, 2),
(25920, 1252, 0, 0, 0, '2018-04-25 11:29:22', '0000-00-00 00:00:00', 76, 1),
(25921, 1253, 0, 0, 0, '2018-04-25 11:19:37', '0000-00-00 00:00:00', 76, 6),
(25922, 1254, 0, 0, 0, '2018-04-25 11:19:37', '0000-00-00 00:00:00', 76, 1),
(25923, 1255, 0, 0, 0, '2018-04-25 11:19:37', '0000-00-00 00:00:00', 76, 2),
(25924, 1256, 0, 0, 0, '2018-04-25 11:19:37', '0000-00-00 00:00:00', 76, 2),
(25925, 1257, 0, 0, 0, '2018-04-25 11:19:37', '0000-00-00 00:00:00', 76, 1),
(25926, 1258, 0, 0, 0, '2018-04-25 11:19:37', '0000-00-00 00:00:00', 76, 1),
(25927, 1259, 0, 0, 0, '2018-04-25 11:19:37', '0000-00-00 00:00:00', 76, 1),
(25928, 1260, 0, 0, 0, '2018-04-25 11:19:37', '0000-00-00 00:00:00', 76, 8),
(25929, 1261, 0, 0, 0, '2018-04-25 11:19:37', '0000-00-00 00:00:00', 76, 15),
(25930, 1262, 0, 0, 0, '2018-04-25 11:19:37', '0000-00-00 00:00:00', 76, 1),
(25931, 1263, 0, 0, 0, '2018-04-18 10:26:02', '0000-00-00 00:00:00', 76, 0),
(25932, 1264, 0, 0, 0, '2018-04-25 11:31:31', '0000-00-00 00:00:00', 76, 0),
(25933, 1265, 0, 0, 0, '2018-04-25 11:31:31', '0000-00-00 00:00:00', 76, 0),
(25934, 1266, 0, 0, 0, '2018-04-18 10:29:21', '0000-00-00 00:00:00', 76, 0),
(25935, 1267, 0, 0, 0, '2018-04-18 10:29:45', '0000-00-00 00:00:00', 76, 0),
(25936, 1268, 0, 0, 0, '2018-04-18 10:30:09', '0000-00-00 00:00:00', 76, 0),
(25937, 1269, 0, 0, 0, '2018-04-18 10:30:38', '0000-00-00 00:00:00', 76, 0),
(25938, 1270, 0, 0, 0, '2018-04-18 10:31:00', '0000-00-00 00:00:00', 76, 0),
(25939, 1271, 0, 0, 0, '2018-04-18 10:31:30', '0000-00-00 00:00:00', 76, 0),
(25940, 1272, 0, 0, 0, '2018-04-18 10:31:57', '0000-00-00 00:00:00', 76, 0),
(25941, 1273, 0, 0, 0, '2018-04-18 10:32:15', '0000-00-00 00:00:00', 76, 0),
(25942, 1274, 0, 0, 0, '2018-04-18 10:32:39', '0000-00-00 00:00:00', 76, 0),
(25943, 1275, 0, 0, 0, '2018-04-18 10:33:06', '0000-00-00 00:00:00', 76, 0),
(25944, 1276, 0, 0, 0, '2018-04-18 10:36:10', '0000-00-00 00:00:00', 76, 0),
(25945, 1277, 0, 0, 0, '2018-04-18 10:37:10', '0000-00-00 00:00:00', 76, 0),
(25946, 1278, 0, 0, 0, '2018-04-18 10:46:27', '0000-00-00 00:00:00', 76, 0),
(25947, 1279, 0, 0, 0, '2018-04-18 10:46:31', '0000-00-00 00:00:00', 76, 0),
(25948, 1280, 0, 0, 0, '2018-04-18 10:46:16', '0000-00-00 00:00:00', 76, 0),
(25949, 1281, 0, 0, 0, '2018-04-25 11:24:14', '0000-00-00 00:00:00', 76, 1),
(25950, 1282, 0, 0, 0, '2018-04-25 11:24:14', '0000-00-00 00:00:00', 76, 2),
(25951, 1283, 0, 0, 0, '2018-04-25 11:24:14', '0000-00-00 00:00:00', 76, 2),
(25952, 1284, 0, 0, 0, '2018-04-25 11:24:14', '0000-00-00 00:00:00', 76, 2),
(25953, 1285, 0, 0, 0, '2018-04-25 11:24:14', '0000-00-00 00:00:00', 76, 2),
(25954, 1286, 0, 0, 0, '2018-04-19 07:32:01', '0000-00-00 00:00:00', 76, 0),
(25955, 1287, 0, 0, 0, '2018-04-26 10:40:25', '0000-00-00 00:00:00', 76, 276),
(25956, 1288, 0, 0, 0, '2018-04-25 11:22:26', '0000-00-00 00:00:00', 76, 24),
(25957, 1289, 0, 0, 0, '2018-04-26 09:17:52', '0000-00-00 00:00:00', 76, 6),
(25958, 1290, 0, 0, 0, '2018-04-26 09:17:52', '0000-00-00 00:00:00', 76, 6),
(25959, 1291, 0, 0, 0, '2018-04-26 09:17:52', '0000-00-00 00:00:00', 76, 6),
(25960, 1292, 0, 0, 0, '2018-04-26 09:17:52', '0000-00-00 00:00:00', 76, 6),
(25961, 1293, 0, 0, 0, '2018-04-19 07:50:48', '0000-00-00 00:00:00', 76, 0),
(25962, 1294, 0, 0, 0, '2018-04-26 09:17:52', '0000-00-00 00:00:00', 76, 12),
(25963, 1295, 0, 0, 0, '2018-04-26 09:17:52', '0000-00-00 00:00:00', 76, 4),
(25964, 1296, 0, 0, 0, '2018-04-26 09:17:52', '0000-00-00 00:00:00', 76, 12),
(25965, 1297, 0, 0, 0, '2018-04-26 09:17:52', '0000-00-00 00:00:00', 76, 3),
(25966, 1298, 0, 0, 0, '2018-04-26 09:17:52', '0000-00-00 00:00:00', 76, 8),
(25967, 1299, 0, 0, 0, '2018-04-26 09:17:52', '0000-00-00 00:00:00', 76, 3),
(25968, 1300, 0, 0, 0, '2018-04-26 09:17:52', '0000-00-00 00:00:00', 76, 9),
(25969, 1301, 0, 0, 0, '2018-04-26 09:17:52', '0000-00-00 00:00:00', 76, 24),
(25970, 1302, 0, 0, 0, '2018-04-26 09:17:52', '0000-00-00 00:00:00', 76, 24),
(25971, 1303, 0, 0, 0, '2018-04-26 09:17:52', '0000-00-00 00:00:00', 76, 12),
(25972, 1304, 0, 0, 0, '2018-04-26 09:17:52', '0000-00-00 00:00:00', 76, 12),
(25973, 1305, 0, 0, 0, '2018-04-26 09:17:52', '0000-00-00 00:00:00', 76, 6),
(25974, 1306, 0, 0, 0, '2018-04-26 09:17:52', '0000-00-00 00:00:00', 76, 6),
(25975, 1307, 0, 0, 0, '2018-04-26 09:17:52', '0000-00-00 00:00:00', 76, 4),
(25976, 1308, 0, 0, 0, '2018-04-26 09:17:52', '0000-00-00 00:00:00', 76, 3),
(25977, 1309, 0, 0, 0, '2018-04-26 09:17:52', '0000-00-00 00:00:00', 76, 2),
(25978, 1310, 0, 0, 0, '2018-04-26 09:17:52', '0000-00-00 00:00:00', 76, 2),
(25979, 1311, 0, 0, 0, '2018-04-26 09:17:52', '0000-00-00 00:00:00', 76, 4),
(25980, 1312, 0, 0, 0, '2018-04-26 09:17:52', '0000-00-00 00:00:00', 76, 4),
(25981, 1313, 0, 0, 0, '2018-04-26 09:17:52', '0000-00-00 00:00:00', 76, 6),
(25982, 1314, 0, 0, 0, '2018-04-26 09:17:52', '0000-00-00 00:00:00', 76, 4),
(25983, 1315, 0, 0, 0, '2018-04-26 09:17:52', '0000-00-00 00:00:00', 76, 10),
(25984, 1316, 0, 0, 0, '2018-04-26 09:17:52', '0000-00-00 00:00:00', 76, 5),
(25985, 1317, 0, 0, 0, '2018-04-26 09:17:52', '0000-00-00 00:00:00', 76, 3),
(25986, 1318, 0, 0, 0, '2018-04-26 09:17:52', '0000-00-00 00:00:00', 76, 4),
(25987, 1319, 0, 0, 0, '2018-04-26 09:17:52', '0000-00-00 00:00:00', 76, 6),
(25988, 1320, 0, 0, 0, '2018-04-26 09:17:52', '0000-00-00 00:00:00', 76, 4),
(25989, 1321, 0, 0, 0, '2018-04-26 09:17:52', '0000-00-00 00:00:00', 76, 3),
(25990, 1322, 0, 0, 0, '2018-04-26 09:17:52', '0000-00-00 00:00:00', 76, 1),
(25991, 1323, 0, 0, 0, '2018-04-19 08:34:32', '0000-00-00 00:00:00', 76, 0),
(25992, 1324, 0, 0, 0, '2018-04-26 09:17:52', '0000-00-00 00:00:00', 76, 24),
(25993, 1325, 0, 0, 0, '2018-04-26 09:17:52', '0000-00-00 00:00:00', 76, 2),
(25994, 1326, 0, 0, 0, '2018-04-19 08:38:22', '0000-00-00 00:00:00', 76, 0),
(25995, 1327, 0, 0, 0, '2018-04-26 09:17:52', '0000-00-00 00:00:00', 76, 2),
(25996, 1328, 0, 0, 0, '2018-04-26 09:17:52', '0000-00-00 00:00:00', 76, 4),
(25997, 1329, 0, 0, 0, '2018-04-26 09:17:52', '0000-00-00 00:00:00', 76, 8),
(25998, 1330, 0, 0, 0, '2018-04-26 09:17:52', '0000-00-00 00:00:00', 76, 9),
(25999, 1331, 0, 0, 0, '2018-04-26 09:17:52', '0000-00-00 00:00:00', 76, 0),
(26000, 1332, 0, 0, 0, '2018-04-26 09:17:52', '0000-00-00 00:00:00', 76, 8),
(26001, 1333, 0, 0, 0, '2018-04-26 09:17:52', '0000-00-00 00:00:00', 76, 8),
(26002, 1334, 0, 0, 0, '2018-04-26 09:17:52', '0000-00-00 00:00:00', 76, 8),
(26003, 1335, 0, 0, 0, '2018-04-19 09:19:25', '0000-00-00 00:00:00', 76, 0),
(26004, 1336, 0, 0, 0, '2018-04-19 09:22:47', '0000-00-00 00:00:00', 76, 0),
(26005, 1338, 0, 0, 0, '2018-04-26 09:17:52', '0000-00-00 00:00:00', 76, 2),
(26006, 1339, 0, 0, 0, '2018-04-26 09:17:52', '0000-00-00 00:00:00', 76, 0),
(26007, 1340, 0, 0, 0, '2018-04-26 09:17:52', '0000-00-00 00:00:00', 76, 2),
(26008, 1341, 0, 0, 0, '2018-04-26 09:17:52', '0000-00-00 00:00:00', 76, 2),
(26009, 1342, 0, 0, 0, '2018-04-26 09:17:52', '0000-00-00 00:00:00', 76, 2),
(26010, 1343, 0, 0, 0, '2018-04-26 09:17:52', '0000-00-00 00:00:00', 76, 2),
(26011, 1344, 0, 0, 0, '2018-04-26 09:17:52', '0000-00-00 00:00:00', 76, 0),
(26012, 1345, 0, 0, 0, '2018-04-26 09:17:52', '0000-00-00 00:00:00', 76, 2),
(26013, 1346, 0, 0, 0, '2018-04-26 09:17:52', '0000-00-00 00:00:00', 76, 2),
(26014, 1347, 0, 0, 0, '2018-04-26 09:17:52', '0000-00-00 00:00:00', 76, 1),
(26015, 1348, 0, 0, 0, '2018-04-26 09:17:52', '0000-00-00 00:00:00', 76, 4),
(26016, 1349, 0, 0, 0, '2018-04-26 09:17:52', '0000-00-00 00:00:00', 76, 1),
(26017, 1350, 0, 0, 0, '2018-04-26 09:17:52', '0000-00-00 00:00:00', 76, 2),
(26018, 1351, 0, 0, 0, '2018-04-26 09:17:52', '0000-00-00 00:00:00', 76, 1),
(26019, 1352, 0, 0, 0, '2018-04-26 09:17:52', '0000-00-00 00:00:00', 76, 1),
(26020, 1353, 0, 0, 0, '2018-04-19 10:11:11', '0000-00-00 00:00:00', 76, 0),
(26021, 1354, 0, 0, 0, '2018-04-26 09:17:52', '0000-00-00 00:00:00', 76, 0),
(26022, 1355, 0, 0, 0, '2018-04-26 09:17:52', '0000-00-00 00:00:00', 76, 0),
(26023, 1356, 0, 0, 0, '2018-04-26 09:17:52', '0000-00-00 00:00:00', 76, 0),
(26024, 1357, 0, 0, 0, '2018-04-26 09:17:52', '0000-00-00 00:00:00', 76, 1),
(26025, 1359, 0, 0, 0, '2018-04-26 09:17:52', '0000-00-00 00:00:00', 76, 1),
(26026, 1360, 0, 0, 0, '2018-04-26 09:17:52', '0000-00-00 00:00:00', 76, 0),
(26027, 1361, 0, 0, 0, '2018-04-26 09:17:52', '0000-00-00 00:00:00', 76, 1),
(26028, 1362, 0, 0, 0, '2018-04-26 09:17:52', '0000-00-00 00:00:00', 76, 1),
(26029, 1363, 0, 0, 0, '2018-04-26 09:17:52', '0000-00-00 00:00:00', 76, 1),
(26030, 1364, 0, 0, 0, '2018-04-19 10:18:23', '0000-00-00 00:00:00', 76, 0),
(26031, 1365, 0, 0, 0, '2018-04-19 10:20:31', '0000-00-00 00:00:00', 76, 0),
(26032, 1366, 0, 0, 0, '2018-04-19 10:21:23', '0000-00-00 00:00:00', 76, 0),
(26033, 1367, 0, 0, 0, '2018-04-19 10:22:21', '0000-00-00 00:00:00', 76, 0),
(26034, 1368, 0, 0, 0, '2018-04-19 10:22:56', '0000-00-00 00:00:00', 76, 0),
(26035, 1369, 0, 0, 0, '2018-04-19 10:23:58', '0000-00-00 00:00:00', 76, 0),
(26036, 1370, 0, 0, 0, '2018-04-19 12:26:27', '0000-00-00 00:00:00', 76, 0),
(26037, 1371, 0, 0, 0, '2018-04-26 09:17:52', '0000-00-00 00:00:00', 76, 2),
(26038, 1372, 0, 0, 0, '2018-04-19 13:52:01', '0000-00-00 00:00:00', 76, 0),
(26039, 1373, 0, 0, 0, '2018-04-25 11:31:31', '0000-00-00 00:00:00', 76, 31),
(26040, 1374, 0, 0, 0, '2018-04-26 09:17:52', '0000-00-00 00:00:00', 76, 12),
(26041, 1375, 0, 0, 0, '2018-04-26 09:17:52', '0000-00-00 00:00:00', 76, 2),
(26042, 1376, 0, 0, 0, '2018-04-20 11:50:34', '0000-00-00 00:00:00', 76, 0),
(26043, 1377, 0, 2, 0, '2018-04-29 16:28:23', '0000-00-00 00:00:00', 49, 0),
(26044, 1378, 0, 0, 0, '2018-04-26 13:22:29', '0000-00-00 00:00:00', 133, 2);

-- --------------------------------------------------------

--
-- Table structure for table `products_unit`
--

CREATE TABLE IF NOT EXISTS `products_unit` (
  `id` int(11) NOT NULL AUTO_INCREMENT,
  `name` varchar(255) COLLATE utf8_unicode_ci NOT NULL,
  `comment` text COLLATE utf8_unicode_ci NOT NULL,
  PRIMARY KEY (`id`)
) ENGINE=InnoDB  DEFAULT CHARSET=utf8 COLLATE=utf8_unicode_ci AUTO_INCREMENT=28 ;

--
-- Dumping data for table `products_unit`
--

INSERT INTO `products_unit` (`id`, `name`, `comment`) VALUES
(0, '-', ''),
(1, 'PIECE', 'Piece'),
(2, 'GRM', 'Gramme'),
(3, 'KILO', 'Kilo'),
(4, 'BOITE', 'Boite'),
(5, 'BOTTE', 'Botte'),
(6, 'LITRE', 'Littre'),
(7, 'ML', 'Mililitre'),
(8, 'PAQUET', ''),
(18, 'ROULEAU', ''),
(19, 'CARTON', ''),
(20, 'SAC', ''),
(21, 'BOUTEILLE', ''),
(22, 'BARQUETTE', ''),
(23, 'CAGETTE', ''),
(24, 'POT', ''),
(25, 'BIDON', ''),
(26, 'CUBI', ''),
(27, 'BRIQUE', '');

-- --------------------------------------------------------

--
-- Table structure for table `report_subjects`
--

CREATE TABLE IF NOT EXISTS `report_subjects` (
  `id` int(11) NOT NULL AUTO_INCREMENT,
  `name` text NOT NULL,
  `text` text NOT NULL,
  `bu_id` mediumint(8) DEFAULT NULL,
  PRIMARY KEY (`id`),
  KEY `bu_id` (`bu_id`)
) ENGINE=InnoDB  DEFAULT CHARSET=latin1 AUTO_INCREMENT=10 ;

--
-- Dumping data for table `report_subjects`
--

INSERT INTO `report_subjects` (`id`, `name`, `text`, `bu_id`) VALUES
(1, 'Entretien collaborateur', '<h1>Liste des points</h1>\n<hr />\n<ul><li>Comment tu te sens chez Hank</li></ul>\n<p>Aspects qui te plaisent le plus</p> \n<p>...</p>\n<p>Points qui pourraient être améliorés</ul>\n<p>...</p>\n<hr />\n<ul><li>Comment tu travailles chez Hank</li></ul>\n<p>Avis collaborateur (points maîtrisés et points à travailler)</p> \n<p>...</p>\n<p>Avis manager (points maîtrisés et points à travailler)</p> \n<p>...</p>\n<hr />\n<ul><li>Tes relations avec l’équipe</li></ul> \n<p>Avis collaborateur (points maîtrisés et points à travailler)</p> \n<p>...</p>\n<p>Avis manager (points maîtrisés et points à travailler)</p> \n<p>...</p>\n<hr />\n<ul><li>Point sur skills</li></ul>\n <p>...</p>\n<hr />\n<ul><li>Demande particulière</li></ul>\n <p>...</p>\n<hr />\n<ul><li>Suggestion d''amélioration pour la société</li></ul>\n<p>...</p>\n\n\n', 1),
(2, 'Réunion hebdomadaire managers', '<h1>\r\n Liste des points</h1>\r\n<ul>\r\n <li>\r\n  Staff</li>\r\n</ul>\r\n<p>\r\n ...</p>\r\n<ul>\r\n <li>\r\n  Check manager WE + close</li>\r\n</ul>\r\n<p>\r\n ...</p>\r\n<ul>\r\n <li>\r\n  Check Humanity shift à valider + planning 1 mois à l''avance</li>\r\n</ul>\r\n<p>\r\n ...</p>\r\n<ul>\r\n <li>\r\n  Stock (steak, pochette frite, emballage burger, potatoes, pain)</li>\r\n</ul>\r\n<p>\r\n ...</p>\r\n\r\n<ul>\r\n <li>\r\n  Check FIFO & pertes </li>\r\n</ul>\r\n<p>\r\n ...</p>\r\n\r\n<ul>\r\n <li>\r\n  Retour fournisseur</li>\r\n</ul>\r\n<p>\r\n ...</p>\r\n\r\n<ul>\r\n <li>\r\n  Reminder</li>\r\n</ul>\r\n<p>\r\n ...</p>\r\n<ul>\r\n <li>\r\n  Check close caisse</li>\r\n</ul>\r\n<p>\r\n ...</p>\r\n<ul>\r\n <li>\r\n  Board mois précédent (si début de mois)</li>\r\n</ul>\r\n<p>\r\n ...</p>\r\n<ul>\r\n <li>\r\n  Calendrier fin de PE, besoin en recrutement </li>\r\n</ul>\r\n<p>\r\n ...</p>\r\n<ul>\r\n <li>\r\n  Skills</li>\r\n</ul>\r\n<p>\r\n ...</p>\r\n\r\n<ul>\r\n <li>\r\n  Redmine</li>\r\n</ul>\r\n<p>\r\n ...</p>\r\n\r\n<ul>\r\n <li>\r\n  CR précédent</li>\r\n</ul>\r\n<p>\r\n ...</p>\r\n\r\n<ul>\r\n <li>\r\n  Tour de tables : nouveauté, nouvelle idée, chose bien, probleme rencontré ...</li>\r\n</ul>\r\n<p>\r\n ...</p>\r\n\r\n<ul>\r\n <li>\r\n  Points réseaux, événements à venir ...</li>\r\n</ul>\r\n<p>\r\n ...</p>\r\n\r\n\r\n<ul>\r\n <li>\r\n  TODO</li>\r\n</ul>\r\n<p>\r\n ...</p>\r\n', 1),
(3, 'Réunion hebdomadaire managers', '<h1>\r\n Liste des points</h1>\r\n<ul>\r\n <li>\r\n  Staff</li>\r\n</ul>\r\n<p>\r\n ...</p>\r\n<ul>\r\n <li>\r\n  Check manager shift CUISINE + WE + close</li>\r\n</ul>\r\n<p>\r\n ...</p>\r\n<ul>\r\n <li>\r\n  Check Humanity shift à valider + planning 1 mois à l''avance</li>\r\n</ul>\r\n<p>\r\n ...</p>\r\n<ul>\r\n <li>\r\n  Stock (pate a pizza / fromage / tofu)</li>\r\n</ul>\r\n<p>\r\n ...</p>\r\n\r\n<ul>\r\n <li>\r\n  Check FIFO & pertes </li>\r\n</ul>\r\n<p>\r\n ...</p>\r\n\r\n<ul>\r\n <li>\r\n  Retour fournisseur</li>\r\n</ul>\r\n<p>\r\n ...</p>\r\n\r\n<ul>\r\n <li>\r\n  Reminder</li>\r\n</ul>\r\n<p>\r\n ...</p>\r\n\r\n<ul>\r\n <li>\r\n  Check close caisse</li>\r\n</ul>\r\n<p>\r\n ...</p>\r\n<ul>\r\n <li>\r\n  Board mois précédent (si début de mois)</li>\r\n</ul>\r\n<p>\r\n ...</p>\r\n<ul>\r\n <li>\r\n  Calendrier fin de PE, besoin en recrutement </li>\r\n</ul>\r\n<p>\r\n ...</p>\r\n<ul>\r\n <li>\r\n  Skills</li>\r\n</ul>\r\n<p>\r\n ...</p>\r\n\r\n<ul>\r\n <li>\r\n  CR précédent</li>\r\n</ul>\r\n<p>\r\n ...</p>\r\n\r\n<ul>\r\n <li>\r\n  Redmine</li>\r\n</ul>\r\n<p>\r\n ...</p>\r\n\r\n<ul>\r\n <li>\r\n  Tour de tables : nouveauté, nouvelle idée, chose bien, probleme rencontré ...</li>\r\n</ul>\r\n<p>\r\n ...</p>\r\n\r\n<ul>\r\n <li>\r\n  Points réseaux, événements à venir ...</li>\r\n</ul>\r\n<p>\r\n ...</p>\r\n\r\n\r\n<ul>\r\n <li>\r\n  TODO</li>\r\n</ul>\r\n<p>\r\n ...</p>\r\n\r\n', 2),
(4, 'Réunion au sommet', '<li>Review des chiffres</li>\n<p>...</p>\n<li>Review des décisions à prendre ensemble (Redmine)</li>\n<p>...</p>\n<h2>RIDA</h2>\n<li>Information </li>\n<p>...</p>\n<li>Décision</li>\n<p>...</p>\n<li>Actions</li>\n<p>...</p>', 2),
(5, 'Entretien collaborateur', '<h1>Liste des points</h1>\n<hr />\n<ul><li>Comment tu te sens chez Hank</li></ul>\n<p>Aspects qui te plaisent le plus</p> \n<p>...</p>\n<p>Points qui pourraient être améliorés</ul>\n<p>...</p>\n<hr />\n<ul><li>Comment tu travailles chez Hank</li></ul>\n<p>Avis collaborateur (points maîtrisés et points à travailler)</p> \n<p>...</p>\n<p>Avis manager (points maîtrisés et points à travailler)</p> \n<p>...</p>\n<hr />\n<ul><li>Tes relations avec l’équipe</li></ul> \n<p>Avis collaborateur (points maîtrisés et points à travailler)</p> \n<p>...</p>\n<p>Avis manager (points maîtrisés et points à travailler)</p> \n<p>...</p>\n<hr />\n<ul><li>Point sur skills</li></ul>\n <p>...</p>\n<hr />\n<ul><li>Demande particulière</li></ul>\n <p>...</p>\n<hr />\n<ul><li>Suggestion d''amélioration pour la société</li></ul>\n<p>...</p>', 2),
(6, 'Entretien collaborateur', '<h1>Liste des points</h1>\r\n<hr />\r\n<ul><li>Comment tu te sens chez Hank</li></ul>\r\n<p>Aspects qui te plaisent le plus</p> \r\n<p>...</p>\r\n<p>Points qui pourraient être améliorés</ul>\r\n<p>...</p>\r\n<hr />\r\n<ul><li>Comment tu travailles chez Hank</li></ul>\r\n<p>Avis collaborateur (points maîtrisés et points à travailler)</p> \r\n<p>...</p>\r\n<p>Avis manager (points maîtrisés et points à travailler)</p> \r\n<p>...</p>\r\n<hr />\r\n<ul><li>Tes relations avec l’équipe</li></ul> \r\n<p>Avis collaborateur (points maîtrisés et points à travailler)</p> \r\n<p>...</p>\r\n<p>Avis manager (points maîtrisés et points à travailler)</p> \r\n<p>...</p>\r\n<hr />\r\n<ul><li>Point sur skills</li></ul>\r\n <p>...</p>\r\n<hr />\r\n<ul><li>Demande particulière</li></ul>\r\n <p>...</p>\r\n<hr />\r\n<ul><li>Suggestion d''amélioration pour la société</li></ul>\r\n<p>...</p>\r\n\r\n\r\n', 3),
(7, 'Réunion hebdomadaire managers', '<h1>\r\n Liste des points</h1>\r\n<ul>\r\n <li>\r\n  Staff</li>\r\n</ul>\r\n<p>\r\n ...</p>\r\n<ul>\r\n <li>\r\n  Check manager WE + close</li>\r\n</ul>\r\n<p>\r\n ...</p>\r\n<ul>\r\n <li>\r\n  Check Humanity shift à valider + planning 1 mois à l''avance</li>\r\n</ul>\r\n<p>\r\n ...</p>\r\n<ul>\r\n <li>\r\n  Stock (steak, pochette frite, emballage burger, potatoes, pain)</li>\r\n</ul>\r\n<p>\r\n ...</p>\r\n\r\n<ul>\r\n <li>\r\n  Check FIFO & pertes </li>\r\n</ul>\r\n<p>\r\n ...</p>\r\n\r\n<ul>\r\n <li>\r\n  Retour fournisseur</li>\r\n</ul>\r\n<p>\r\n ...</p>\r\n\r\n<ul>\r\n <li>\r\n  Reminder</li>\r\n</ul>\r\n<p>\r\n ...</p>\r\n<ul>\r\n <li>\r\n  Check close caisse</li>\r\n</ul>\r\n<p>\r\n ...</p>\r\n<ul>\r\n <li>\r\n  Board mois précédent (si début de mois)</li>\r\n</ul>\r\n<p>\r\n ...</p>\r\n<ul>\r\n <li>\r\n  Calendrier fin de PE, besoin en recrutement </li>\r\n</ul>\r\n<p>\r\n ...</p>\r\n<ul>\r\n <li>\r\n  Skills</li>\r\n</ul>\r\n<p>\r\n ...</p>\r\n\r\n<ul>\r\n <li>\r\n  Redmine</li>\r\n</ul>\r\n<p>\r\n ...</p>\r\n\r\n<ul>\r\n <li>\r\n  CR précédent</li>\r\n</ul>\r\n<p>\r\n ...</p>\r\n\r\n<ul>\r\n <li>\r\n  Tour de tables : nouveauté, nouvelle idée, chose bien, probleme rencontré ...</li>\r\n</ul>\r\n<p>\r\n ...</p>\r\n\r\n<ul>\r\n <li>\r\n  Points réseaux, événements à venir ...</li>\r\n</ul>\r\n<p>\r\n ...</p>\r\n\r\n\r\n<ul>\r\n <li>\r\n  TODO</li>\r\n</ul>\r\n<p>\r\n ...</p>\r\n', 3),
(8, 'Entretien collaborateur', '<h1>Liste des points</h1>\r\n<hr />\r\n<ul><li>Comment tu te sens chez Hank</li></ul>\r\n<p>Aspects qui te plaisent le plus</p> \r\n<p>...</p>\r\n<p>Points qui pourraient être améliorés</ul>\r\n<p>...</p>\r\n<hr />\r\n<ul><li>Comment tu travailles chez Hank</li></ul>\r\n<p>Avis collaborateur (points maîtrisés et points à travailler)</p> \r\n<p>...</p>\r\n<p>Avis manager (points maîtrisés et points à travailler)</p> \r\n<p>...</p>\r\n<hr />\r\n<ul><li>Tes relations avec l’équipe</li></ul> \r\n<p>Avis collaborateur (points maîtrisés et points à travailler)</p> \r\n<p>...</p>\r\n<p>Avis manager (points maîtrisés et points à travailler)</p> \r\n<p>...</p>\r\n<hr />\r\n<ul><li>Point sur skills</li></ul>\r\n <p>...</p>\r\n<hr />\r\n<ul><li>Demande particulière</li></ul>\r\n <p>...</p>\r\n<hr />\r\n<ul><li>Suggestion d''amélioration pour la société</li></ul>\r\n<p>...</p>\r\n\r\n\r\n', 4),
(9, 'Réunion hebdomadaire managers', '<h1>\r\n Liste des points</h1>\r\n<ul>\r\n <li>\r\n  Staff</li>\r\n</ul>\r\n<p>\r\n ...</p>\r\n<ul>\r\n <li>\r\n  Check manager WE + close</li>\r\n</ul>\r\n<p>\r\n ...</p>\r\n<ul>\r\n <li>\r\n  Check Humanity shift à valider + planning 1 mois à l''avance</li>\r\n</ul>\r\n<p>\r\n ...</p>\r\n<ul>\r\n <li>\r\n  Stock (steak, pochette frite, emballage burger, potatoes, pain)</li>\r\n</ul>\r\n<p>\r\n ...</p>\r\n\r\n<ul>\r\n <li>\r\n  Check FIFO & pertes </li>\r\n</ul>\r\n<p>\r\n ...</p>\r\n\r\n<ul>\r\n <li>\r\n  Retour fournisseur</li>\r\n</ul>\r\n<p>\r\n ...</p>\r\n\r\n<ul>\r\n <li>\r\n  Reminder</li>\r\n</ul>\r\n<p>\r\n ...</p>\r\n<ul>\r\n <li>\r\n  Check close caisse</li>\r\n</ul>\r\n<p>\r\n ...</p>\r\n<ul>\r\n <li>\r\n  Board mois précédent (si début de mois)</li>\r\n</ul>\r\n<p>\r\n ...</p>\r\n<ul>\r\n <li>\r\n  Calendrier fin de PE, besoin en recrutement </li>\r\n</ul>\r\n<p>\r\n ...</p>\r\n<ul>\r\n <li>\r\n  Skills</li>\r\n</ul>\r\n<p>\r\n ...</p>\r\n\r\n<ul>\r\n <li>\r\n  Redmine</li>\r\n</ul>\r\n<p>\r\n ...</p>\r\n\r\n<ul>\r\n <li>\r\n  CR précédent</li>\r\n</ul>\r\n<p>\r\n ...</p>\r\n\r\n<ul>\r\n <li>\r\n  Tour de tables : nouveauté, nouvelle idée, chose bien, probleme rencontré ...</li>\r\n</ul>\r\n<p>\r\n ...</p>\r\n\r\n<ul>\r\n <li>\r\n  Points réseaux, événements à venir ...</li>\r\n</ul>\r\n<p>\r\n ...</p>\r\n\r\n\r\n<ul>\r\n <li>\r\n  TODO</li>\r\n</ul>\r\n<p>\r\n ...</p>\r\n', 4);

-- --------------------------------------------------------

--
-- Table structure for table `rmd_log`
--

CREATE TABLE IF NOT EXISTS `rmd_log` (
  `id` int(11) NOT NULL AUTO_INCREMENT,
  `id_user` int(11) unsigned DEFAULT NULL,
  `id_task` int(11) DEFAULT NULL,
  `date` datetime NOT NULL,
  PRIMARY KEY (`id`),
  KEY `id_task` (`id_task`),
  KEY `id_user` (`id_user`)
) ENGINE=InnoDB  DEFAULT CHARSET=utf8 COLLATE=utf8_unicode_ci AUTO_INCREMENT=2962 ;

-- --------------------------------------------------------

--
-- Table structure for table `rmd_meta`
--

CREATE TABLE IF NOT EXISTS `rmd_meta` (
  `id` int(11) NOT NULL AUTO_INCREMENT,
  `id_task` int(11) DEFAULT NULL,
  `start` datetime NOT NULL,
  `repeat_interval` varchar(255) NOT NULL,
  PRIMARY KEY (`id`),
  UNIQUE KEY `task_id` (`id_task`)
) ENGINE=InnoDB DEFAULT CHARSET=utf8 AUTO_INCREMENT=1 ;

-- --------------------------------------------------------

--
-- Table structure for table `rmd_notif`
--

CREATE TABLE IF NOT EXISTS `rmd_notif` (
  `id` int(11) NOT NULL AUTO_INCREMENT,
  `id_task` int(11) DEFAULT NULL,
  `start` time NOT NULL,
  `end` time NOT NULL,
  `interval` varchar(255) COLLATE utf8_unicode_ci NOT NULL,
  `last` datetime NOT NULL,
  PRIMARY KEY (`id`),
  UNIQUE KEY `id_task_2` (`id_task`),
  KEY `id_task` (`id_task`),
  KEY `id_task_3` (`id_task`)
) ENGINE=InnoDB DEFAULT CHARSET=utf8 COLLATE=utf8_unicode_ci AUTO_INCREMENT=1 ;

-- --------------------------------------------------------

--
-- Table structure for table `rmd_tasks`
--

CREATE TABLE IF NOT EXISTS `rmd_tasks` (
  `id` int(11) NOT NULL AUTO_INCREMENT,
  `task` text COLLATE utf8_unicode_ci NOT NULL,
  `comment` text COLLATE utf8_unicode_ci NOT NULL,
  `active` tinyint(1) NOT NULL,
  `priority` enum('1','2','3') COLLATE utf8_unicode_ci NOT NULL,
  `id_bu` int(11) DEFAULT NULL,
  `type` enum('service','kitchen') COLLATE utf8_unicode_ci NOT NULL DEFAULT 'service',
  PRIMARY KEY (`id`),
  KEY `id_bu` (`id_bu`)
) ENGINE=InnoDB DEFAULT CHARSET=utf8 COLLATE=utf8_unicode_ci AUTO_INCREMENT=1 ;

-- --------------------------------------------------------

--
-- Table structure for table `sales_cashmovements`
--

CREATE TABLE IF NOT EXISTS `sales_cashmovements` (
  `id` int(11) NOT NULL AUTO_INCREMENT,
  `id_pos` varchar(255) COLLATE utf8_unicode_ci NOT NULL,
  `date` timestamp NOT NULL DEFAULT '0000-00-00 00:00:00' ON UPDATE CURRENT_TIMESTAMP,
  `user` varchar(255) COLLATE utf8_unicode_ci NOT NULL,
  `amount` float NOT NULL,
  `method` varchar(255) COLLATE utf8_unicode_ci NOT NULL,
  `description` varchar(255) COLLATE utf8_unicode_ci NOT NULL,
  `archive` varchar(255) COLLATE utf8_unicode_ci NOT NULL,
  `customer` varchar(255) COLLATE utf8_unicode_ci NOT NULL,
  `type` int(11) NOT NULL,
  `id_bu` int(11) DEFAULT NULL,
  PRIMARY KEY (`id`),
  UNIQUE KEY `id_pos` (`id_pos`,`id_bu`),
  KEY `id_bu` (`id_bu`)
) ENGINE=InnoDB  DEFAULT CHARSET=utf8 COLLATE=utf8_unicode_ci AUTO_INCREMENT=2886 ;

-- --------------------------------------------------------

--
-- Table structure for table `sales_customers`
--

CREATE TABLE IF NOT EXISTS `sales_customers` (
  `id` int(11) NOT NULL AUTO_INCREMENT,
  `pos_id` varchar(255) COLLATE utf8_unicode_ci NOT NULL,
  `lastname` varchar(255) COLLATE utf8_unicode_ci NOT NULL,
  `firstname` varchar(255) COLLATE utf8_unicode_ci NOT NULL,
  `zipcode` varchar(255) COLLATE utf8_unicode_ci NOT NULL,
  `city` varchar(255) COLLATE utf8_unicode_ci NOT NULL,
  `country` varchar(255) COLLATE utf8_unicode_ci NOT NULL,
  `email` varchar(255) COLLATE utf8_unicode_ci NOT NULL,
  `phone` varchar(255) COLLATE utf8_unicode_ci NOT NULL,
  `loyalty_points` int(11) NOT NULL,
  `account` float NOT NULL,
  `balance` float NOT NULL,
  `date_created` timestamp NOT NULL DEFAULT CURRENT_TIMESTAMP ON UPDATE CURRENT_TIMESTAMP,
  `date_last_seen` timestamp NOT NULL DEFAULT '0000-00-00 00:00:00',
  `deleted` tinyint(1) NOT NULL,
  `id_bu` int(11) DEFAULT NULL,
  PRIMARY KEY (`id`),
  UNIQUE KEY `pos_id` (`pos_id`,`id_bu`),
  KEY `id_bu` (`id_bu`)
) ENGINE=InnoDB  DEFAULT CHARSET=utf8 COLLATE=utf8_unicode_ci AUTO_INCREMENT=2147483647 ;

-- --------------------------------------------------------

--
-- Table structure for table `sales_product`
--

CREATE TABLE IF NOT EXISTS `sales_product` (
  `id` int(11) NOT NULL AUTO_INCREMENT,
  `id_pos` varchar(255) COLLATE utf8_unicode_ci NOT NULL,
  `name` varchar(255) COLLATE utf8_unicode_ci NOT NULL,
  `category` varchar(255) COLLATE utf8_unicode_ci NOT NULL,
  `deleted` tinyint(1) NOT NULL,
  `last_update_stock` timestamp NOT NULL DEFAULT '0000-00-00 00:00:00',
  `id_bu` int(11) DEFAULT NULL,
  PRIMARY KEY (`id`),
  UNIQUE KEY `id_pos` (`id_pos`,`id_bu`),
  KEY `last_update_stock` (`last_update_stock`),
  KEY `deleted` (`deleted`),
  KEY `id_bu` (`id_bu`)
) ENGINE=InnoDB  DEFAULT CHARSET=utf8 COLLATE=utf8_unicode_ci AUTO_INCREMENT=187007066 ;

--
-- Dumping data for table `sales_product`
--

INSERT INTO `sales_product` (`id`, `id_pos`, `name`, `category`, `deleted`, `last_update_stock`, `id_bu`) VALUES
(1, '9B0AC897-B054-4FD3-ADDA-C9CC22B5B693', 'Without sauce', '609CE134-236E-4FA2-A534-28761DAF3E84', 1, '0000-00-00 00:00:00', 1),
(2, '9DCD81D1-DD7B-4FEB-A180-ECD89B144FA4', 'Ginger-orange bionade', '4E2082A1-1E07-47BB-90CD-C1CB2F6767F3', 1, '2016-03-09 13:03:47', 1),
(3, '4D082016-C6EC-43E3-8C12-620D7A6C302B', 'Rosée wine', 'FED47BD0-11A8-445F-87ED-14045F08DF2E', 0, '2016-03-11 13:30:30', 1),
(4, '04BDC61A-9CE4-41E5-8272-89B04DFB3D97', 'Tata Monique', '1A41C9AC-2BDA-421D-A64A-876A82F2A84F', 0, '2016-03-11 13:30:30', 1),
(5, '3CA19D95-5A59-42B9-B54C-9E352BE3F627', 'Tea', 'A50B7013-623E-48AA-9133-A587E595F844', 0, '2016-03-11 13:30:30', 1),
(6, 'C4FE067D-C0C6-4770-98D4-A61F001982AD', 'Burger extra cheese', '609CE134-236E-4FA2-A534-28761DAF3E84', 0, '2016-03-11 13:30:30', 1),
(7, '2CC9930D-5A03-4206-841B-512B060EE030', 'Potatoes', '2DC76D5E-CCA1-4627-8442-79EE6ACFFC1F', 0, '2016-03-11 13:30:30', 1),
(8, 'CAA453DE-4D81-4712-ABFD-99EC451A71AA', '', 'B3690F84-8EDA-4811-BE7F-134303521C0E', 1, '0000-00-00 00:00:00', 1),
(9, '3FEFFB66-A327-4723-8FC4-F30094129BAE', 'Without onions', '609CE134-236E-4FA2-A534-28761DAF3E84', 1, '0000-00-00 00:00:00', 1),
(10, '279C61AC-1CF8-409E-BDF6-DF886DE568A2', 'Without sauce', 'A2B43D3E-228D-4A54-8F95-7D2BEA81609E', 1, '0000-00-00 00:00:00', 1),
(11, '67BBBE30-373B-4C68-9041-D41787410B85', 'Without bread', '609CE134-236E-4FA2-A534-28761DAF3E84', 1, '0000-00-00 00:00:00', 1),
(12, 'D922B314-24F7-42D0-92FF-DD80FC341713', 'Salad of the day ', '2DC76D5E-CCA1-4627-8442-79EE6ACFFC1F', 0, '2016-03-11 13:30:30', 1),
(13, '16EE9C98-6AF8-4167-BA3E-2ACBEE03DF40', 'Without pickels', '609CE134-236E-4FA2-A534-28761DAF3E84', 1, '0000-00-00 00:00:00', 1),
(14, '6ED7ECD5-FB3C-4611-81AF-9C73A813D103', 'Elderberries bionade', '4E2082A1-1E07-47BB-90CD-C1CB2F6767F3', 1, '2016-03-09 13:03:47', 1),
(15, 'B4BBC19C-1433-442C-A6C4-0B93755AF470', 'La Catcheuse', '1A41C9AC-2BDA-421D-A64A-876A82F2A84F', 0, '2016-03-11 13:30:30', 1),
(16, '3E09B610-EE20-4035-BAF7-7661F0606EF2', 'Celtique still', '07854F5A-0DC4-4AE6-9D18-2AF4E9862304', 0, '2016-03-11 13:30:30', 1),
(17, 'EA2E7BC7-23B2-469A-8FEF-557349104201', 'Cookie', '19E864A9-7FE1-4982-989D-F930E2C50091', 0, '2016-03-11 13:30:30', 1),
(18, 'E85A8CFC-C1BE-44F7-8565-C7889C0A4DB1', 'Bionade Ginger', 'A9BC57D1-F5BD-46E6-A73C-B60FFB058D0F', 1, '0000-00-00 00:00:00', 1),
(19, '83513826-30E5-4CC7-ADB5-941E04F6F615', 'Salad coleslaw', '2DC76D5E-CCA1-4627-8442-79EE6ACFFC1F', 0, '2016-03-11 13:30:30', 1),
(20, 'A5AC638E-CF44-4CAD-9A88-3354A25D658F', 'Red wine', 'FED47BD0-11A8-445F-87ED-14045F08DF2E', 0, '2016-03-11 13:30:30', 1),
(21, '44C4E205-2ABE-42CF-B07C-D484DA761A72', 'Celtique sparkling', '07854F5A-0DC4-4AE6-9D18-2AF4E9862304', 0, '2016-03-11 13:30:30', 1),
(22, '518F9893-AD15-450C-8249-7A72A4E31F8F', 'Ketchup sauce', 'A2B43D3E-228D-4A54-8F95-7D2BEA81609E', 1, '0000-00-00 00:00:00', 1),
(23, 'EB367366-82CE-4CD6-B65C-3768FDF67DD9', 'Without red pepper', '609CE134-236E-4FA2-A534-28761DAF3E84', 1, '0000-00-00 00:00:00', 1),
(24, 'F913355C-7989-43FD-B8B3-68ECA98C8DF5', 'White wine', 'FED47BD0-11A8-445F-87ED-14045F08DF2E', 0, '2016-03-11 13:30:30', 1),
(25, 'E53F74CC-5CC2-45FE-902B-E12504BA9DE8', 'Without steak', '609CE134-236E-4FA2-A534-28761DAF3E84', 1, '0000-00-00 00:00:00', 1),
(26, 'FF93E830-5357-43C1-ABCA-DAFCA8956945', 'Without tomatoes', '609CE134-236E-4FA2-A534-28761DAF3E84', 1, '0000-00-00 00:00:00', 1),
(27, '40905174-57A8-4A2C-970A-DC5DF2AF2A82', 'Without salad', '59A13EB6-626F-4731-9688-E11E0301B285', 1, '0000-00-00 00:00:00', 1),
(28, '0802A1F1-FCCB-488E-BA41-DF996B296114', 'Gluten free bread', '609CE134-236E-4FA2-A534-28761DAF3E84', 0, '2016-03-11 13:30:30', 1),
(29, '4CC86D21-3F95-42B6-BE34-5058D42639BD', 'Coffee', 'A50B7013-623E-48AA-9133-A587E595F844', 0, '2016-03-11 13:30:30', 1),
(30, 'C453735A-62D1-49C3-8767-90A16A879AE2', 'Strawberry sorbet', '9CB446E5-E6C9-41BA-A17F-3FF0DCA4496B', 1, '0000-00-00 00:00:00', 1),
(31, '4DE5D100-82D3-4D86-B4C5-62885BAB0C10', 'Without olives', '609CE134-236E-4FA2-A534-28761DAF3E84', 1, '0000-00-00 00:00:00', 1),
(32, '67940C42-0C5D-47A9-B55A-E07E6E530B58', '', 'B3690F84-8EDA-4811-BE7F-134303521C0E', 1, '0000-00-00 00:00:00', 1),
(33, '40E4C366-5F12-45D0-958F-6AB6AC79354D', 'Mango sorbet', '9CB446E5-E6C9-41BA-A17F-3FF0DCA4496B', 1, '0000-00-00 00:00:00', 1),
(34, 'FF8DCB9A-FC2E-484D-82BE-35BA7DF8E94B', 'Kro', '59A13EB6-626F-4731-9688-E11E0301B285', 1, '0000-00-00 00:00:00', 1),
(35, '3F7758B3-0AE8-478F-B5AF-4950D282E3EC', 'Petit', 'B3690F84-8EDA-4811-BE7F-134303521C0E', 1, '0000-00-00 00:00:00', 1),
(36, 'B9F6B384-C673-4991-8E61-EC89F9B4842D', 'Juice peach ', '15D150FB-0AB2-45EC-B0E2-D82A8E919709', 0, '2016-03-11 13:30:30', 1),
(37, 'BD03FEA6-8C0B-4544-B74A-9CBCD33189DA', 'Amber beer', '59A13EB6-626F-4731-9688-E11E0301B285', 1, '2016-03-11 13:30:31', 1),
(38, 'B7FFF815-187C-4AA6-9690-1045406ABAC7', 'Formule old', '4C42A378-0103-4226-AF10-29388E4CEF55', 1, '0000-00-00 00:00:00', 1),
(39, '49080C01-D9E4-4FDB-A549-E012B0FC9667', 'Raspberry sorbet', '9CB446E5-E6C9-41BA-A17F-3FF0DCA4496B', 1, '0000-00-00 00:00:00', 1),
(40, '0561D89F-9335-4F1E-BE35-C5F087B2EFE3', 'White peach sorbet', '9CB446E5-E6C9-41BA-A17F-3FF0DCA4496B', 1, '0000-00-00 00:00:00', 1),
(41, '88D9970F-89AF-4510-B7F4-6DF6977FC181', 'Mayo sauce', 'A2B43D3E-228D-4A54-8F95-7D2BEA81609E', 1, '0000-00-00 00:00:00', 1),
(42, '004785F8-0125-471A-8649-F5A93CF5BDD7', 'Gluten free beer', '59A13EB6-626F-4731-9688-E11E0301B285', 1, '2016-03-11 13:30:31', 1),
(43, '86BD9FAB-104E-4293-939F-1986A53EB2BB', '', 'B3690F84-8EDA-4811-BE7F-134303521C0E', 1, '0000-00-00 00:00:00', 1),
(44, '408E354B-ED17-4765-BCDA-82FC9CB01A71', 'Le Touriste', '1A41C9AC-2BDA-421D-A64A-876A82F2A84F', 0, '2016-03-11 13:30:31', 1),
(45, '756E193D-4076-416D-B298-0ED6141B7D2D', 'Crumble pomme', '19E864A9-7FE1-4982-989D-F930E2C50091', 0, '2016-03-11 13:30:31', 1),
(46, 'E818D48D-879F-467D-ABB6-47F0D95F19AE', 'Bionade', '4E2082A1-1E07-47BB-90CD-C1CB2F6767F3', 0, '2016-03-11 13:30:31', 1),
(47, 'B3AD3BE6-9394-4E60-914F-001C225A6BDA', 'Cola', '15D150FB-0AB2-45EC-B0E2-D82A8E919709', 0, '2016-03-11 13:30:31', 1),
(48, '4395541F-EAB7-45B0-AFAC-FA69AC4D94E1', 'Juice', '15D150FB-0AB2-45EC-B0E2-D82A8E919709', 0, '2016-03-11 13:30:31', 1),
(49, '1E62A318-4996-41BB-8DC6-E7BB1C6773AC', 'Le Petit Nerveux', '1A41C9AC-2BDA-421D-A64A-876A82F2A84F', 0, '2016-03-11 13:30:31', 1),
(50, 'C8B25EF4-9D98-47EF-B2E6-AA84DA40E5B5', 'Blond beer', '59A13EB6-626F-4731-9688-E11E0301B285', 0, '2016-03-11 13:30:31', 1),
(51, '1C8AA85E-F481-4C31-AB28-D14F67FB9A47', 'Lemon cake', '19E864A9-7FE1-4982-989D-F930E2C50091', 0, '2016-03-11 13:30:31', 1),
(52, '4A13A61B-0A88-428E-9E32-0E84E4A737D0', 'Sans dessert', '4C42A378-0103-4226-AF10-29388E4CEF55', 1, '0000-00-00 00:00:00', 1),
(53, 'F0759AC8-868B-4A92-8588-9BA90F9892EE', 'Lemon sorbet', '9CB446E5-E6C9-41BA-A17F-3FF0DCA4496B', 1, '0000-00-00 00:00:00', 1),
(54, 'F8C472A1-7AC0-4C6A-A6EA-E7669BA71EB0', 'Coffee late', 'A50B7013-623E-48AA-9133-A587E595F844', 1, '2016-03-11 13:30:31', 1),
(55, '3F4ED4EA-0F43-4C10-AC6E-D16D799FE938', 'L''Allumé', '1A41C9AC-2BDA-421D-A64A-876A82F2A84F', 0, '2016-03-11 13:30:31', 1),
(56, 'E92891C5-9966-42C3-BD23-AF317B35C665', 'Without sauce', 'A2B43D3E-228D-4A54-8F95-7D2BEA81609E', 1, '0000-00-00 00:00:00', 1),
(57, '18AE5ED1-994C-4E26-A0C9-FB7B5A7F25AE', 'Without salad', '609CE134-236E-4FA2-A534-28761DAF3E84', 1, '0000-00-00 00:00:00', 1),
(58, 'DAA478C9-AB5B-44C3-A5E1-6E31C39C61A3', 'Carrot cake', '19E864A9-7FE1-4982-989D-F930E2C50091', 0, '2016-03-11 13:30:31', 1),
(59, '56460C6D-7420-4F84-B23D-DA736DE2C92F', 'Chocolate mousse', '19E864A9-7FE1-4982-989D-F930E2C50091', 0, '2016-03-11 13:30:31', 1),
(60, '2E37997F-3D88-4C1C-8032-8970BD688023', 'Mustard sauce', 'A2B43D3E-228D-4A54-8F95-7D2BEA81609E', 1, '0000-00-00 00:00:00', 1),
(61, '51D83AB9-A940-4DB8-BC7D-14B8998258F7', '', '4C42A378-0103-4226-AF10-29388E4CEF55', 1, '0000-00-00 00:00:00', 1),
(62, '567A78B2-1B79-4F1E-B383-D498F3F80CAA', '', '4C42A378-0103-4226-AF10-29388E4CEF55', 1, '0000-00-00 00:00:00', 1),
(63, 'BE9C4B97-14C6-49BF-A7D0-8E4A2C03EB58', '', '4C42A378-0103-4226-AF10-29388E4CEF55', 1, '0000-00-00 00:00:00', 1),
(64, '0C0DFF0A-079A-494C-BADF-9862B5DE45D2', 'Formule jl', '4C42A378-0103-4226-AF10-29388E4CEF55', 1, '0000-00-00 00:00:00', 1),
(65, 'E441BA41-70EB-494A-8A66-22D4522D26A4', 'Menu burger', '4C42A378-0103-4226-AF10-29388E4CEF55', 0, '2016-03-11 13:30:31', 1),
(66, '4323AEEC-793B-4992-B135-69DC893C7DC1', 'Sans dessert', '4C42A378-0103-4226-AF10-29388E4CEF55', 1, '0000-00-00 00:00:00', 1),
(67, '618820B4-4775-4DD2-AF7D-66F17B7498FE', 'Petit menu', '4C42A378-0103-4226-AF10-29388E4CEF55', 0, '2016-03-11 13:30:31', 1),
(68, 'E3E3229B-CCCE-4749-BB2E-1057279D7B1A', 'Extra spice', '609CE134-236E-4FA2-A534-28761DAF3E84', 1, '2016-03-11 13:30:31', 1),
(69, '6BDBE0D2-B551-4D92-A900-FC43CD5E0819', 'Without alfalfa', '609CE134-236E-4FA2-A534-28761DAF3E84', 1, '0000-00-00 00:00:00', 1),
(70, 'A8070C5A-FAED-444F-8D50-2B52F3FDE942', 'Petit menu A', '4C42A378-0103-4226-AF10-29388E4CEF55', 0, '2016-03-11 13:30:32', 1),
(71, '7849E6E6-CD24-4319-904E-340346E46393', 'Grand menu A', '4C42A378-0103-4226-AF10-29388E4CEF55', 0, '2016-03-11 13:30:32', 1),
(72, 'DCCA77D7-A369-4D86-A667-7891EB78BB5A', 'Dessert day', 'E8CAE7CB-E12F-4D5A-9F58-41E7EA7E36BC', 0, '2016-03-11 13:30:32', 1),
(73, 'C13D4B15-CF68-41F6-9153-6A25F9A7A6BE', 'Vegusto no-muh bloc', '609CE134-236E-4FA2-A534-28761DAF3E84', 0, '2016-03-11 13:30:32', 1),
(74, '1CD7A504-FF7D-4A9C-A6FC-986DC1E4ED1C', 'Parmesan', '609CE134-236E-4FA2-A534-28761DAF3E84', 1, '2016-03-11 13:30:32', 1),
(75, '0610CE03-B05D-4AB7-9A28-67C7FF05A7C6', 'Dessert in menu', '609CE134-236E-4FA2-A534-28761DAF3E84', 0, '2016-03-11 13:30:32', 1),
(76, 'B819C983-34C7-44DC-8324-6E85C20AB814', 'Extra cheese', '609CE134-236E-4FA2-A534-28761DAF3E84', 1, '2016-03-11 13:30:32', 1),
(77, '72815589-C794-4C27-A4FA-8281A617EB4D', 'Cocktail', 'FED47BD0-11A8-445F-87ED-14045F08DF2E', 0, '2016-03-11 13:30:32', 1),
(78, '9F81865C-D1D2-4AEB-ACDF-72D9B18A8AD9', 'Soupe/gazpacho', '2DC76D5E-CCA1-4627-8442-79EE6ACFFC1F', 0, '2016-03-11 13:30:32', 1),
(79, 'B95C4250-F1B3-47AA-9C71-BDD79D8E4D5B', 'Dessert later', '19E864A9-7FE1-4982-989D-F930E2C50091', 0, '2016-03-11 13:30:32', 1),
(80, 'E2FE9E0F-2452-4116-80C9-E4F1B681001E', 'DRINK IN MENU', '609CE134-236E-4FA2-A534-28761DAF3E84', 0, '2016-03-11 13:30:32', 1),
(81, '0A17BB7A-47C7-4009-AE84-2872D22A4FF1', 'Juice orange', '15D150FB-0AB2-45EC-B0E2-D82A8E919709', 0, '2016-03-11 13:30:32', 1),
(82, 'F09937AA-18A9-4675-9BC9-3042648C88D2', 'Water glass', 'B3690F84-8EDA-4811-BE7F-134303521C0E', 0, '2016-03-11 13:30:32', 1),
(83, '475B1BD2-8689-4EF0-97AA-745B2533ADCE', 'Potatoes', '2DC76D5E-CCA1-4627-8442-79EE6ACFFC1F', 1, '2016-03-09 13:03:47', 1),
(84, 'D326FD06-B9CC-45B4-A08C-B0EB77D72956', 'Sorbet', '19E864A9-7FE1-4982-989D-F930E2C50091', 0, '2016-03-11 13:30:32', 1),
(85, '327C1826-5F79-4B5B-964F-F2F7794AB68C', 'Pot mayo', '609CE134-236E-4FA2-A534-28761DAF3E84', 0, '2016-03-11 13:30:32', 1),
(86, '26523F00-9751-47FD-9752-BB04624AD9B8', 'Perso', '1A41C9AC-2BDA-421D-A64A-876A82F2A84F', 0, '2016-03-11 13:30:32', 1),
(87, '2B4F4056-CD71-48BF-A8DA-95575364F8C6', 'Consos staff', '609CE134-236E-4FA2-A534-28761DAF3E84', 0, '2016-03-11 13:30:32', 1),
(88, 'B8DCB433-A43D-4C48-8DE2-03F32D90B95F', 'Extra steak', '609CE134-236E-4FA2-A534-28761DAF3E84', 1, '2016-03-11 13:30:32', 1),
(89, 'B1BE88CF-B34C-47CA-BB98-C492614325FF', 'Sac HANK', '609CE134-236E-4FA2-A534-28761DAF3E84', 0, '2016-03-11 13:30:32', 1),
(90, '5B0D44BD-315C-417E-A7E3-15B36E7758CD', '', 'B3690F84-8EDA-4811-BE7F-134303521C0E', 1, '0000-00-00 00:00:00', 1),
(91, '4708D8EB-0916-4446-97AB-4E64FB63F22A', 'Juice apple ', '15D150FB-0AB2-45EC-B0E2-D82A8E919709', 0, '2016-03-11 13:30:33', 1),
(92, '57189C8E-1770-4310-96A4-214690D8274A', 'Juice multi', '15D150FB-0AB2-45EC-B0E2-D82A8E919709', 0, '2016-03-11 13:30:33', 1),
(93, '588C8B8B-290F-4489-B13C-1B2741EF7D62', 'ST-BEER', '59A13EB6-626F-4731-9688-E11E0301B285', 1, '2016-03-11 13:30:33', 1),
(94, 'BF6D9471-0544-487E-90E9-CD6BAE557802', 'ST-MOUSSE-CHOCO', '19E864A9-7FE1-4982-989D-F930E2C50091', 1, '2016-03-11 13:30:33', 1),
(95, '829F60B0-E6B4-49AC-958E-35C7B0AA5357', 'ST-FRUIT-JUICE', 'C5F9151E-43A7-4126-A2B7-AE466FBD2970', 0, '2016-03-11 13:30:33', 1),
(96, '009B26D6-6586-4E61-9BD2-8380DB74C4F5', 'MT-THE', 'C5F9151E-43A7-4126-A2B7-AE466FBD2970', 0, '2016-03-11 13:30:33', 1),
(97, 'E87B7135-1C86-469F-BE11-F11A9EC2E55F', 'ST-COOKIE', '19E864A9-7FE1-4982-989D-F930E2C50091', 1, '2016-03-11 13:30:33', 1),
(98, '1E0C5498-1828-4F2F-ADFF-D3511D7DAAAB', 'MT-CAFE', 'C5F9151E-43A7-4126-A2B7-AE466FBD2970', 0, '2016-03-11 13:30:33', 1),
(99, 'EC0CFA1F-575F-490C-906C-457FBC3351F6', 'ST-CARROT-CAKE', '19E864A9-7FE1-4982-989D-F930E2C50091', 1, '2016-03-11 13:30:33', 1),
(100, '27F94C1A-C0BA-4FDE-8F47-1CB5DC5F9400', 'ST-WATER SPARKLING', 'C5F9151E-43A7-4126-A2B7-AE466FBD2970', 0, '2016-03-11 13:30:33', 1),
(101, 'CB241284-4B20-4777-ADAE-E761BF81AF02', 'ST-COLA', 'C5F9151E-43A7-4126-A2B7-AE466FBD2970', 0, '2016-03-11 13:30:33', 1),
(102, 'B1183C49-BB21-4C9C-AB4D-5F4A90011635', 'ST-POT MAYO', 'C5F9151E-43A7-4126-A2B7-AE466FBD2970', 0, '2016-03-11 13:30:33', 1),
(103, 'E5C0CBE2-E158-4BC0-9ED6-F5FF5A664D3A', 'ST-GLUTENFREE-BREAD', 'C5F9151E-43A7-4126-A2B7-AE466FBD2970', 0, '2016-03-11 13:30:33', 1),
(104, '425A74E7-406A-4CAB-9393-F0E02132A178', 'ST-BURGER', '1A41C9AC-2BDA-421D-A64A-876A82F2A84F', 1, '2016-03-11 13:30:33', 1),
(105, '50854038-0664-46A0-AD4C-995A030F6F93', 'ST-BIONADE', 'C5F9151E-43A7-4126-A2B7-AE466FBD2970', 0, '2016-03-11 13:30:33', 1),
(106, '2D4C5805-BB1F-412F-8C73-854E5B492DD2', 'ST-SIDE', '2DC76D5E-CCA1-4627-8442-79EE6ACFFC1F', 1, '2016-03-11 13:30:33', 1),
(107, '21BCA5F8-6A98-46B0-B12E-3EBE0EB36A85', 'ST-SAUCE', '609CE134-236E-4FA2-A534-28761DAF3E84', 1, '2016-03-11 13:30:34', 1),
(108, 'AE8DD39E-AE8F-45A7-962D-A71581838658', 'ST-BREAD-FRESH', '609CE134-236E-4FA2-A534-28761DAF3E84', 1, '2016-03-11 13:30:34', 1),
(109, '65779B6B-8E05-4AB0-BD1F-F6EBAE33FD78', 'ST-STEAK', '609CE134-236E-4FA2-A534-28761DAF3E84', 1, '2016-03-11 13:30:34', 1),
(110, '1C9F03C4-28DD-485A-9300-5EBE6DBF2AB2', 'ST-VEGUSTO-BATON-1', 'C5F9151E-43A7-4126-A2B7-AE466FBD2970', 0, '2016-03-11 13:30:34', 1),
(111, '97B35877-50C2-4DAC-9741-28FCDD51CE93', 'ST-SOY MILK', 'C5F9151E-43A7-4126-A2B7-AE466FBD2970', 0, '2016-03-11 13:30:34', 1),
(9658, 'F81C32E5-2274-4C31-96CA-EEFEA3364B87', 'Bionade elderberries', '4E2082A1-1E07-47BB-90CD-C1CB2F6767F3', 0, '2016-03-11 13:30:34', 1),
(9659, 'F78271D3-75A4-4970-9027-600CBEB6C646', 'Bionade ginger-orange ', '4E2082A1-1E07-47BB-90CD-C1CB2F6767F3', 0, '2016-03-11 13:30:34', 1),
(9660, '8B1CB32F-0831-4D36-981D-B20A914C7B67', 'Bionade ochardfruits ', '4E2082A1-1E07-47BB-90CD-C1CB2F6767F3', 0, '2016-03-11 13:30:34', 1),
(10117, '6368D20A-9CBF-4473-A972-BDCC75139351', 'Juice abricot ', '59A13EB6-626F-4731-9688-E11E0301B285', 0, '2016-03-11 13:30:34', 1),
(166748, '44317003-45B0-45EE-9A8B-973CE38409AE', 'Steak Resto x18', '609CE134-236E-4FA2-A534-28761DAF3E84', 0, '0000-00-00 00:00:00', 1),
(2069729, '0344CBE7-B74D-48B6-B2F2-F42A30334A50', 'Happy four À', '4C42A378-0103-4226-AF10-29388E4CEF55', 1, '0000-00-00 00:00:00', 1),
(2069730, '423E93DB-CACF-4924-8EF2-C66D8F8CB0C4', '', '4C42A378-0103-4226-AF10-29388E4CEF55', 1, '0000-00-00 00:00:00', 1),
(2069731, '2BB84D99-3CD5-435B-BF2C-490560CD1A46', 'Happy four', '4C42A378-0103-4226-AF10-29388E4CEF55', 1, '0000-00-00 00:00:00', 1),
(2069851, '09ECC123-32F4-4989-B939-D0F1FFD58AC9', '', '4C42A378-0103-4226-AF10-29388E4CEF55', 1, '0000-00-00 00:00:00', 1),
(2070572, 'BAB45246-2D51-451B-B636-44B39596BDA3', 'Happy four A', '4C42A378-0103-4226-AF10-29388E4CEF55', 1, '0000-00-00 00:00:00', 1),
(2070573, 'C55E0C38-C3FC-4D5D-B0E5-50ADCE1DFDE0', 'Happy four ', '4C42A378-0103-4226-AF10-29388E4CEF55', 1, '0000-00-00 00:00:00', 1),
(2073136, '4AD71DD2-8BA9-4854-B2D3-7E8139E717B9', 'Menu happy four', '4C42A378-0103-4226-AF10-29388E4CEF55', 0, '0000-00-00 00:00:00', 1),
(2073506, '07255EF0-F25F-4892-B02E-06505A5202E8', 'Happy four A', '4C42A378-0103-4226-AF10-29388E4CEF55', 0, '0000-00-00 00:00:00', 1),
(2540367, 'AB83C3C6-A9C5-4F0A-B7B3-F5A9FCB17055', 'ST-TORTILLA SAC', 'C5F9151E-43A7-4126-A2B7-AE466FBD2970', 1, '0000-00-00 00:00:00', 1),
(4482618, '245F5125-796A-46DC-A01A-5498AC8BCC5A', 'Ketchup sauce', '609CE134-236E-4FA2-A534-28761DAF3E84', 0, '0000-00-00 00:00:00', 1),
(4482619, '09856A12-4B4D-4C2D-96FF-D1636DAF7448', 'Mustard sauce', '609CE134-236E-4FA2-A534-28761DAF3E84', 0, '0000-00-00 00:00:00', 1),
(4482620, '1EF589BD-002E-40F2-B203-7A6BEF9C1C1D', 'Veganaise sauce', '609CE134-236E-4FA2-A534-28761DAF3E84', 0, '0000-00-00 00:00:00', 1),
(5818173, 'E441BA41-70EB-494A-8A66-22D4522D26A4', 'Menu burger', '4C42A378-0103-4226-AF10-29388E4CEF55', 1, '0000-00-00 00:00:00', 2),
(5818174, 'B95C4250-F1B3-47AA-9C71-BDD79D8E4D5B', 'Dessert later', '19E864A9-7FE1-4982-989D-F930E2C50091', 1, '0000-00-00 00:00:00', 2),
(5818175, '3F7758B3-0AE8-478F-B5AF-4950D282E3EC', 'Petit', 'B3690F84-8EDA-4811-BE7F-134303521C0E', 1, '0000-00-00 00:00:00', 2),
(5818176, '09856A12-4B4D-4C2D-96FF-D1636DAF7448', 'Mustard sauce', '609CE134-236E-4FA2-A534-28761DAF3E84', 1, '0000-00-00 00:00:00', 2),
(5818177, '1C9F03C4-28DD-485A-9300-5EBE6DBF2AB2', 'ST-VEGUSTO-BATON-1', '609CE134-236E-4FA2-A534-28761DAF3E84', 1, '0000-00-00 00:00:00', 2),
(5818178, '4323AEEC-793B-4992-B135-69DC893C7DC1', 'Sans dessert', '4C42A378-0103-4226-AF10-29388E4CEF55', 1, '0000-00-00 00:00:00', 2),
(5818179, 'B7FFF815-187C-4AA6-9690-1045406ABAC7', 'Formule old', '4C42A378-0103-4226-AF10-29388E4CEF55', 1, '0000-00-00 00:00:00', 2),
(5818180, 'A5AC638E-CF44-4CAD-9A88-3354A25D658F', 'Red wine', 'FED47BD0-11A8-445F-87ED-14045F08DF2E', 1, '0000-00-00 00:00:00', 2),
(5818181, '40E4C366-5F12-45D0-958F-6AB6AC79354D', 'Mango sorbet', '9CB446E5-E6C9-41BA-A17F-3FF0DCA4496B', 1, '0000-00-00 00:00:00', 2),
(5818182, '1EF589BD-002E-40F2-B203-7A6BEF9C1C1D', 'Veganaise sauce', '609CE134-236E-4FA2-A534-28761DAF3E84', 1, '0000-00-00 00:00:00', 2),
(5818183, 'C4FE067D-C0C6-4770-98D4-A61F001982AD', 'Vegan cheese', '609CE134-236E-4FA2-A534-28761DAF3E84', 1, '0000-00-00 00:00:00', 2),
(5818184, '3F4ED4EA-0F43-4C10-AC6E-D16D799FE938', 'L''Allumé', '1A41C9AC-2BDA-421D-A64A-876A82F2A84F', 1, '0000-00-00 00:00:00', 2),
(5818185, '1C8AA85E-F481-4C31-AB28-D14F67FB9A47', 'Lemon cake', '19E864A9-7FE1-4982-989D-F930E2C50091', 1, '0000-00-00 00:00:00', 2),
(5818186, '1E62A318-4996-41BB-8DC6-E7BB1C6773AC', 'Le Petit Nerveux', '1A41C9AC-2BDA-421D-A64A-876A82F2A84F', 1, '0000-00-00 00:00:00', 2),
(5818187, '27F94C1A-C0BA-4FDE-8F47-1CB5DC5F9400', 'ST-SPARKLING', '07854F5A-0DC4-4AE6-9D18-2AF4E9862304', 1, '0000-00-00 00:00:00', 2),
(5818188, '88D9970F-89AF-4510-B7F4-6DF6977FC181', 'Mayo sauce', 'A2B43D3E-228D-4A54-8F95-7D2BEA81609E', 1, '0000-00-00 00:00:00', 2),
(5818189, 'E87B7135-1C86-469F-BE11-F11A9EC2E55F', 'ST-COOKIE', '19E864A9-7FE1-4982-989D-F930E2C50091', 1, '0000-00-00 00:00:00', 2),
(5818190, '04BDC61A-9CE4-41E5-8272-89B04DFB3D97', 'Tata Monique', '1A41C9AC-2BDA-421D-A64A-876A82F2A84F', 1, '0000-00-00 00:00:00', 2),
(5818191, '67BBBE30-373B-4C68-9041-D41787410B85', 'Without bread', '609CE134-236E-4FA2-A534-28761DAF3E84', 1, '0000-00-00 00:00:00', 2),
(5818192, '21BCA5F8-6A98-46B0-B12E-3EBE0EB36A85', 'ST-SAUCE', '609CE134-236E-4FA2-A534-28761DAF3E84', 1, '0000-00-00 00:00:00', 2),
(5818193, 'FF8DCB9A-FC2E-484D-82BE-35BA7DF8E94B', 'Kro', '59A13EB6-626F-4731-9688-E11E0301B285', 1, '0000-00-00 00:00:00', 2),
(5818194, '8B1CB32F-0831-4D36-981D-B20A914C7B67', 'Bionade ochardfruits ', '4E2082A1-1E07-47BB-90CD-C1CB2F6767F3', 1, '0000-00-00 00:00:00', 2),
(5818195, '3FEFFB66-A327-4723-8FC4-F30094129BAE', 'Without onions', '609CE134-236E-4FA2-A534-28761DAF3E84', 1, '0000-00-00 00:00:00', 2),
(5818196, '618820B4-4775-4DD2-AF7D-66F17B7498FE', 'Petit menu', '4C42A378-0103-4226-AF10-29388E4CEF55', 1, '0000-00-00 00:00:00', 2),
(5818197, '56460C6D-7420-4F84-B23D-DA736DE2C92F', 'Chocolate mousse', '19E864A9-7FE1-4982-989D-F930E2C50091', 1, '0000-00-00 00:00:00', 2),
(5818198, '72815589-C794-4C27-A4FA-8281A617EB4D', 'Cocktail', 'FED47BD0-11A8-445F-87ED-14045F08DF2E', 1, '0000-00-00 00:00:00', 2),
(5818199, '2B4F4056-CD71-48BF-A8DA-95575364F8C6', 'Consos staff', '609CE134-236E-4FA2-A534-28761DAF3E84', 1, '0000-00-00 00:00:00', 2),
(5818200, '6BDBE0D2-B551-4D92-A900-FC43CD5E0819', 'Without alfalfa', '609CE134-236E-4FA2-A534-28761DAF3E84', 1, '0000-00-00 00:00:00', 2),
(5818201, '0610CE03-B05D-4AB7-9A28-67C7FF05A7C6', 'Dessert in menu', '609CE134-236E-4FA2-A534-28761DAF3E84', 1, '0000-00-00 00:00:00', 2),
(5818202, 'E2FE9E0F-2452-4116-80C9-E4F1B681001E', 'DRINK IN MENU', '609CE134-236E-4FA2-A534-28761DAF3E84', 1, '0000-00-00 00:00:00', 2),
(5818203, '2BB84D99-3CD5-435B-BF2C-490560CD1A46', 'Happy four', '4C42A378-0103-4226-AF10-29388E4CEF55', 1, '0000-00-00 00:00:00', 2),
(5818204, 'B8DCB433-A43D-4C48-8DE2-03F32D90B95F', 'Extra steak', '609CE134-236E-4FA2-A534-28761DAF3E84', 1, '0000-00-00 00:00:00', 2),
(5818205, 'E3E3229B-CCCE-4749-BB2E-1057279D7B1A', 'Extra spice', '609CE134-236E-4FA2-A534-28761DAF3E84', 1, '0000-00-00 00:00:00', 2),
(5818206, '09ECC123-32F4-4989-B939-D0F1FFD58AC9', '', '4C42A378-0103-4226-AF10-29388E4CEF55', 1, '0000-00-00 00:00:00', 2),
(5818207, '6ED7ECD5-FB3C-4611-81AF-9C73A813D103', 'Elderberries bionade', '4E2082A1-1E07-47BB-90CD-C1CB2F6767F3', 1, '0000-00-00 00:00:00', 2),
(5818208, 'D326FD06-B9CC-45B4-A08C-B0EB77D72956', 'Sorbet', '19E864A9-7FE1-4982-989D-F930E2C50091', 1, '0000-00-00 00:00:00', 2),
(5818209, 'C13D4B15-CF68-41F6-9153-6A25F9A7A6BE', 'Vegusto no-muh', '609CE134-236E-4FA2-A534-28761DAF3E84', 1, '0000-00-00 00:00:00', 2),
(5818210, '3E09B610-EE20-4035-BAF7-7661F0606EF2', 'Celtique still', '07854F5A-0DC4-4AE6-9D18-2AF4E9862304', 1, '0000-00-00 00:00:00', 2),
(5818211, 'BF6D9471-0544-487E-90E9-CD6BAE557802', 'ST-MOUSSE-CHOCO', '19E864A9-7FE1-4982-989D-F930E2C50091', 1, '0000-00-00 00:00:00', 2),
(5818212, '1E0C5498-1828-4F2F-ADFF-D3511D7DAAAB', 'ST-CAFE', 'A50B7013-623E-48AA-9133-A587E595F844', 1, '0000-00-00 00:00:00', 2),
(5818213, 'CB241284-4B20-4777-ADAE-E761BF81AF02', 'ST-COLA', '4E2082A1-1E07-47BB-90CD-C1CB2F6767F3', 1, '0000-00-00 00:00:00', 2),
(5818214, '425A74E7-406A-4CAB-9393-F0E02132A178', 'ST-BURGER', '1A41C9AC-2BDA-421D-A64A-876A82F2A84F', 1, '0000-00-00 00:00:00', 2),
(5818215, '4DE5D100-82D3-4D86-B4C5-62885BAB0C10', 'Without olives', '609CE134-236E-4FA2-A534-28761DAF3E84', 1, '0000-00-00 00:00:00', 2),
(5818216, '44317003-45B0-45EE-9A8B-973CE38409AE', 'Steak Resto x16', '609CE134-236E-4FA2-A534-28761DAF3E84', 1, '0000-00-00 00:00:00', 2),
(5818217, '7849E6E6-CD24-4319-904E-340346E46393', 'Grand menu A', '4C42A378-0103-4226-AF10-29388E4CEF55', 1, '0000-00-00 00:00:00', 2),
(5818218, 'F0759AC8-868B-4A92-8588-9BA90F9892EE', 'Lemon sorbet', '9CB446E5-E6C9-41BA-A17F-3FF0DCA4496B', 1, '0000-00-00 00:00:00', 2),
(5818219, '83513826-30E5-4CC7-ADB5-941E04F6F615', 'Salad coleslaw', '2DC76D5E-CCA1-4627-8442-79EE6ACFFC1F', 1, '0000-00-00 00:00:00', 2),
(5818220, 'C453735A-62D1-49C3-8767-90A16A879AE2', 'Strawberry sorbet', '9CB446E5-E6C9-41BA-A17F-3FF0DCA4496B', 1, '0000-00-00 00:00:00', 2),
(5818221, 'E818D48D-879F-467D-ABB6-47F0D95F19AE', 'Bionade', '4E2082A1-1E07-47BB-90CD-C1CB2F6767F3', 1, '0000-00-00 00:00:00', 2),
(5818222, 'E53F74CC-5CC2-45FE-902B-E12504BA9DE8', 'Without steak', '609CE134-236E-4FA2-A534-28761DAF3E84', 1, '0000-00-00 00:00:00', 2),
(5818223, '009B26D6-6586-4E61-9BD2-8380DB74C4F5', 'ST-THE', 'A50B7013-623E-48AA-9133-A587E595F844', 1, '0000-00-00 00:00:00', 2),
(5818224, '97B35877-50C2-4DAC-9741-28FCDD51CE93', 'ST-lait-soja', '609CE134-236E-4FA2-A534-28761DAF3E84', 1, '0000-00-00 00:00:00', 2),
(5818225, 'D922B314-24F7-42D0-92FF-DD80FC341713', 'Salad of the day ', '2DC76D5E-CCA1-4627-8442-79EE6ACFFC1F', 1, '0000-00-00 00:00:00', 2),
(5818226, 'B4BBC19C-1433-442C-A6C4-0B93755AF470', 'La Catcheuse', '1A41C9AC-2BDA-421D-A64A-876A82F2A84F', 1, '0000-00-00 00:00:00', 2),
(5818227, '408E354B-ED17-4765-BCDA-82FC9CB01A71', 'Le Touriste', '1A41C9AC-2BDA-421D-A64A-876A82F2A84F', 1, '0000-00-00 00:00:00', 2),
(5818228, '2CC9930D-5A03-4206-841B-512B060EE030', 'Potatoes', '2DC76D5E-CCA1-4627-8442-79EE6ACFFC1F', 1, '0000-00-00 00:00:00', 2),
(5818229, '0802A1F1-FCCB-488E-BA41-DF996B296114', 'Gluten free bread', '609CE134-236E-4FA2-A534-28761DAF3E84', 1, '0000-00-00 00:00:00', 2),
(5818230, 'E85A8CFC-C1BE-44F7-8565-C7889C0A4DB1', 'Bionade Ginger', 'A9BC57D1-F5BD-46E6-A73C-B60FFB058D0F', 1, '0000-00-00 00:00:00', 2),
(5818231, '0C0DFF0A-079A-494C-BADF-9862B5DE45D2', 'Formule jl', '4C42A378-0103-4226-AF10-29388E4CEF55', 1, '0000-00-00 00:00:00', 2),
(5818232, '327C1826-5F79-4B5B-964F-F2F7794AB68C', 'Pot mayo', '609CE134-236E-4FA2-A534-28761DAF3E84', 1, '0000-00-00 00:00:00', 2),
(5818233, '50854038-0664-46A0-AD4C-995A030F6F93', 'ST-BIONADE', '4E2082A1-1E07-47BB-90CD-C1CB2F6767F3', 1, '0000-00-00 00:00:00', 2),
(5818234, '5B0D44BD-315C-417E-A7E3-15B36E7758CD', '', 'B3690F84-8EDA-4811-BE7F-134303521C0E', 1, '0000-00-00 00:00:00', 2),
(5818235, 'EA2E7BC7-23B2-469A-8FEF-557349104201', 'Cookie', '19E864A9-7FE1-4982-989D-F930E2C50091', 1, '0000-00-00 00:00:00', 2),
(5818236, '279C61AC-1CF8-409E-BDF6-DF886DE568A2', 'Without sauce', 'A2B43D3E-228D-4A54-8F95-7D2BEA81609E', 1, '0000-00-00 00:00:00', 2),
(5818237, 'BE9C4B97-14C6-49BF-A7D0-8E4A2C03EB58', '', '4C42A378-0103-4226-AF10-29388E4CEF55', 1, '0000-00-00 00:00:00', 2),
(5818238, '3CA19D95-5A59-42B9-B54C-9E352BE3F627', 'Tea', 'A50B7013-623E-48AA-9133-A587E595F844', 1, '0000-00-00 00:00:00', 2),
(5818239, '756E193D-4076-416D-B298-0ED6141B7D2D', 'Brownie', '19E864A9-7FE1-4982-989D-F930E2C50091', 1, '0000-00-00 00:00:00', 2),
(5818240, 'B819C983-34C7-44DC-8324-6E85C20AB814', 'Extra cheese', '609CE134-236E-4FA2-A534-28761DAF3E84', 1, '0000-00-00 00:00:00', 2),
(5818241, '65779B6B-8E05-4AB0-BD1F-F6EBAE33FD78', 'ST-STEAK', '609CE134-236E-4FA2-A534-28761DAF3E84', 1, '0000-00-00 00:00:00', 2),
(5818242, 'F81C32E5-2274-4C31-96CA-EEFEA3364B87', 'Bionade elderberries', '4E2082A1-1E07-47BB-90CD-C1CB2F6767F3', 1, '0000-00-00 00:00:00', 2),
(5818243, '4D082016-C6EC-43E3-8C12-620D7A6C302B', 'Rosée wine', 'FED47BD0-11A8-445F-87ED-14045F08DF2E', 1, '0000-00-00 00:00:00', 2),
(5818244, '475B1BD2-8689-4EF0-97AA-745B2533ADCE', 'Potatoes', '2DC76D5E-CCA1-4627-8442-79EE6ACFFC1F', 1, '0000-00-00 00:00:00', 2),
(5818245, 'B9F6B384-C673-4991-8E61-EC89F9B4842D', 'Juice peach ', '15D150FB-0AB2-45EC-B0E2-D82A8E919709', 1, '0000-00-00 00:00:00', 2),
(5818246, '9DCD81D1-DD7B-4FEB-A180-ECD89B144FA4', 'Ginger-orange bionade', '4E2082A1-1E07-47BB-90CD-C1CB2F6767F3', 1, '0000-00-00 00:00:00', 2),
(5818247, 'CAA453DE-4D81-4712-ABFD-99EC451A71AA', '', 'B3690F84-8EDA-4811-BE7F-134303521C0E', 1, '0000-00-00 00:00:00', 2),
(5818248, '44C4E205-2ABE-42CF-B07C-D484DA761A72', 'Celtique sparkling', '07854F5A-0DC4-4AE6-9D18-2AF4E9862304', 1, '0000-00-00 00:00:00', 2),
(5818249, '567A78B2-1B79-4F1E-B383-D498F3F80CAA', '', '4C42A378-0103-4226-AF10-29388E4CEF55', 1, '0000-00-00 00:00:00', 2),
(5818250, '9B0AC897-B054-4FD3-ADDA-C9CC22B5B693', 'Without sauce', '609CE134-236E-4FA2-A534-28761DAF3E84', 1, '0000-00-00 00:00:00', 2),
(5818251, '423E93DB-CACF-4924-8EF2-C66D8F8CB0C4', '', '4C42A378-0103-4226-AF10-29388E4CEF55', 1, '0000-00-00 00:00:00', 2),
(5818252, '18AE5ED1-994C-4E26-A0C9-FB7B5A7F25AE', 'Without salad', '609CE134-236E-4FA2-A534-28761DAF3E84', 1, '0000-00-00 00:00:00', 2),
(5818253, '6368D20A-9CBF-4473-A972-BDCC75139351', 'Juice abricot ', '59A13EB6-626F-4731-9688-E11E0301B285', 1, '0000-00-00 00:00:00', 2),
(5818254, 'B1BE88CF-B34C-47CA-BB98-C492614325FF', 'Sac HANK', '609CE134-236E-4FA2-A534-28761DAF3E84', 1, '0000-00-00 00:00:00', 2),
(5818255, '57189C8E-1770-4310-96A4-214690D8274A', 'Juice multi', '15D150FB-0AB2-45EC-B0E2-D82A8E919709', 1, '0000-00-00 00:00:00', 2),
(5818256, 'DAA478C9-AB5B-44C3-A5E1-6E31C39C61A3', 'Carrot cake', '19E864A9-7FE1-4982-989D-F930E2C50091', 1, '0000-00-00 00:00:00', 2),
(5818257, 'EB367366-82CE-4CD6-B65C-3768FDF67DD9', 'Without red pepper', '609CE134-236E-4FA2-A534-28761DAF3E84', 1, '0000-00-00 00:00:00', 2),
(5818258, 'E5C0CBE2-E158-4BC0-9ED6-F5FF5A664D3A', 'ST-GLUTENFREE-BREAD', '59A13EB6-626F-4731-9688-E11E0301B285', 1, '0000-00-00 00:00:00', 2),
(5818259, 'FF93E830-5357-43C1-ABCA-DAFCA8956945', 'Without tomatoes', '609CE134-236E-4FA2-A534-28761DAF3E84', 1, '0000-00-00 00:00:00', 2),
(5818260, 'C8B25EF4-9D98-47EF-B2E6-AA84DA40E5B5', 'Blond beer', '59A13EB6-626F-4731-9688-E11E0301B285', 1, '0000-00-00 00:00:00', 2),
(5818261, 'E92891C5-9966-42C3-BD23-AF317B35C665', 'Without sauce', 'A2B43D3E-228D-4A54-8F95-7D2BEA81609E', 1, '0000-00-00 00:00:00', 2),
(5818262, '51D83AB9-A940-4DB8-BC7D-14B8998258F7', '', '4C42A378-0103-4226-AF10-29388E4CEF55', 1, '0000-00-00 00:00:00', 2),
(5818263, '588C8B8B-290F-4489-B13C-1B2741EF7D62', 'ST-BEER', '59A13EB6-626F-4731-9688-E11E0301B285', 1, '0000-00-00 00:00:00', 2),
(5818264, '9F81865C-D1D2-4AEB-ACDF-72D9B18A8AD9', 'Soupe', '2DC76D5E-CCA1-4627-8442-79EE6ACFFC1F', 1, '0000-00-00 00:00:00', 2),
(5818265, 'B3AD3BE6-9394-4E60-914F-001C225A6BDA', 'Cola', '15D150FB-0AB2-45EC-B0E2-D82A8E919709', 1, '0000-00-00 00:00:00', 2),
(5818266, 'BAB45246-2D51-451B-B636-44B39596BDA3', 'Happy four A', '4C42A378-0103-4226-AF10-29388E4CEF55', 1, '0000-00-00 00:00:00', 2),
(5818267, '86BD9FAB-104E-4293-939F-1986A53EB2BB', '', 'B3690F84-8EDA-4811-BE7F-134303521C0E', 1, '0000-00-00 00:00:00', 2),
(5818268, '2D4C5805-BB1F-412F-8C73-854E5B492DD2', 'ST-SIDE', '2DC76D5E-CCA1-4627-8442-79EE6ACFFC1F', 1, '0000-00-00 00:00:00', 2),
(5818269, '0344CBE7-B74D-48B6-B2F2-F42A30334A50', 'Happy four À', '4C42A378-0103-4226-AF10-29388E4CEF55', 1, '0000-00-00 00:00:00', 2),
(5818270, 'F09937AA-18A9-4675-9BC9-3042648C88D2', 'Water glass', 'B3690F84-8EDA-4811-BE7F-134303521C0E', 1, '0000-00-00 00:00:00', 2),
(5818271, 'F8C472A1-7AC0-4C6A-A6EA-E7669BA71EB0', 'Coffee late', 'A50B7013-623E-48AA-9133-A587E595F844', 1, '0000-00-00 00:00:00', 2),
(5818272, '49080C01-D9E4-4FDB-A549-E012B0FC9667', 'Raspberry sorbet', '9CB446E5-E6C9-41BA-A17F-3FF0DCA4496B', 1, '0000-00-00 00:00:00', 2),
(5818273, 'F913355C-7989-43FD-B8B3-68ECA98C8DF5', 'White wine', 'FED47BD0-11A8-445F-87ED-14045F08DF2E', 1, '0000-00-00 00:00:00', 2),
(5818274, 'DCCA77D7-A369-4D86-A667-7891EB78BB5A', 'Dessert day', 'E8CAE7CB-E12F-4D5A-9F58-41E7EA7E36BC', 1, '0000-00-00 00:00:00', 2),
(5818275, 'AB83C3C6-A9C5-4F0A-B7B3-F5A9FCB17055', 'ST-TORTILLA SAC', '609CE134-236E-4FA2-A534-28761DAF3E84', 1, '0000-00-00 00:00:00', 2),
(5818276, '0A17BB7A-47C7-4009-AE84-2872D22A4FF1', 'Juice orange', '15D150FB-0AB2-45EC-B0E2-D82A8E919709', 1, '0000-00-00 00:00:00', 2),
(5818277, '40905174-57A8-4A2C-970A-DC5DF2AF2A82', 'Without salad', '59A13EB6-626F-4731-9688-E11E0301B285', 1, '0000-00-00 00:00:00', 2),
(5818278, 'BD03FEA6-8C0B-4544-B74A-9CBCD33189DA', 'Amber beer', '59A13EB6-626F-4731-9688-E11E0301B285', 1, '0000-00-00 00:00:00', 2),
(5818279, 'B1183C49-BB21-4C9C-AB4D-5F4A90011635', 'ST-POT MAYO', '609CE134-236E-4FA2-A534-28761DAF3E84', 1, '0000-00-00 00:00:00', 2),
(5818280, '4A13A61B-0A88-428E-9E32-0E84E4A737D0', 'Sans dessert', '4C42A378-0103-4226-AF10-29388E4CEF55', 1, '0000-00-00 00:00:00', 2),
(5818281, '4CC86D21-3F95-42B6-BE34-5058D42639BD', 'Coffee', 'A50B7013-623E-48AA-9133-A587E595F844', 1, '0000-00-00 00:00:00', 2),
(5818282, 'A8070C5A-FAED-444F-8D50-2B52F3FDE942', 'Petit menu A', '4C42A378-0103-4226-AF10-29388E4CEF55', 1, '0000-00-00 00:00:00', 2),
(5818283, '67940C42-0C5D-47A9-B55A-E07E6E530B58', '', 'B3690F84-8EDA-4811-BE7F-134303521C0E', 1, '0000-00-00 00:00:00', 2),
(5818284, '1CD7A504-FF7D-4A9C-A6FC-986DC1E4ED1C', 'Parmesan', '609CE134-236E-4FA2-A534-28761DAF3E84', 1, '0000-00-00 00:00:00', 2),
(5818285, '0561D89F-9335-4F1E-BE35-C5F087B2EFE3', 'White peach sorbet', '9CB446E5-E6C9-41BA-A17F-3FF0DCA4496B', 1, '0000-00-00 00:00:00', 2),
(5818286, '004785F8-0125-471A-8649-F5A93CF5BDD7', 'Gluten free beer', '59A13EB6-626F-4731-9688-E11E0301B285', 1, '0000-00-00 00:00:00', 2),
(5818287, '4395541F-EAB7-45B0-AFAC-FA69AC4D94E1', 'Juice', '15D150FB-0AB2-45EC-B0E2-D82A8E919709', 1, '0000-00-00 00:00:00', 2),
(5818288, 'AE8DD39E-AE8F-45A7-962D-A71581838658', 'ST-BREAD-FRESH', '609CE134-236E-4FA2-A534-28761DAF3E84', 1, '0000-00-00 00:00:00', 2),
(5818289, 'F78271D3-75A4-4970-9027-600CBEB6C646', 'Bionade ginger-orange ', '4E2082A1-1E07-47BB-90CD-C1CB2F6767F3', 1, '0000-00-00 00:00:00', 2),
(5818290, '245F5125-796A-46DC-A01A-5498AC8BCC5A', 'Ketchup sauce', '609CE134-236E-4FA2-A534-28761DAF3E84', 1, '0000-00-00 00:00:00', 2),
(5818291, '07255EF0-F25F-4892-B02E-06505A5202E8', 'Happy four A', '4C42A378-0103-4226-AF10-29388E4CEF55', 1, '0000-00-00 00:00:00', 2),
(5818292, '518F9893-AD15-450C-8249-7A72A4E31F8F', 'Ketchup sauce', 'A2B43D3E-228D-4A54-8F95-7D2BEA81609E', 1, '0000-00-00 00:00:00', 2),
(5818293, '4708D8EB-0916-4446-97AB-4E64FB63F22A', 'Juice apple ', '15D150FB-0AB2-45EC-B0E2-D82A8E919709', 1, '0000-00-00 00:00:00', 2),
(5818294, '16EE9C98-6AF8-4167-BA3E-2ACBEE03DF40', 'Without pickels', '609CE134-236E-4FA2-A534-28761DAF3E84', 1, '0000-00-00 00:00:00', 2),
(5818295, '829F60B0-E6B4-49AC-958E-35C7B0AA5357', 'ST-FRUIT-JUICE', '15D150FB-0AB2-45EC-B0E2-D82A8E919709', 1, '0000-00-00 00:00:00', 2),
(5818296, '2E37997F-3D88-4C1C-8032-8970BD688023', 'Mustard sauce', 'A2B43D3E-228D-4A54-8F95-7D2BEA81609E', 1, '0000-00-00 00:00:00', 2),
(5818297, 'EC0CFA1F-575F-490C-906C-457FBC3351F6', 'ST-CARROT-CAKE', '19E864A9-7FE1-4982-989D-F930E2C50091', 1, '0000-00-00 00:00:00', 2),
(5818298, '26523F00-9751-47FD-9752-BB04624AD9B8', 'Perso', '1A41C9AC-2BDA-421D-A64A-876A82F2A84F', 1, '0000-00-00 00:00:00', 2),
(5818299, 'C55E0C38-C3FC-4D5D-B0E5-50ADCE1DFDE0', 'Happy four ', '4C42A378-0103-4226-AF10-29388E4CEF55', 1, '0000-00-00 00:00:00', 2),
(5818300, '4AD71DD2-8BA9-4854-B2D3-7E8139E717B9', 'Menu happy four', '4C42A378-0103-4226-AF10-29388E4CEF55', 1, '0000-00-00 00:00:00', 2),
(5818301, '3AA8FB70-77FE-4DAC-BC2B-ED4F59FDBBCF', 'Citron', '81FB710A-833D-4E82-859E-33B224B2D28B', 1, '0000-00-00 00:00:00', 2),
(5818302, '4C0A2584-27A0-4199-8992-AE9BF7136E4A', 'Dandy', '4A2CD759-D60A-439C-B64B-FBBB0BC745F1', 0, '0000-00-00 00:00:00', 2),
(5818303, '5CFD7F88-0D69-484B-B6A5-6E210229F51B', 'Tomato/basil', '4A2CD759-D60A-439C-B64B-FBBB0BC745F1', 0, '0000-00-00 00:00:00', 2),
(5818304, 'CFD421DB-B5B9-4919-A69F-9E310EB8EDCE', 'Touriste', '4A2CD759-D60A-439C-B64B-FBBB0BC745F1', 0, '0000-00-00 00:00:00', 2),
(5818305, '1B8854C6-1F43-4AD6-A73E-90EDEB89A092', 'Costaud', '4A2CD759-D60A-439C-B64B-FBBB0BC745F1', 0, '0000-00-00 00:00:00', 2),
(5818306, '104DFC13-5DC7-4F34-85FC-E4DE221867BE', 'Hawai', '4A2CD759-D60A-439C-B64B-FBBB0BC745F1', 0, '0000-00-00 00:00:00', 2),
(5818307, 'D414B553-22F8-4284-BA61-D1557E456292', 'Carrot cake', '0017D2C5-14AC-457F-890C-BE78F3496AE2', 0, '0000-00-00 00:00:00', 2),
(5818308, '879F986B-E6EB-4711-B6AE-F3E4AEED4C32', 'Cookie', '0017D2C5-14AC-457F-890C-BE78F3496AE2', 0, '0000-00-00 00:00:00', 2),
(5818309, '34C723EC-13FC-4F96-9CE3-472EC2FC789E', 'Sorbet', '0017D2C5-14AC-457F-890C-BE78F3496AE2', 0, '0000-00-00 00:00:00', 2),
(5818310, 'D4BB45C3-DE27-48DF-A918-6E35E18B4EF1', 'Salad medium', '9FAAFC73-761C-4BEA-8820-877928E17685', 0, '0000-00-00 00:00:00', 2),
(5818311, '4EC18AF7-7989-4EE3-8603-E769140A6633', 'White wine', 'BD29CD30-5D8D-4323-9247-04184D3392F0', 0, '0000-00-00 00:00:00', 2),
(5818312, 'DA1985A8-9A05-41EC-AE60-C0166568DAFD', 'Cola bio', 'E01A16DF-D3B1-41B1-90D2-B558C34C1E3E', 0, '0000-00-00 00:00:00', 2),
(5818313, '57C5DFA2-CBC1-4DC9-BCC6-5419FF568822', 'Water glass', 'E01A16DF-D3B1-41B1-90D2-B558C34C1E3E', 0, '0000-00-00 00:00:00', 2),
(5818314, '0FF04646-3CD5-4245-9339-7FE9E9DE74F1', 'Red wine', 'BD29CD30-5D8D-4323-9247-04184D3392F0', 0, '0000-00-00 00:00:00', 2),
(5818315, 'EFA34FB5-A402-4DF9-A13A-C38E2CC0EF24', 'Ice tea bio', 'E01A16DF-D3B1-41B1-90D2-B558C34C1E3E', 0, '0000-00-00 00:00:00', 2),
(5818316, 'CC5378DA-6583-4E59-8A9A-C385A8B05F6C', 'Beer', '1D0374FA-FA18-4699-A8C5-2CB38002C190', 0, '0000-00-00 00:00:00', 2),
(5818317, '706B5354-FB41-4E21-B0B8-474731C0E933', 'Limonade bio ', 'E01A16DF-D3B1-41B1-90D2-B558C34C1E3E', 0, '0000-00-00 00:00:00', 2),
(5818318, '6EBED6C1-1CBB-462D-94D0-345F812AFA9F', 'Menu A', '39957FE2-9AC0-4ACB-BB0C-ABFA144CBC4C', 1, '0000-00-00 00:00:00', 2),
(5818319, 'E49B71FA-535D-499F-8DE7-DDFBCBF55FE7', 'Menu petit', '39957FE2-9AC0-4ACB-BB0C-ABFA144CBC4C', 0, '0000-00-00 00:00:00', 2),
(5818320, '50189B89-5D31-488D-BFB9-7516C0FB2F48', 'Soda', 'E01A16DF-D3B1-41B1-90D2-B558C34C1E3E', 0, '0000-00-00 00:00:00', 2),
(5818321, '91B8E2F1-94B8-4CDF-A5E6-CED37D912D75', 'Coffee', '02B93412-68B2-4791-8227-C8D4DFC9CB58', 0, '0000-00-00 00:00:00', 2),
(5818322, 'AC226BB4-1859-47F5-BA77-9EA384D21583', 'Water bottle', 'E01A16DF-D3B1-41B1-90D2-B558C34C1E3E', 0, '0000-00-00 00:00:00', 2),
(5818323, '85639FF1-325C-45DE-B167-BD24A0E473F5', 'Tea', '20FC7CC4-DF20-42EB-AA28-DAE749384E23', 0, '0000-00-00 00:00:00', 2),
(5818324, '977EF5C0-D94F-4B70-8712-929B3C0D931D', 'ST-COOKIE', '0017D2C5-14AC-457F-890C-BE78F3496AE2', 1, '0000-00-00 00:00:00', 2),
(5818325, '9A8A8A80-4D37-42FC-A68F-7657F46A0B1A', 'MT-The', 'E01A16DF-D3B1-41B1-90D2-B558C34C1E3E', 0, '0000-00-00 00:00:00', 2),
(5818326, 'DA018C05-022B-4E55-9376-7162207F5885', 'ST-Fruit-juice', 'E01A16DF-D3B1-41B1-90D2-B558C34C1E3E', 0, '0000-00-00 00:00:00', 2),
(5818327, '32859BFB-B3C2-4ECE-B345-97F29DAC7372', 'MT-Cafe', 'E01A16DF-D3B1-41B1-90D2-B558C34C1E3E', 0, '0000-00-00 00:00:00', 2),
(5818328, 'EB284232-3E0D-4071-8B1A-145C8A7A05B4', 'MT-montagnard', '4A2CD759-D60A-439C-B64B-FBBB0BC745F1', 0, '0000-00-00 00:00:00', 2),
(5818329, 'ADA93E19-D69A-40DA-ABE9-31D446D9CB31', 'ST-BEER', '1D0374FA-FA18-4699-A8C5-2CB38002C190', 1, '0000-00-00 00:00:00', 2),
(5818330, '539BDBC3-D023-40C4-9857-36D1A3DDE449', 'ST-Carrot-cake', '0017D2C5-14AC-457F-890C-BE78F3496AE2', 0, '0000-00-00 00:00:00', 2),
(5818331, '61AD4D84-9721-487D-BA10-C772E0887227', 'Cocktail', 'BD29CD30-5D8D-4323-9247-04184D3392F0', 0, '0000-00-00 00:00:00', 2),
(5818332, 'A75F5FE5-98CC-4BED-98D2-1A82735BB01A', 'ST-LAIT-SOJA', '02EFA320-AEFD-46FB-A994-A25952C65785', 1, '0000-00-00 00:00:00', 2),
(5818333, '3F1966B6-2F40-4E13-9B23-C80B8C22D01A', 'Steak resto x18', '1D0374FA-FA18-4699-A8C5-2CB38002C190', 0, '0000-00-00 00:00:00', 2),
(5818334, 'F1671B71-31EE-4FDA-8648-97CE60776E2D', 'Pie fruits', '0017D2C5-14AC-457F-890C-BE78F3496AE2', 0, '0000-00-00 00:00:00', 2),
(5818335, 'C1C6368B-51AD-498F-AB80-819B9EF79C3F', 'Pie chocolat', '0017D2C5-14AC-457F-890C-BE78F3496AE2', 0, '0000-00-00 00:00:00', 2),
(5818336, 'EAD93C73-ADF8-4F54-861F-9F0D3F648C98', 'ST-Water', '02EFA320-AEFD-46FB-A994-A25952C65785', 0, '0000-00-00 00:00:00', 2),
(5818337, 'E79DEFFF-E20C-4459-AA86-CFCE49FFC4BC', 'ST-Soda', '02EFA320-AEFD-46FB-A994-A25952C65785', 0, '0000-00-00 00:00:00', 2),
(8066584, '6F044665-1974-4DDC-830F-DC8EFD8143CD', 'Chocolate mousse', '0017D2C5-14AC-457F-890C-BE78F3496AE2', 0, '0000-00-00 00:00:00', 2),
(10078441, 'CDE77651-7608-4862-A3EF-BF51A5E1B7E6', 'Menu G', '39957FE2-9AC0-4ACB-BB0C-ABFA144CBC4C', 1, '0000-00-00 00:00:00', 2),
(10078442, 'A482EBE3-A6A7-4DB4-A2C1-7D5567F02003', 'Menu AG', '39957FE2-9AC0-4ACB-BB0C-ABFA144CBC4C', 1, '0000-00-00 00:00:00', 2),
(10079331, 'C2DD81ED-ACB4-4C03-A73F-F18817555AD3', 'Salad big', '2F925CE6-C069-4FF7-8D1A-B3DE3E48B9EE', 0, '0000-00-00 00:00:00', 2),
(11223321, '7EA59E11-AAF3-40D4-B733-7F0EAFED0917', 'Hot chocolat', '20FC7CC4-DF20-42EB-AA28-DAE749384E23', 0, '0000-00-00 00:00:00', 2),
(16627324, '76A42905-A622-4AA6-80D7-BC280256AC60', 'Tiramisu', 'DB021AAD-98E3-4F22-B772-B508E93E3C36', 0, '0000-00-00 00:00:00', 2),
(16627624, '1551AF6E-9BA5-47F2-8409-B40930F819E9', 'Crumble citron', '0017D2C5-14AC-457F-890C-BE78F3496AE2', 0, '0000-00-00 00:00:00', 2),
(17548369, '777B88B0-31B9-480A-8A0C-EBE97081CF61', 'Menu G1', '39957FE2-9AC0-4ACB-BB0C-ABFA144CBC4C', 1, '0000-00-00 00:00:00', 2),
(17548370, '46B38013-BFB4-4D54-907E-00DE44BCDA23', 'Menu 1', '39957FE2-9AC0-4ACB-BB0C-ABFA144CBC4C', 1, '0000-00-00 00:00:00', 2),
(17548371, '852C4540-47C1-4A7B-829A-7F6A54298151', 'Menu AG1', '39957FE2-9AC0-4ACB-BB0C-ABFA144CBC4C', 1, '0000-00-00 00:00:00', 2),
(25277267, '34CDD2FF-25FD-4F27-BE57-6A7737A600BE', 'ST-WATER STILL', 'C5F9151E-43A7-4126-A2B7-AE466FBD2970', 0, '0000-00-00 00:00:00', 1),
(25277268, '4A0DC9C4-8826-411B-8EE5-D2F55AD01AD3', 'ST-SALADE-TOPPING', '1A41C9AC-2BDA-421D-A64A-876A82F2A84F', 0, '0000-00-00 00:00:00', 1),
(25277269, '7B3484F9-28A7-4488-B699-5CABEF665E0A', 'MT-CATCHEUSE', '1A41C9AC-2BDA-421D-A64A-876A82F2A84F', 0, '0000-00-00 00:00:00', 1),
(25283636, 'B5DB01FF-6C2F-4092-89F3-08CC02D75B07', 'MT-ROCKEUSE', '1A41C9AC-2BDA-421D-A64A-876A82F2A84F', 0, '0000-00-00 00:00:00', 1),
(25283638, '94E2C05E-FC06-47AD-A03A-D9741B437AAA', 'ST-DESSERT-DAY', 'C5F9151E-43A7-4126-A2B7-AE466FBD2970', 0, '0000-00-00 00:00:00', 1),
(25283640, 'A41BD61F-98A7-4BF3-80B1-1204AB922CD5', 'MT-TATA MONIQUE', '1A41C9AC-2BDA-421D-A64A-876A82F2A84F', 0, '0000-00-00 00:00:00', 1),
(25283642, '3D779B6B-A79D-441D-B525-B7B0B3E507B9', 'MT-COOKIE', 'C5F9151E-43A7-4126-A2B7-AE466FBD2970', 0, '0000-00-00 00:00:00', 1),
(25283643, '5E735BB6-367D-403F-A80D-1AAC969EC74B', 'MT-COLESLAW', 'C5F9151E-43A7-4126-A2B7-AE466FBD2970', 0, '0000-00-00 00:00:00', 1),
(25283645, '47052A15-0C61-4091-9B9C-D7789AE4F9F1', 'ST-POTATOES', 'C5F9151E-43A7-4126-A2B7-AE466FBD2970', 0, '0000-00-00 00:00:00', 1),
(25283647, 'EC1EE051-9516-4C16-8037-73671B2B4FC6', 'ST-SIDE-OFTHEDAY', 'C5F9151E-43A7-4126-A2B7-AE466FBD2970', 0, '0000-00-00 00:00:00', 1),
(25283649, '5345280F-0697-4F21-86A8-8773F5E3323D', 'MT-CARROT-CAKE', 'C5F9151E-43A7-4126-A2B7-AE466FBD2970', 0, '0000-00-00 00:00:00', 1),
(25283651, 'CDAE28D7-2B9E-4161-AE6C-81FC297D4009', 'MT-ALLUME', '1A41C9AC-2BDA-421D-A64A-876A82F2A84F', 0, '0000-00-00 00:00:00', 1),
(25283652, 'CB7BD6F9-7944-4A57-B7CA-17A2C642BA12', 'MT-TOURISTE', '1A41C9AC-2BDA-421D-A64A-876A82F2A84F', 0, '0000-00-00 00:00:00', 1),
(25287476, '1BE536B5-F0D2-4FC7-8DD2-BA04901DB90A', 'Smoothie', '19E864A9-7FE1-4982-989D-F930E2C50091', 0, '0000-00-00 00:00:00', 1),
(26758752, '96F34E6F-4A80-497E-BD97-F0DF6C3A2F97', 'Montagnarde', '4A2CD759-D60A-439C-B64B-FBBB0BC745F1', 0, '0000-00-00 00:00:00', 2),
(31189213, 'A13DA1DE-3AB2-4024-AB41-C5A0012867B2', 'ST-COOKIE', 'C5F9151E-43A7-4126-A2B7-AE466FBD2970', 0, '0000-00-00 00:00:00', 1),
(31189214, 'D03055D9-0EB4-4F9C-A02C-46377CA42597', 'ST-CARROT-CAKE', 'C5F9151E-43A7-4126-A2B7-AE466FBD2970', 0, '0000-00-00 00:00:00', 1),
(31209055, '5029B2E8-0A6C-4B3D-AA66-0F93C6A4AEE3', 'Smoothie', '0017D2C5-14AC-457F-890C-BE78F3496AE2', 0, '0000-00-00 00:00:00', 2),
(32034302, 'F985627A-FDDF-471F-999B-19AAC81B2DC7', 'MT-truffe', '4A2CD759-D60A-439C-B64B-FBBB0BC745F1', 0, '0000-00-00 00:00:00', 2),
(32034303, '7655E055-2917-4BAF-B3BB-F23698533B26', 'MT-antipasti', '4A2CD759-D60A-439C-B64B-FBBB0BC745F1', 0, '0000-00-00 00:00:00', 2),
(32038359, '9966A1B3-71C3-410A-BECE-5393EE0CE3E4', 'MT-artichaut', '4A2CD759-D60A-439C-B64B-FBBB0BC745F1', 0, '0000-00-00 00:00:00', 2),
(32038360, 'F6A10E49-A553-4166-A4A4-67808172BCF2', 'MT-hawai', '4A2CD759-D60A-439C-B64B-FBBB0BC745F1', 0, '0000-00-00 00:00:00', 2),
(32038361, 'C502B532-9AFB-438C-B4D5-A03CBC66D84D', 'MT-tomato-basil', '4A2CD759-D60A-439C-B64B-FBBB0BC745F1', 0, '0000-00-00 00:00:00', 2),
(32060263, '48F0298F-BC27-4A01-9F47-D5652458BBC0', 'ST-cookie', '0017D2C5-14AC-457F-890C-BE78F3496AE2', 0, '0000-00-00 00:00:00', 2),
(32060265, '9790A69D-07A4-4B3B-A92D-BFB694B42BA6', 'MT-salad medium', '9FAAFC73-761C-4BEA-8820-877928E17685', 0, '0000-00-00 00:00:00', 2),
(32060267, '4089E4F0-5753-41D9-B0AA-3CC445FFE5EB', 'MT-salad big', '2F925CE6-C069-4FF7-8D1A-B3DE3E48B9EE', 0, '0000-00-00 00:00:00', 2),
(32060269, '15E6DEC3-D647-45C5-92D6-C8F7639D03D8', 'MT-crumble', '0017D2C5-14AC-457F-890C-BE78F3496AE2', 0, '0000-00-00 00:00:00', 2),
(32060271, 'D7215E5B-DFC2-42C4-A9C0-A7201E39EDCF', 'MT-carrot cake', '0017D2C5-14AC-457F-890C-BE78F3496AE2', 0, '0000-00-00 00:00:00', 2),
(32060273, 'C18A7875-E21B-478D-B5F2-5D38DD8CD276', 'MT-cookie', '0017D2C5-14AC-457F-890C-BE78F3496AE2', 0, '0000-00-00 00:00:00', 2),
(32060274, '6425247E-205B-4E40-9AE5-B72905907D22', 'ST-choco-mousse', '0017D2C5-14AC-457F-890C-BE78F3496AE2', 0, '0000-00-00 00:00:00', 2),
(32060276, '1CCD30C2-3813-4435-BE1A-47D1DED6FBFA', 'MT-chocolate mousse', '0017D2C5-14AC-457F-890C-BE78F3496AE2', 0, '0000-00-00 00:00:00', 2),
(32060278, '59585472-87A8-4B29-8926-D5A80F41A9A5', 'MT-chocolat pie', '0017D2C5-14AC-457F-890C-BE78F3496AE2', 0, '0000-00-00 00:00:00', 2),
(40973953, 'E3ABF4D7-32F2-4D80-939F-DFC8B824F116', 'Galette roi', '19E864A9-7FE1-4982-989D-F930E2C50091', 0, '0000-00-00 00:00:00', 1),
(41104704, '520B25DE-BA12-4833-973D-58B8B73D5ACA', 'Galette roi', '0017D2C5-14AC-457F-890C-BE78F3496AE2', 0, '0000-00-00 00:00:00', 2),
(42110854, 'E536CAA3-5129-4067-9EE2-1711561033B6', 'MT-desser day', '02EFA320-AEFD-46FB-A994-A25952C65785', 0, '0000-00-00 00:00:00', 2),
(42110855, '9106EFFF-C713-4E9C-9908-D9881E98BED6', 'ST-dessert day', '02EFA320-AEFD-46FB-A994-A25952C65785', 0, '0000-00-00 00:00:00', 2),
(44614712, 'C2955327-B9A5-440F-9FB3-85F23594A150', 'Chausson pomme', '0017D2C5-14AC-457F-890C-BE78F3496AE2', 0, '0000-00-00 00:00:00', 2),
(60414723, '2A181DD4-58B0-4F97-816E-6ACFE2F1E5AA', 'Chaï latte', '20FC7CC4-DF20-42EB-AA28-DAE749384E23', 0, '0000-00-00 00:00:00', 2),
(60414724, '7952D49D-F3AF-48E1-89CE-3E0172BA060A', 'London fog', '20FC7CC4-DF20-42EB-AA28-DAE749384E23', 0, '0000-00-00 00:00:00', 2),
(60414725, 'B0776F44-6AD6-44DA-BDED-58DBC0FF43DF', 'Matcha latte', '20FC7CC4-DF20-42EB-AA28-DAE749384E23', 0, '0000-00-00 00:00:00', 2),
(67563604, '5AD4CFF7-187D-4F96-9AB7-D8A84902689A', 'La Rockeuse', '1A41C9AC-2BDA-421D-A64A-876A82F2A84F', 0, '0000-00-00 00:00:00', 1),
(69600531, '26DC47B4-6CB2-48F1-8829-171D5EB1E87E', 'Cassie cake', '0017D2C5-14AC-457F-890C-BE78F3496AE2', 0, '0000-00-00 00:00:00', 2),
(73461099, '5731E1D2-F584-4ED1-808A-20AE850007A6', 'Cofee latte', '20FC7CC4-DF20-42EB-AA28-DAE749384E23', 0, '0000-00-00 00:00:00', 2),
(75165187, '8775DC22-00DE-44BF-B733-0FFB2B4C4AE2', 'Mug hank', '02EFA320-AEFD-46FB-A994-A25952C65785', 0, '0000-00-00 00:00:00', 2),
(96972858, '50C8CCAE-FCDA-48E2-8A43-A834CBF5D4ED', 'Mamma', '4A2CD759-D60A-439C-B64B-FBBB0BC745F1', 0, '0000-00-00 00:00:00', 2),
(99590669, '4D6A976E-AC2E-4B2B-B7D0-35C63B4BAF18', 'Menu 1 part', '39957FE2-9AC0-4ACB-BB0C-ABFA144CBC4C', 1, '0000-00-00 00:00:00', 2),
(99651047, '394EC0B0-115D-4B53-A797-C82BC958BC8A', 'Clafoutis', '0017D2C5-14AC-457F-890C-BE78F3496AE2', 0, '0000-00-00 00:00:00', 2),
(99651398, '91710E43-8568-41DD-B4EC-140CED8D8A3A', 'Smoothie', '0017D2C5-14AC-457F-890C-BE78F3496AE2', 1, '0000-00-00 00:00:00', 2),
(103614014, 'B3EEB150-C240-4605-9C6C-B0B4EB44DCA0', 'Mug HANK', '609CE134-236E-4FA2-A534-28761DAF3E84', 0, '0000-00-00 00:00:00', 1),
(105094063, 'EA872F3C-BD95-4610-A3E0-FE91BAF77925', 'Ice tea', '15D150FB-0AB2-45EC-B0E2-D82A8E919709', 0, '0000-00-00 00:00:00', 1),
(106566064, 'AC12FEA2-F43C-4365-825F-F09282C70002', 'Jus de fruit', 'E01A16DF-D3B1-41B1-90D2-B558C34C1E3E', 0, '0000-00-00 00:00:00', 2),
(106903297, 'DD86093F-9D7B-418E-A5B8-61BEB3A115FD', 'Menu petit', '39957FE2-9AC0-4ACB-BB0C-ABFA144CBC4C', 1, '0000-00-00 00:00:00', 2),
(106906268, '3AF99E9C-3567-4C2C-99F9-3033E2A6C3E2', 'Menu uno A2', '39957FE2-9AC0-4ACB-BB0C-ABFA144CBC4C', 1, '0000-00-00 00:00:00', 2),
(106906269, 'EAEE5B1B-B8DF-4899-B509-8612B002433F', 'Menu uno A', '39957FE2-9AC0-4ACB-BB0C-ABFA144CBC4C', 1, '0000-00-00 00:00:00', 2),
(106906270, '79A00D98-1F53-4B13-A464-0D1F4D9B6A7F', 'Menu petit A', '39957FE2-9AC0-4ACB-BB0C-ABFA144CBC4C', 1, '0000-00-00 00:00:00', 2),
(106907345, 'B0792895-60BF-4F76-B421-C002182D987A', 'Menu moyen', '39957FE2-9AC0-4ACB-BB0C-ABFA144CBC4C', 1, '0000-00-00 00:00:00', 2),
(106907346, '4EFB94A9-87EC-46B9-AB25-03B41CDC56AB', 'Menu moyen A', '39957FE2-9AC0-4ACB-BB0C-ABFA144CBC4C', 1, '0000-00-00 00:00:00', 2),
(106915987, 'BC29297F-E010-4DE7-B3FB-860877D58CB7', 'Menu grand A', '39957FE2-9AC0-4ACB-BB0C-ABFA144CBC4C', 1, '0000-00-00 00:00:00', 2),
(106915988, '377E2FAC-97BB-4178-A75B-3DF880783EA6', 'Menu grand ', '39957FE2-9AC0-4ACB-BB0C-ABFA144CBC4C', 0, '0000-00-00 00:00:00', 2),
(106915989, 'EE856CE0-D8EE-4960-88C5-81F37B778D9E', 'Menu grand A3', '39957FE2-9AC0-4ACB-BB0C-ABFA144CBC4C', 1, '0000-00-00 00:00:00', 2),
(106915990, '1E4B60E6-121D-4F67-BF20-025233C6746C', 'Menu moyen A2', '39957FE2-9AC0-4ACB-BB0C-ABFA144CBC4C', 1, '0000-00-00 00:00:00', 2),
(106915991, '5ED1C1D4-F0B9-4E9D-BF95-A63DB7EF9118', 'Menu grand A2', '39957FE2-9AC0-4ACB-BB0C-ABFA144CBC4C', 1, '0000-00-00 00:00:00', 2),
(108005270, '422CB66E-796A-4410-B02C-449C07004362', 'Menu uno A2', '39957FE2-9AC0-4ACB-BB0C-ABFA144CBC4C', 1, '0000-00-00 00:00:00', 2),
(108006369, 'AF0ACB8F-2C24-4A31-8213-0B41725144C2', '', '39957FE2-9AC0-4ACB-BB0C-ABFA144CBC4C', 1, '0000-00-00 00:00:00', 2),
(110471840, '35090052-BC6C-4920-A942-19304A55C7B7', 'Le Special', '1A41C9AC-2BDA-421D-A64A-876A82F2A84F', 0, '0000-00-00 00:00:00', 1),
(110471854, 'EF887FBD-88F8-4972-B68A-E630B5358A7D', 'MT-BALINAIS', '1A41C9AC-2BDA-421D-A64A-876A82F2A84F', 0, '0000-00-00 00:00:00', 1),
(115391625, 'DD806AD8-065A-405D-8CFC-7EDE7C03D508', 'Menu BITE', '39957FE2-9AC0-4ACB-BB0C-ABFA144CBC4C', 1, '0000-00-00 00:00:00', 2),
(115391626, '836CFF19-1588-4DD5-AC37-CEFCBA49EE6A', 'Menu BITE A', '39957FE2-9AC0-4ACB-BB0C-ABFA144CBC4C', 1, '0000-00-00 00:00:00', 2),
(115423162, '958E0AFF-B236-433C-934C-7B76043CEC6C', 'Menu uno aa', '39957FE2-9AC0-4ACB-BB0C-ABFA144CBC4C', 1, '0000-00-00 00:00:00', 2),
(115423163, '1774E07D-2DD4-4FFA-8017-4256E3711E53', 'Menu moyen aa', '39957FE2-9AC0-4ACB-BB0C-ABFA144CBC4C', 1, '0000-00-00 00:00:00', 2),
(115426521, 'CED0278F-0203-40A9-AF71-2B476DB889D4', '', '39957FE2-9AC0-4ACB-BB0C-ABFA144CBC4C', 1, '0000-00-00 00:00:00', 2),
(115426522, 'EE6F8F6E-36BC-4344-B556-CD93405FA084', 'Menu uno', '39957FE2-9AC0-4ACB-BB0C-ABFA144CBC4C', 1, '0000-00-00 00:00:00', 2),
(140205773, '791E86AF-5E06-4007-8C6C-3B44B46B6D78', 'TOTE BAG', '02EFA320-AEFD-46FB-A994-A25952C65785', 0, '0000-00-00 00:00:00', 2),
(140205774, 'F8BC42A9-C088-43B5-B1F5-66A0724890BC', 'ST-TOTE BAG', '02EFA320-AEFD-46FB-A994-A25952C65785', 0, '0000-00-00 00:00:00', 2),
(140764236, '65F1F78C-7C24-4A85-A581-081989BAC5B6', 'Pepe Roni', '4A2CD759-D60A-439C-B64B-FBBB0BC745F1', 0, '0000-00-00 00:00:00', 2);
INSERT INTO `sales_product` (`id`, `id_pos`, `name`, `category`, `deleted`, `last_update_stock`, `id_bu`) VALUES
(145577695, '43F0A76D-67CA-49CC-971E-B8C3701C5F57', 'Potatoes exra cheese', '609CE134-236E-4FA2-A534-28761DAF3E84', 0, '0000-00-00 00:00:00', 1),
(158392616, '6F71EB02-1C7D-48A1-93B9-B2A8A8CBEB1E', '', '39957FE2-9AC0-4ACB-BB0C-ABFA144CBC4C', 1, '0000-00-00 00:00:00', 2),
(161089300, '428B06B8-3A2F-459E-A1F6-C8765738409E', 'Potatoes cheese', '2DC76D5E-CCA1-4627-8442-79EE6ACFFC1F', 1, '0000-00-00 00:00:00', 1),
(161521935, '7B4D683D-2629-4AC6-ABED-36248C4927A2', '', '4C42A378-0103-4226-AF10-29388E4CEF55', 1, '0000-00-00 00:00:00', 1),
(161521936, '909A427F-2EDE-4D62-B391-B616EC19423A', '', '4C42A378-0103-4226-AF10-29388E4CEF55', 1, '0000-00-00 00:00:00', 1),
(164219912, '0A3F9B05-7F78-472B-BEBE-2F60D23B3EEF', 'Jus frais extracte', '8AB724F2-9BE9-4DC7-AD80-ECE1A7988FE6', 0, '0000-00-00 00:00:00', 2),
(164222217, 'AEC2F61C-2F9F-478E-A523-095FE7052791', '', '39957FE2-9AC0-4ACB-BB0C-ABFA144CBC4C', 1, '0000-00-00 00:00:00', 2),
(164222218, '08F8C974-CA97-45FE-8DE7-996995C7E154', '', '39957FE2-9AC0-4ACB-BB0C-ABFA144CBC4C', 1, '0000-00-00 00:00:00', 2),
(164222219, 'A190262E-C42A-4FEF-9D49-40E43514678A', 'Menu petit jus', '39957FE2-9AC0-4ACB-BB0C-ABFA144CBC4C', 1, '0000-00-00 00:00:00', 2),
(164701403, '8C68869F-6365-4FF9-B4E9-9AE589CBDE32', 'ST-Jus frais exracte', '8AB724F2-9BE9-4DC7-AD80-ECE1A7988FE6', 0, '0000-00-00 00:00:00', 2),
(176229720, '43F0A76D-67CA-49CC-971E-B8C3701C5F57', 'Potatoes exra cheese', '609CE134-236E-4FA2-A534-28761DAF3E84', 0, '0000-00-00 00:00:00', 4),
(176229721, 'E818D48D-879F-467D-ABB6-47F0D95F19AE', 'Bionade', '4E2082A1-1E07-47BB-90CD-C1CB2F6767F3', 0, '0000-00-00 00:00:00', 4),
(176229722, '004785F8-0125-471A-8649-F5A93CF5BDD7', 'Gluten free beer', '59A13EB6-626F-4731-9688-E11E0301B285', 1, '0000-00-00 00:00:00', 4),
(176229723, '618820B4-4775-4DD2-AF7D-66F17B7498FE', 'Petit menu', '4C42A378-0103-4226-AF10-29388E4CEF55', 0, '0000-00-00 00:00:00', 4),
(176229724, 'B819C983-34C7-44DC-8324-6E85C20AB814', 'Extra cheese', '609CE134-236E-4FA2-A534-28761DAF3E84', 1, '0000-00-00 00:00:00', 4),
(176229725, 'B95C4250-F1B3-47AA-9C71-BDD79D8E4D5B', 'Dessert later', '19E864A9-7FE1-4982-989D-F930E2C50091', 0, '0000-00-00 00:00:00', 4),
(176229726, '35090052-BC6C-4920-A942-19304A55C7B7', 'Le Special', '1A41C9AC-2BDA-421D-A64A-876A82F2A84F', 0, '0000-00-00 00:00:00', 4),
(176229727, 'D03055D9-0EB4-4F9C-A02C-46377CA42597', 'ST-CARROT-CAKE', 'C5F9151E-43A7-4126-A2B7-AE466FBD2970', 0, '0000-00-00 00:00:00', 4),
(176229728, 'E2FE9E0F-2452-4116-80C9-E4F1B681001E', 'DRINK IN MENU', '609CE134-236E-4FA2-A534-28761DAF3E84', 0, '0000-00-00 00:00:00', 4),
(176229729, 'C8B25EF4-9D98-47EF-B2E6-AA84DA40E5B5', 'Blond beer', '59A13EB6-626F-4731-9688-E11E0301B285', 0, '0000-00-00 00:00:00', 4),
(176229730, '756E193D-4076-416D-B298-0ED6141B7D2D', 'Crumble pomme', '19E864A9-7FE1-4982-989D-F930E2C50091', 0, '0000-00-00 00:00:00', 4),
(176229731, '1E62A318-4996-41BB-8DC6-E7BB1C6773AC', 'Le Petit Nerveux', '1A41C9AC-2BDA-421D-A64A-876A82F2A84F', 0, '0000-00-00 00:00:00', 4),
(176229732, '86BD9FAB-104E-4293-939F-1986A53EB2BB', '', 'B3690F84-8EDA-4811-BE7F-134303521C0E', 1, '0000-00-00 00:00:00', 4),
(176229733, '8B1CB32F-0831-4D36-981D-B20A914C7B67', 'Bionade ochardfruits ', '4E2082A1-1E07-47BB-90CD-C1CB2F6767F3', 0, '0000-00-00 00:00:00', 4),
(176229734, 'EC1EE051-9516-4C16-8037-73671B2B4FC6', 'ST-SIDE-OFTHEDAY', 'C5F9151E-43A7-4126-A2B7-AE466FBD2970', 0, '0000-00-00 00:00:00', 4),
(176229735, '3FEFFB66-A327-4723-8FC4-F30094129BAE', 'Without onions', '609CE134-236E-4FA2-A534-28761DAF3E84', 1, '0000-00-00 00:00:00', 4),
(176229736, 'B3EEB150-C240-4605-9C6C-B0B4EB44DCA0', 'Mug HANK', '609CE134-236E-4FA2-A534-28761DAF3E84', 0, '0000-00-00 00:00:00', 4),
(176229737, 'E53F74CC-5CC2-45FE-902B-E12504BA9DE8', 'Without steak', '609CE134-236E-4FA2-A534-28761DAF3E84', 1, '0000-00-00 00:00:00', 4),
(176229738, 'F0759AC8-868B-4A92-8588-9BA90F9892EE', 'Lemon sorbet', '9CB446E5-E6C9-41BA-A17F-3FF0DCA4496B', 1, '0000-00-00 00:00:00', 4),
(176229739, '67BBBE30-373B-4C68-9041-D41787410B85', 'Without bread', '609CE134-236E-4FA2-A534-28761DAF3E84', 1, '0000-00-00 00:00:00', 4),
(176229740, '7B4D683D-2629-4AC6-ABED-36248C4927A2', '', '4C42A378-0103-4226-AF10-29388E4CEF55', 1, '0000-00-00 00:00:00', 4),
(176229741, '27F94C1A-C0BA-4FDE-8F47-1CB5DC5F9400', 'ST-WATER SPARKLING', 'C5F9151E-43A7-4126-A2B7-AE466FBD2970', 0, '0000-00-00 00:00:00', 4),
(176229742, '518F9893-AD15-450C-8249-7A72A4E31F8F', 'Ketchup sauce', 'A2B43D3E-228D-4A54-8F95-7D2BEA81609E', 1, '0000-00-00 00:00:00', 4),
(176229743, 'E3E3229B-CCCE-4749-BB2E-1057279D7B1A', 'Extra spice', '609CE134-236E-4FA2-A534-28761DAF3E84', 1, '0000-00-00 00:00:00', 4),
(176229744, '3CA19D95-5A59-42B9-B54C-9E352BE3F627', 'Tea', 'A50B7013-623E-48AA-9133-A587E595F844', 0, '0000-00-00 00:00:00', 4),
(176229745, '56460C6D-7420-4F84-B23D-DA736DE2C92F', 'Chocolate mousse', '19E864A9-7FE1-4982-989D-F930E2C50091', 0, '0000-00-00 00:00:00', 4),
(176229746, '44317003-45B0-45EE-9A8B-973CE38409AE', 'Steak Resto x16', '609CE134-236E-4FA2-A534-28761DAF3E84', 0, '0000-00-00 00:00:00', 4),
(176229747, 'A13DA1DE-3AB2-4024-AB41-C5A0012867B2', 'ST-COOKIE', 'C5F9151E-43A7-4126-A2B7-AE466FBD2970', 0, '0000-00-00 00:00:00', 4),
(176229748, 'C453735A-62D1-49C3-8767-90A16A879AE2', 'Strawberry sorbet', '9CB446E5-E6C9-41BA-A17F-3FF0DCA4496B', 1, '0000-00-00 00:00:00', 4),
(176229749, '279C61AC-1CF8-409E-BDF6-DF886DE568A2', 'Without sauce', 'A2B43D3E-228D-4A54-8F95-7D2BEA81609E', 1, '0000-00-00 00:00:00', 4),
(176229750, '2BB84D99-3CD5-435B-BF2C-490560CD1A46', 'Happy four', '4C42A378-0103-4226-AF10-29388E4CEF55', 1, '0000-00-00 00:00:00', 4),
(176229751, 'BAB45246-2D51-451B-B636-44B39596BDA3', 'Happy four A', '4C42A378-0103-4226-AF10-29388E4CEF55', 1, '0000-00-00 00:00:00', 4),
(176229752, '829F60B0-E6B4-49AC-958E-35C7B0AA5357', 'ST-FRUIT-JUICE', 'C5F9151E-43A7-4126-A2B7-AE466FBD2970', 0, '0000-00-00 00:00:00', 4),
(176229753, '16EE9C98-6AF8-4167-BA3E-2ACBEE03DF40', 'Without pickels', '609CE134-236E-4FA2-A534-28761DAF3E84', 1, '0000-00-00 00:00:00', 4),
(176229754, '07255EF0-F25F-4892-B02E-06505A5202E8', 'Happy four A', '4C42A378-0103-4226-AF10-29388E4CEF55', 0, '0000-00-00 00:00:00', 4),
(176229755, 'A5AC638E-CF44-4CAD-9A88-3354A25D658F', 'Red wine', 'FED47BD0-11A8-445F-87ED-14045F08DF2E', 0, '0000-00-00 00:00:00', 4),
(176229756, '72815589-C794-4C27-A4FA-8281A617EB4D', 'Cocktail', 'FED47BD0-11A8-445F-87ED-14045F08DF2E', 0, '0000-00-00 00:00:00', 4),
(176229757, '2CC9930D-5A03-4206-841B-512B060EE030', 'Potatoes', '2DC76D5E-CCA1-4627-8442-79EE6ACFFC1F', 0, '0000-00-00 00:00:00', 4),
(176229758, '2E37997F-3D88-4C1C-8032-8970BD688023', 'Mustard sauce', 'A2B43D3E-228D-4A54-8F95-7D2BEA81609E', 1, '0000-00-00 00:00:00', 4),
(176229759, 'B4BBC19C-1433-442C-A6C4-0B93755AF470', 'La Catcheuse', '1A41C9AC-2BDA-421D-A64A-876A82F2A84F', 0, '0000-00-00 00:00:00', 4),
(176229760, 'F913355C-7989-43FD-B8B3-68ECA98C8DF5', 'White wine', 'FED47BD0-11A8-445F-87ED-14045F08DF2E', 0, '0000-00-00 00:00:00', 4),
(176229761, 'BE9C4B97-14C6-49BF-A7D0-8E4A2C03EB58', '', '4C42A378-0103-4226-AF10-29388E4CEF55', 1, '0000-00-00 00:00:00', 4),
(176229762, '40E4C366-5F12-45D0-958F-6AB6AC79354D', 'Mango sorbet', '9CB446E5-E6C9-41BA-A17F-3FF0DCA4496B', 1, '0000-00-00 00:00:00', 4),
(176229763, 'FF8DCB9A-FC2E-484D-82BE-35BA7DF8E94B', 'Kro', '59A13EB6-626F-4731-9688-E11E0301B285', 1, '0000-00-00 00:00:00', 4),
(176229764, '5AD4CFF7-187D-4F96-9AB7-D8A84902689A', 'La Rockeuse', '1A41C9AC-2BDA-421D-A64A-876A82F2A84F', 0, '0000-00-00 00:00:00', 4),
(176229765, '4A13A61B-0A88-428E-9E32-0E84E4A737D0', 'Sans dessert', '4C42A378-0103-4226-AF10-29388E4CEF55', 1, '0000-00-00 00:00:00', 4),
(176229766, '18AE5ED1-994C-4E26-A0C9-FB7B5A7F25AE', 'Without salad', '609CE134-236E-4FA2-A534-28761DAF3E84', 1, '0000-00-00 00:00:00', 4),
(176229767, 'BF6D9471-0544-487E-90E9-CD6BAE557802', 'ST-MOUSSE-CHOCO', '19E864A9-7FE1-4982-989D-F930E2C50091', 1, '0000-00-00 00:00:00', 4),
(176229768, '1C8AA85E-F481-4C31-AB28-D14F67FB9A47', 'Lemon cake', '19E864A9-7FE1-4982-989D-F930E2C50091', 0, '0000-00-00 00:00:00', 4),
(176229769, 'C55E0C38-C3FC-4D5D-B0E5-50ADCE1DFDE0', 'Happy four ', '4C42A378-0103-4226-AF10-29388E4CEF55', 1, '0000-00-00 00:00:00', 4),
(176229770, '327C1826-5F79-4B5B-964F-F2F7794AB68C', 'Pot mayo', '609CE134-236E-4FA2-A534-28761DAF3E84', 0, '0000-00-00 00:00:00', 4),
(176229771, '83513826-30E5-4CC7-ADB5-941E04F6F615', 'Salad coleslaw', '2DC76D5E-CCA1-4627-8442-79EE6ACFFC1F', 0, '0000-00-00 00:00:00', 4),
(176229772, '423E93DB-CACF-4924-8EF2-C66D8F8CB0C4', '', '4C42A378-0103-4226-AF10-29388E4CEF55', 1, '0000-00-00 00:00:00', 4),
(176229773, '5E735BB6-367D-403F-A80D-1AAC969EC74B', 'MT-COLESLAW', 'C5F9151E-43A7-4126-A2B7-AE466FBD2970', 0, '0000-00-00 00:00:00', 4),
(176229774, 'EB367366-82CE-4CD6-B65C-3768FDF67DD9', 'Without red pepper', '609CE134-236E-4FA2-A534-28761DAF3E84', 1, '0000-00-00 00:00:00', 4),
(176229775, '09856A12-4B4D-4C2D-96FF-D1636DAF7448', 'Mustard sauce', '609CE134-236E-4FA2-A534-28761DAF3E84', 0, '0000-00-00 00:00:00', 4),
(176229776, '588C8B8B-290F-4489-B13C-1B2741EF7D62', 'ST-BEER', '59A13EB6-626F-4731-9688-E11E0301B285', 1, '0000-00-00 00:00:00', 4),
(176229777, 'CB241284-4B20-4777-ADAE-E761BF81AF02', 'ST-COLA', 'C5F9151E-43A7-4126-A2B7-AE466FBD2970', 0, '0000-00-00 00:00:00', 4),
(176229778, '7849E6E6-CD24-4319-904E-340346E46393', 'Grand menu A', '4C42A378-0103-4226-AF10-29388E4CEF55', 0, '0000-00-00 00:00:00', 4),
(176229779, 'E92891C5-9966-42C3-BD23-AF317B35C665', 'Without sauce', 'A2B43D3E-228D-4A54-8F95-7D2BEA81609E', 1, '0000-00-00 00:00:00', 4),
(176229780, '4323AEEC-793B-4992-B135-69DC893C7DC1', 'Sans dessert', '4C42A378-0103-4226-AF10-29388E4CEF55', 1, '0000-00-00 00:00:00', 4),
(176229781, 'E3ABF4D7-32F2-4D80-939F-DFC8B824F116', 'Galette roi', '19E864A9-7FE1-4982-989D-F930E2C50091', 0, '0000-00-00 00:00:00', 4),
(176229782, '3F7758B3-0AE8-478F-B5AF-4950D282E3EC', 'Petit', 'B3690F84-8EDA-4811-BE7F-134303521C0E', 1, '0000-00-00 00:00:00', 4),
(176229783, 'E441BA41-70EB-494A-8A66-22D4522D26A4', 'Menu burger', '4C42A378-0103-4226-AF10-29388E4CEF55', 0, '0000-00-00 00:00:00', 4),
(176229784, '04BDC61A-9CE4-41E5-8272-89B04DFB3D97', 'Tata Monique', '1A41C9AC-2BDA-421D-A64A-876A82F2A84F', 0, '0000-00-00 00:00:00', 4),
(176229785, 'B7FFF815-187C-4AA6-9690-1045406ABAC7', 'Formule old', '4C42A378-0103-4226-AF10-29388E4CEF55', 1, '0000-00-00 00:00:00', 4),
(176229786, 'EA2E7BC7-23B2-469A-8FEF-557349104201', 'Cookie', '19E864A9-7FE1-4982-989D-F930E2C50091', 0, '0000-00-00 00:00:00', 4),
(176229787, 'C13D4B15-CF68-41F6-9153-6A25F9A7A6BE', 'Vegusto no-muh bloc', '609CE134-236E-4FA2-A534-28761DAF3E84', 0, '0000-00-00 00:00:00', 4),
(176229788, '4CC86D21-3F95-42B6-BE34-5058D42639BD', 'Coffee', 'A50B7013-623E-48AA-9133-A587E595F844', 0, '0000-00-00 00:00:00', 4),
(176229789, 'F78271D3-75A4-4970-9027-600CBEB6C646', 'Bionade ginger-orange ', '4E2082A1-1E07-47BB-90CD-C1CB2F6767F3', 0, '0000-00-00 00:00:00', 4),
(176229790, '26523F00-9751-47FD-9752-BB04624AD9B8', 'Perso', '1A41C9AC-2BDA-421D-A64A-876A82F2A84F', 0, '0000-00-00 00:00:00', 4),
(176229791, 'EC0CFA1F-575F-490C-906C-457FBC3351F6', 'ST-CARROT-CAKE', '19E864A9-7FE1-4982-989D-F930E2C50091', 1, '0000-00-00 00:00:00', 4),
(176229792, '65779B6B-8E05-4AB0-BD1F-F6EBAE33FD78', 'ST-STEAK', '609CE134-236E-4FA2-A534-28761DAF3E84', 1, '0000-00-00 00:00:00', 4),
(176229793, 'B1BE88CF-B34C-47CA-BB98-C492614325FF', 'Sac HANK', '609CE134-236E-4FA2-A534-28761DAF3E84', 0, '0000-00-00 00:00:00', 4),
(176229794, '57189C8E-1770-4310-96A4-214690D8274A', 'Juice multi', '15D150FB-0AB2-45EC-B0E2-D82A8E919709', 0, '0000-00-00 00:00:00', 4),
(176229795, '5345280F-0697-4F21-86A8-8773F5E3323D', 'MT-CARROT-CAKE', 'C5F9151E-43A7-4126-A2B7-AE466FBD2970', 0, '0000-00-00 00:00:00', 4),
(176229796, 'F81C32E5-2274-4C31-96CA-EEFEA3364B87', 'Bionade elderberries', '4E2082A1-1E07-47BB-90CD-C1CB2F6767F3', 0, '0000-00-00 00:00:00', 4),
(176229797, '97B35877-50C2-4DAC-9741-28FCDD51CE93', 'ST-SOY MILK', 'C5F9151E-43A7-4126-A2B7-AE466FBD2970', 0, '0000-00-00 00:00:00', 4),
(176229798, 'A41BD61F-98A7-4BF3-80B1-1204AB922CD5', 'MT-TATA MONIQUE', '1A41C9AC-2BDA-421D-A64A-876A82F2A84F', 0, '0000-00-00 00:00:00', 4),
(176229799, 'FF93E830-5357-43C1-ABCA-DAFCA8956945', 'Without tomatoes', '609CE134-236E-4FA2-A534-28761DAF3E84', 1, '0000-00-00 00:00:00', 4),
(176229800, 'B8DCB433-A43D-4C48-8DE2-03F32D90B95F', 'Extra steak', '609CE134-236E-4FA2-A534-28761DAF3E84', 1, '0000-00-00 00:00:00', 4),
(176229801, 'AB83C3C6-A9C5-4F0A-B7B3-F5A9FCB17055', 'ST-TORTILLA SAC', 'C5F9151E-43A7-4126-A2B7-AE466FBD2970', 1, '0000-00-00 00:00:00', 4),
(176229802, 'B5DB01FF-6C2F-4092-89F3-08CC02D75B07', 'MT-ROCKEUSE', '1A41C9AC-2BDA-421D-A64A-876A82F2A84F', 0, '0000-00-00 00:00:00', 4),
(176229803, '0C0DFF0A-079A-494C-BADF-9862B5DE45D2', 'Formule jl', '4C42A378-0103-4226-AF10-29388E4CEF55', 1, '0000-00-00 00:00:00', 4),
(176229804, 'E87B7135-1C86-469F-BE11-F11A9EC2E55F', 'ST-COOKIE', '19E864A9-7FE1-4982-989D-F930E2C50091', 1, '0000-00-00 00:00:00', 4),
(176229805, '9DCD81D1-DD7B-4FEB-A180-ECD89B144FA4', 'Ginger-orange bionade', '4E2082A1-1E07-47BB-90CD-C1CB2F6767F3', 1, '0000-00-00 00:00:00', 4),
(176229806, '9F81865C-D1D2-4AEB-ACDF-72D9B18A8AD9', 'Soupe/gazpacho', '2DC76D5E-CCA1-4627-8442-79EE6ACFFC1F', 0, '0000-00-00 00:00:00', 4),
(176229807, 'CDAE28D7-2B9E-4161-AE6C-81FC297D4009', 'MT-ALLUME', '1A41C9AC-2BDA-421D-A64A-876A82F2A84F', 0, '0000-00-00 00:00:00', 4),
(176229808, '1EF589BD-002E-40F2-B203-7A6BEF9C1C1D', 'Veganaise sauce', '609CE134-236E-4FA2-A534-28761DAF3E84', 0, '0000-00-00 00:00:00', 4),
(176229809, '0802A1F1-FCCB-488E-BA41-DF996B296114', 'Gluten free', '609CE134-236E-4FA2-A534-28761DAF3E84', 0, '0000-00-00 00:00:00', 4),
(176229810, '4708D8EB-0916-4446-97AB-4E64FB63F22A', 'Juice apple ', '15D150FB-0AB2-45EC-B0E2-D82A8E919709', 0, '0000-00-00 00:00:00', 4),
(176229811, 'A8070C5A-FAED-444F-8D50-2B52F3FDE942', 'Petit menu A', '4C42A378-0103-4226-AF10-29388E4CEF55', 0, '0000-00-00 00:00:00', 4),
(176229812, 'CAA453DE-4D81-4712-ABFD-99EC451A71AA', '', 'B3690F84-8EDA-4811-BE7F-134303521C0E', 1, '0000-00-00 00:00:00', 4),
(176229813, '4A0DC9C4-8826-411B-8EE5-D2F55AD01AD3', 'ST-SALADE-TOPPING', '1A41C9AC-2BDA-421D-A64A-876A82F2A84F', 0, '0000-00-00 00:00:00', 4),
(176229814, 'EA872F3C-BD95-4610-A3E0-FE91BAF77925', 'Ice tea', '15D150FB-0AB2-45EC-B0E2-D82A8E919709', 0, '0000-00-00 00:00:00', 4),
(176229815, '3E09B610-EE20-4035-BAF7-7661F0606EF2', 'Celtique still', '07854F5A-0DC4-4AE6-9D18-2AF4E9862304', 0, '0000-00-00 00:00:00', 4),
(176229816, 'B9F6B384-C673-4991-8E61-EC89F9B4842D', 'Juice peach ', '15D150FB-0AB2-45EC-B0E2-D82A8E919709', 0, '0000-00-00 00:00:00', 4),
(176229817, '425A74E7-406A-4CAB-9393-F0E02132A178', 'ST-BURGER', '1A41C9AC-2BDA-421D-A64A-876A82F2A84F', 1, '0000-00-00 00:00:00', 4),
(176229818, '1C9F03C4-28DD-485A-9300-5EBE6DBF2AB2', 'ST-VEGUSTO-BATON-1', 'C5F9151E-43A7-4126-A2B7-AE466FBD2970', 0, '0000-00-00 00:00:00', 4),
(176229819, 'DCCA77D7-A369-4D86-A667-7891EB78BB5A', 'Dessert day', 'E8CAE7CB-E12F-4D5A-9F58-41E7EA7E36BC', 0, '0000-00-00 00:00:00', 4),
(176229820, '50854038-0664-46A0-AD4C-995A030F6F93', 'ST-BIONADE', 'C5F9151E-43A7-4126-A2B7-AE466FBD2970', 0, '0000-00-00 00:00:00', 4),
(176229821, '5B0D44BD-315C-417E-A7E3-15B36E7758CD', '', 'B3690F84-8EDA-4811-BE7F-134303521C0E', 1, '0000-00-00 00:00:00', 4),
(176229822, '67940C42-0C5D-47A9-B55A-E07E6E530B58', '', 'B3690F84-8EDA-4811-BE7F-134303521C0E', 1, '0000-00-00 00:00:00', 4),
(176229823, '2B4F4056-CD71-48BF-A8DA-95575364F8C6', 'Consos staff', '609CE134-236E-4FA2-A534-28761DAF3E84', 0, '0000-00-00 00:00:00', 4),
(176229824, '009B26D6-6586-4E61-9BD2-8380DB74C4F5', 'MT-THE', 'C5F9151E-43A7-4126-A2B7-AE466FBD2970', 0, '0000-00-00 00:00:00', 4),
(176229825, '0610CE03-B05D-4AB7-9A28-67C7FF05A7C6', 'Dessert in menu', '609CE134-236E-4FA2-A534-28761DAF3E84', 0, '0000-00-00 00:00:00', 4),
(176229826, '0344CBE7-B74D-48B6-B2F2-F42A30334A50', 'Happy four À', '4C42A378-0103-4226-AF10-29388E4CEF55', 1, '0000-00-00 00:00:00', 4),
(176229827, 'E85A8CFC-C1BE-44F7-8565-C7889C0A4DB1', 'Bionade Ginger', 'A9BC57D1-F5BD-46E6-A73C-B60FFB058D0F', 1, '0000-00-00 00:00:00', 4),
(176229828, 'F09937AA-18A9-4675-9BC9-3042648C88D2', 'Water glass', 'B3690F84-8EDA-4811-BE7F-134303521C0E', 0, '0000-00-00 00:00:00', 4),
(176229829, 'E5C0CBE2-E158-4BC0-9ED6-F5FF5A664D3A', 'ST-GLUTENFREE-BREAD', 'C5F9151E-43A7-4126-A2B7-AE466FBD2970', 0, '0000-00-00 00:00:00', 4),
(176229830, '2D4C5805-BB1F-412F-8C73-854E5B492DD2', 'ST-SIDE', '2DC76D5E-CCA1-4627-8442-79EE6ACFFC1F', 1, '0000-00-00 00:00:00', 4),
(176229831, '44C4E205-2ABE-42CF-B07C-D484DA761A72', 'Celtique sparkling', '07854F5A-0DC4-4AE6-9D18-2AF4E9862304', 0, '0000-00-00 00:00:00', 4),
(176229832, '0561D89F-9335-4F1E-BE35-C5F087B2EFE3', 'White peach sorbet', '9CB446E5-E6C9-41BA-A17F-3FF0DCA4496B', 1, '0000-00-00 00:00:00', 4),
(176229833, '4D082016-C6EC-43E3-8C12-620D7A6C302B', 'Rosée wine', 'FED47BD0-11A8-445F-87ED-14045F08DF2E', 0, '0000-00-00 00:00:00', 4),
(176229834, '245F5125-796A-46DC-A01A-5498AC8BCC5A', 'Ketchup sauce', '609CE134-236E-4FA2-A534-28761DAF3E84', 0, '0000-00-00 00:00:00', 4),
(176229835, 'D922B314-24F7-42D0-92FF-DD80FC341713', 'Salad of the day ', '2DC76D5E-CCA1-4627-8442-79EE6ACFFC1F', 0, '0000-00-00 00:00:00', 4),
(176229836, '1BE536B5-F0D2-4FC7-8DD2-BA04901DB90A', 'Smoothie', '19E864A9-7FE1-4982-989D-F930E2C50091', 0, '0000-00-00 00:00:00', 4),
(176229837, '7B3484F9-28A7-4488-B699-5CABEF665E0A', 'MT-CATCHEUSE', '1A41C9AC-2BDA-421D-A64A-876A82F2A84F', 0, '0000-00-00 00:00:00', 4),
(176229838, 'B3AD3BE6-9394-4E60-914F-001C225A6BDA', 'Cola', '15D150FB-0AB2-45EC-B0E2-D82A8E919709', 0, '0000-00-00 00:00:00', 4),
(176229839, '567A78B2-1B79-4F1E-B383-D498F3F80CAA', '', '4C42A378-0103-4226-AF10-29388E4CEF55', 1, '0000-00-00 00:00:00', 4),
(176229840, '9B0AC897-B054-4FD3-ADDA-C9CC22B5B693', 'Without sauce', '609CE134-236E-4FA2-A534-28761DAF3E84', 1, '0000-00-00 00:00:00', 4),
(176229841, '21BCA5F8-6A98-46B0-B12E-3EBE0EB36A85', 'ST-SAUCE', '609CE134-236E-4FA2-A534-28761DAF3E84', 1, '0000-00-00 00:00:00', 4),
(176229842, '51D83AB9-A940-4DB8-BC7D-14B8998258F7', '', '4C42A378-0103-4226-AF10-29388E4CEF55', 1, '0000-00-00 00:00:00', 4),
(176229843, 'EF887FBD-88F8-4972-B68A-E630B5358A7D', 'MT-BALINAIS', '1A41C9AC-2BDA-421D-A64A-876A82F2A84F', 0, '0000-00-00 00:00:00', 4),
(176229844, '49080C01-D9E4-4FDB-A549-E012B0FC9667', 'Raspberry sorbet', '9CB446E5-E6C9-41BA-A17F-3FF0DCA4496B', 1, '0000-00-00 00:00:00', 4),
(176229845, '428B06B8-3A2F-459E-A1F6-C8765738409E', 'Potatoes cheese', '2DC76D5E-CCA1-4627-8442-79EE6ACFFC1F', 1, '0000-00-00 00:00:00', 4),
(176229846, '909A427F-2EDE-4D62-B391-B616EC19423A', '', '4C42A378-0103-4226-AF10-29388E4CEF55', 1, '0000-00-00 00:00:00', 4),
(176229847, '3D779B6B-A79D-441D-B525-B7B0B3E507B9', 'MT-COOKIE', 'C5F9151E-43A7-4126-A2B7-AE466FBD2970', 0, '0000-00-00 00:00:00', 4),
(176229848, 'C4FE067D-C0C6-4770-98D4-A61F001982AD', 'Burger extra cheese', '609CE134-236E-4FA2-A534-28761DAF3E84', 0, '0000-00-00 00:00:00', 4),
(176229849, '09ECC123-32F4-4989-B939-D0F1FFD58AC9', '', '4C42A378-0103-4226-AF10-29388E4CEF55', 1, '0000-00-00 00:00:00', 4),
(176229850, 'B1183C49-BB21-4C9C-AB4D-5F4A90011635', 'ST-POT MAYO', 'C5F9151E-43A7-4126-A2B7-AE466FBD2970', 0, '0000-00-00 00:00:00', 4),
(176229851, '408E354B-ED17-4765-BCDA-82FC9CB01A71', 'Le Touriste', '1A41C9AC-2BDA-421D-A64A-876A82F2A84F', 0, '0000-00-00 00:00:00', 4),
(176229852, 'BD03FEA6-8C0B-4544-B74A-9CBCD33189DA', 'Amber beer', '59A13EB6-626F-4731-9688-E11E0301B285', 1, '0000-00-00 00:00:00', 4),
(176229853, '4AD71DD2-8BA9-4854-B2D3-7E8139E717B9', 'Menu happy four', '4C42A378-0103-4226-AF10-29388E4CEF55', 0, '0000-00-00 00:00:00', 4),
(176229854, '3F4ED4EA-0F43-4C10-AC6E-D16D799FE938', 'L''Allumé', '1A41C9AC-2BDA-421D-A64A-876A82F2A84F', 0, '0000-00-00 00:00:00', 4),
(176229855, '34CDD2FF-25FD-4F27-BE57-6A7737A600BE', 'ST-WATER STILL', 'C5F9151E-43A7-4126-A2B7-AE466FBD2970', 0, '0000-00-00 00:00:00', 4),
(176229856, '6BDBE0D2-B551-4D92-A900-FC43CD5E0819', 'Without alfalfa', '609CE134-236E-4FA2-A534-28761DAF3E84', 1, '0000-00-00 00:00:00', 4),
(176229857, '4DE5D100-82D3-4D86-B4C5-62885BAB0C10', 'Without olives', '609CE134-236E-4FA2-A534-28761DAF3E84', 1, '0000-00-00 00:00:00', 4),
(176229858, '6ED7ECD5-FB3C-4611-81AF-9C73A813D103', 'Elderberries bionade', '4E2082A1-1E07-47BB-90CD-C1CB2F6767F3', 1, '0000-00-00 00:00:00', 4),
(176229859, '88D9970F-89AF-4510-B7F4-6DF6977FC181', 'Mayo sauce', 'A2B43D3E-228D-4A54-8F95-7D2BEA81609E', 1, '0000-00-00 00:00:00', 4),
(176229860, '1CD7A504-FF7D-4A9C-A6FC-986DC1E4ED1C', 'Parmesan', '609CE134-236E-4FA2-A534-28761DAF3E84', 1, '0000-00-00 00:00:00', 4),
(176229861, '40905174-57A8-4A2C-970A-DC5DF2AF2A82', 'Without salad', '59A13EB6-626F-4731-9688-E11E0301B285', 1, '0000-00-00 00:00:00', 4),
(176229862, 'F8C472A1-7AC0-4C6A-A6EA-E7669BA71EB0', 'Coffee late', 'A50B7013-623E-48AA-9133-A587E595F844', 1, '0000-00-00 00:00:00', 4),
(176229863, 'D326FD06-B9CC-45B4-A08C-B0EB77D72956', 'Sorbet', '19E864A9-7FE1-4982-989D-F930E2C50091', 0, '0000-00-00 00:00:00', 4),
(176229864, '94E2C05E-FC06-47AD-A03A-D9741B437AAA', 'ST-DESSERT-DAY', 'C5F9151E-43A7-4126-A2B7-AE466FBD2970', 0, '0000-00-00 00:00:00', 4),
(176229865, 'DAA478C9-AB5B-44C3-A5E1-6E31C39C61A3', 'Carrot cake', '19E864A9-7FE1-4982-989D-F930E2C50091', 0, '0000-00-00 00:00:00', 4),
(176229866, '6368D20A-9CBF-4473-A972-BDCC75139351', 'Juice abricot ', '59A13EB6-626F-4731-9688-E11E0301B285', 0, '0000-00-00 00:00:00', 4),
(176229867, '47052A15-0C61-4091-9B9C-D7789AE4F9F1', 'ST-POTATOES', 'C5F9151E-43A7-4126-A2B7-AE466FBD2970', 0, '0000-00-00 00:00:00', 4),
(176229868, 'AE8DD39E-AE8F-45A7-962D-A71581838658', 'ST-BREAD-FRESH', '609CE134-236E-4FA2-A534-28761DAF3E84', 1, '0000-00-00 00:00:00', 4),
(176229869, 'CB7BD6F9-7944-4A57-B7CA-17A2C642BA12', 'MT-TOURISTE', '1A41C9AC-2BDA-421D-A64A-876A82F2A84F', 0, '0000-00-00 00:00:00', 4),
(176229870, '0A17BB7A-47C7-4009-AE84-2872D22A4FF1', 'Juice orange', '15D150FB-0AB2-45EC-B0E2-D82A8E919709', 0, '0000-00-00 00:00:00', 4),
(176229871, '475B1BD2-8689-4EF0-97AA-745B2533ADCE', 'Potatoes', '2DC76D5E-CCA1-4627-8442-79EE6ACFFC1F', 1, '0000-00-00 00:00:00', 4),
(176229872, '1E0C5498-1828-4F2F-ADFF-D3511D7DAAAB', 'MT-CAFE', 'C5F9151E-43A7-4126-A2B7-AE466FBD2970', 0, '0000-00-00 00:00:00', 4),
(176229873, '4395541F-EAB7-45B0-AFAC-FA69AC4D94E1', 'Juice', '15D150FB-0AB2-45EC-B0E2-D82A8E919709', 0, '0000-00-00 00:00:00', 4),
(176229874, 'B5DB01FF-6C2F-4092-89F3-08CC02D75B07', 'MT-ROCKEUSE', '1A41C9AC-2BDA-421D-A64A-876A82F2A84F', 0, '0000-00-00 00:00:00', 3),
(176229875, 'BAB45246-2D51-451B-B636-44B39596BDA3', 'Happy four A', '4C42A378-0103-4226-AF10-29388E4CEF55', 1, '0000-00-00 00:00:00', 3),
(176229876, 'DAA478C9-AB5B-44C3-A5E1-6E31C39C61A3', 'Carrot cake', '19E864A9-7FE1-4982-989D-F930E2C50091', 0, '0000-00-00 00:00:00', 3),
(176229877, 'EC1EE051-9516-4C16-8037-73671B2B4FC6', 'ST-SIDE-OFTHEDAY', 'C5F9151E-43A7-4126-A2B7-AE466FBD2970', 0, '0000-00-00 00:00:00', 3),
(176229878, 'EA872F3C-BD95-4610-A3E0-FE91BAF77925', 'Ice tea', '15D150FB-0AB2-45EC-B0E2-D82A8E919709', 0, '0000-00-00 00:00:00', 3),
(176229879, '0344CBE7-B74D-48B6-B2F2-F42A30334A50', 'Happy four À', '4C42A378-0103-4226-AF10-29388E4CEF55', 1, '0000-00-00 00:00:00', 3),
(176229880, '1BE536B5-F0D2-4FC7-8DD2-BA04901DB90A', 'Smoothie', '19E864A9-7FE1-4982-989D-F930E2C50091', 0, '0000-00-00 00:00:00', 3),
(176229881, 'E53F74CC-5CC2-45FE-902B-E12504BA9DE8', 'Without steak', '609CE134-236E-4FA2-A534-28761DAF3E84', 1, '0000-00-00 00:00:00', 3),
(176229882, 'EB367366-82CE-4CD6-B65C-3768FDF67DD9', 'Without red pepper', '609CE134-236E-4FA2-A534-28761DAF3E84', 1, '0000-00-00 00:00:00', 3),
(176229883, '3E09B610-EE20-4035-BAF7-7661F0606EF2', 'Celtique still', '07854F5A-0DC4-4AE6-9D18-2AF4E9862304', 0, '0000-00-00 00:00:00', 3),
(176229884, '09856A12-4B4D-4C2D-96FF-D1636DAF7448', 'Mustard sauce', '609CE134-236E-4FA2-A534-28761DAF3E84', 0, '0000-00-00 00:00:00', 3),
(176229885, 'AE8DD39E-AE8F-45A7-962D-A71581838658', 'ST-BREAD-FRESH', '609CE134-236E-4FA2-A534-28761DAF3E84', 1, '0000-00-00 00:00:00', 3),
(176229886, 'F913355C-7989-43FD-B8B3-68ECA98C8DF5', 'White wine', 'FED47BD0-11A8-445F-87ED-14045F08DF2E', 0, '0000-00-00 00:00:00', 3),
(176229887, 'E3ABF4D7-32F2-4D80-939F-DFC8B824F116', 'Galette roi', '19E864A9-7FE1-4982-989D-F930E2C50091', 0, '0000-00-00 00:00:00', 3),
(176229888, '16EE9C98-6AF8-4167-BA3E-2ACBEE03DF40', 'Without pickels', '609CE134-236E-4FA2-A534-28761DAF3E84', 1, '0000-00-00 00:00:00', 3),
(176229889, '18AE5ED1-994C-4E26-A0C9-FB7B5A7F25AE', 'Without salad', '609CE134-236E-4FA2-A534-28761DAF3E84', 1, '0000-00-00 00:00:00', 3),
(176229890, 'DCCA77D7-A369-4D86-A667-7891EB78BB5A', 'Dessert day', 'E8CAE7CB-E12F-4D5A-9F58-41E7EA7E36BC', 0, '0000-00-00 00:00:00', 3),
(176229891, '0A17BB7A-47C7-4009-AE84-2872D22A4FF1', 'Juice orange', '15D150FB-0AB2-45EC-B0E2-D82A8E919709', 0, '0000-00-00 00:00:00', 3),
(176229892, 'B8DCB433-A43D-4C48-8DE2-03F32D90B95F', 'Extra steak', '609CE134-236E-4FA2-A534-28761DAF3E84', 1, '0000-00-00 00:00:00', 3),
(176229893, '65779B6B-8E05-4AB0-BD1F-F6EBAE33FD78', 'ST-STEAK', '609CE134-236E-4FA2-A534-28761DAF3E84', 1, '0000-00-00 00:00:00', 3),
(176229894, '7B3484F9-28A7-4488-B699-5CABEF665E0A', 'MT-CATCHEUSE', '1A41C9AC-2BDA-421D-A64A-876A82F2A84F', 0, '0000-00-00 00:00:00', 3),
(176229895, '4323AEEC-793B-4992-B135-69DC893C7DC1', 'Sans dessert', '4C42A378-0103-4226-AF10-29388E4CEF55', 1, '0000-00-00 00:00:00', 3),
(176229896, '1C8AA85E-F481-4C31-AB28-D14F67FB9A47', 'Lemon cake', '19E864A9-7FE1-4982-989D-F930E2C50091', 0, '0000-00-00 00:00:00', 3),
(176229897, '88D9970F-89AF-4510-B7F4-6DF6977FC181', 'Mayo sauce', 'A2B43D3E-228D-4A54-8F95-7D2BEA81609E', 1, '0000-00-00 00:00:00', 3),
(176229898, 'CDAE28D7-2B9E-4161-AE6C-81FC297D4009', 'MT-ALLUME', '1A41C9AC-2BDA-421D-A64A-876A82F2A84F', 0, '0000-00-00 00:00:00', 3),
(176229899, 'E3E3229B-CCCE-4749-BB2E-1057279D7B1A', 'Extra spice', '609CE134-236E-4FA2-A534-28761DAF3E84', 1, '0000-00-00 00:00:00', 3),
(176229900, 'E87B7135-1C86-469F-BE11-F11A9EC2E55F', 'ST-COOKIE', '19E864A9-7FE1-4982-989D-F930E2C50091', 1, '0000-00-00 00:00:00', 3),
(176229901, '279C61AC-1CF8-409E-BDF6-DF886DE568A2', 'Without sauce', 'A2B43D3E-228D-4A54-8F95-7D2BEA81609E', 1, '0000-00-00 00:00:00', 3),
(176229902, '4AD71DD2-8BA9-4854-B2D3-7E8139E717B9', 'Menu happy four', '4C42A378-0103-4226-AF10-29388E4CEF55', 0, '0000-00-00 00:00:00', 3),
(176229903, '2BB84D99-3CD5-435B-BF2C-490560CD1A46', 'Happy four', '4C42A378-0103-4226-AF10-29388E4CEF55', 1, '0000-00-00 00:00:00', 3),
(176229904, '327C1826-5F79-4B5B-964F-F2F7794AB68C', 'Pot mayo', '609CE134-236E-4FA2-A534-28761DAF3E84', 0, '0000-00-00 00:00:00', 3),
(176229905, 'BE9C4B97-14C6-49BF-A7D0-8E4A2C03EB58', '', '4C42A378-0103-4226-AF10-29388E4CEF55', 1, '0000-00-00 00:00:00', 3),
(176229906, '425A74E7-406A-4CAB-9393-F0E02132A178', 'ST-BURGER', '1A41C9AC-2BDA-421D-A64A-876A82F2A84F', 1, '0000-00-00 00:00:00', 3),
(176229907, '004785F8-0125-471A-8649-F5A93CF5BDD7', 'Gluten free beer', '59A13EB6-626F-4731-9688-E11E0301B285', 1, '0000-00-00 00:00:00', 3),
(176229908, '5B0D44BD-315C-417E-A7E3-15B36E7758CD', '', 'B3690F84-8EDA-4811-BE7F-134303521C0E', 1, '0000-00-00 00:00:00', 3),
(176229909, 'AB83C3C6-A9C5-4F0A-B7B3-F5A9FCB17055', 'ST-TORTILLA SAC', 'C5F9151E-43A7-4126-A2B7-AE466FBD2970', 1, '0000-00-00 00:00:00', 3),
(176229910, '09ECC123-32F4-4989-B939-D0F1FFD58AC9', '', '4C42A378-0103-4226-AF10-29388E4CEF55', 1, '0000-00-00 00:00:00', 3),
(176229911, '56460C6D-7420-4F84-B23D-DA736DE2C92F', 'Chocolate mousse', '19E864A9-7FE1-4982-989D-F930E2C50091', 0, '0000-00-00 00:00:00', 3),
(176229912, 'B1183C49-BB21-4C9C-AB4D-5F4A90011635', 'ST-POT MAYO', 'C5F9151E-43A7-4126-A2B7-AE466FBD2970', 0, '0000-00-00 00:00:00', 3),
(176229913, 'D922B314-24F7-42D0-92FF-DD80FC341713', 'Salad of the day ', '2DC76D5E-CCA1-4627-8442-79EE6ACFFC1F', 0, '0000-00-00 00:00:00', 3),
(176229914, '27F94C1A-C0BA-4FDE-8F47-1CB5DC5F9400', 'ST-WATER SPARKLING', 'C5F9151E-43A7-4126-A2B7-AE466FBD2970', 0, '0000-00-00 00:00:00', 3),
(176229915, '21BCA5F8-6A98-46B0-B12E-3EBE0EB36A85', 'ST-SAUCE', '609CE134-236E-4FA2-A534-28761DAF3E84', 1, '0000-00-00 00:00:00', 3),
(176229916, 'FF8DCB9A-FC2E-484D-82BE-35BA7DF8E94B', 'Kro', '59A13EB6-626F-4731-9688-E11E0301B285', 1, '0000-00-00 00:00:00', 3),
(176229917, 'B95C4250-F1B3-47AA-9C71-BDD79D8E4D5B', 'Dessert later', '19E864A9-7FE1-4982-989D-F930E2C50091', 0, '0000-00-00 00:00:00', 3),
(176229918, '909A427F-2EDE-4D62-B391-B616EC19423A', '', '4C42A378-0103-4226-AF10-29388E4CEF55', 1, '0000-00-00 00:00:00', 3),
(176229919, '35090052-BC6C-4920-A942-19304A55C7B7', 'Le Special', '1A41C9AC-2BDA-421D-A64A-876A82F2A84F', 0, '0000-00-00 00:00:00', 3),
(176229920, '6BDBE0D2-B551-4D92-A900-FC43CD5E0819', 'Without alfalfa', '609CE134-236E-4FA2-A534-28761DAF3E84', 1, '0000-00-00 00:00:00', 3),
(176229921, '428B06B8-3A2F-459E-A1F6-C8765738409E', 'Potatoes cheese', '2DC76D5E-CCA1-4627-8442-79EE6ACFFC1F', 1, '0000-00-00 00:00:00', 3),
(176229922, '6ED7ECD5-FB3C-4611-81AF-9C73A813D103', 'Elderberries bionade', '4E2082A1-1E07-47BB-90CD-C1CB2F6767F3', 1, '0000-00-00 00:00:00', 3),
(176229923, '3D779B6B-A79D-441D-B525-B7B0B3E507B9', 'MT-COOKIE', 'C5F9151E-43A7-4126-A2B7-AE466FBD2970', 0, '0000-00-00 00:00:00', 3),
(176229924, 'EA2E7BC7-23B2-469A-8FEF-557349104201', 'Cookie', '19E864A9-7FE1-4982-989D-F930E2C50091', 0, '0000-00-00 00:00:00', 3),
(176229925, '7849E6E6-CD24-4319-904E-340346E46393', 'Grand menu A', '4C42A378-0103-4226-AF10-29388E4CEF55', 0, '0000-00-00 00:00:00', 3),
(176229926, 'A13DA1DE-3AB2-4024-AB41-C5A0012867B2', 'ST-COOKIE', 'C5F9151E-43A7-4126-A2B7-AE466FBD2970', 0, '0000-00-00 00:00:00', 3),
(176229927, '829F60B0-E6B4-49AC-958E-35C7B0AA5357', 'ST-FRUIT-JUICE', 'C5F9151E-43A7-4126-A2B7-AE466FBD2970', 0, '0000-00-00 00:00:00', 3),
(176229928, 'A8070C5A-FAED-444F-8D50-2B52F3FDE942', 'Petit menu A', '4C42A378-0103-4226-AF10-29388E4CEF55', 0, '0000-00-00 00:00:00', 3),
(176229929, '83513826-30E5-4CC7-ADB5-941E04F6F615', 'Salad coleslaw', '2DC76D5E-CCA1-4627-8442-79EE6ACFFC1F', 0, '0000-00-00 00:00:00', 3),
(176229930, '245F5125-796A-46DC-A01A-5498AC8BCC5A', 'Ketchup sauce', '609CE134-236E-4FA2-A534-28761DAF3E84', 0, '0000-00-00 00:00:00', 3),
(176229931, '47052A15-0C61-4091-9B9C-D7789AE4F9F1', 'ST-POTATOES', 'C5F9151E-43A7-4126-A2B7-AE466FBD2970', 0, '0000-00-00 00:00:00', 3),
(176229932, '1E62A318-4996-41BB-8DC6-E7BB1C6773AC', 'Le Petit Nerveux', '1A41C9AC-2BDA-421D-A64A-876A82F2A84F', 0, '0000-00-00 00:00:00', 3),
(176229933, '3F4ED4EA-0F43-4C10-AC6E-D16D799FE938', 'L''Allumé', '1A41C9AC-2BDA-421D-A64A-876A82F2A84F', 0, '0000-00-00 00:00:00', 3),
(176229934, 'A41BD61F-98A7-4BF3-80B1-1204AB922CD5', 'MT-TATA MONIQUE', '1A41C9AC-2BDA-421D-A64A-876A82F2A84F', 0, '0000-00-00 00:00:00', 3),
(176229935, 'F09937AA-18A9-4675-9BC9-3042648C88D2', 'Water glass', 'B3690F84-8EDA-4811-BE7F-134303521C0E', 0, '0000-00-00 00:00:00', 3),
(176229936, 'F0759AC8-868B-4A92-8588-9BA90F9892EE', 'Lemon sorbet', '9CB446E5-E6C9-41BA-A17F-3FF0DCA4496B', 1, '0000-00-00 00:00:00', 3),
(176229937, 'A5AC638E-CF44-4CAD-9A88-3354A25D658F', 'Red wine', 'FED47BD0-11A8-445F-87ED-14045F08DF2E', 0, '0000-00-00 00:00:00', 3),
(176229938, '3CA19D95-5A59-42B9-B54C-9E352BE3F627', 'Tea', 'A50B7013-623E-48AA-9133-A587E595F844', 0, '0000-00-00 00:00:00', 3),
(176229939, '72815589-C794-4C27-A4FA-8281A617EB4D', 'Cocktail', 'FED47BD0-11A8-445F-87ED-14045F08DF2E', 0, '0000-00-00 00:00:00', 3),
(176229940, '4D082016-C6EC-43E3-8C12-620D7A6C302B', 'Rosée wine', 'FED47BD0-11A8-445F-87ED-14045F08DF2E', 0, '0000-00-00 00:00:00', 3),
(176229941, 'F81C32E5-2274-4C31-96CA-EEFEA3364B87', 'Bionade elderberries', '4E2082A1-1E07-47BB-90CD-C1CB2F6767F3', 0, '0000-00-00 00:00:00', 3),
(176229942, '4708D8EB-0916-4446-97AB-4E64FB63F22A', 'Juice apple ', '15D150FB-0AB2-45EC-B0E2-D82A8E919709', 0, '0000-00-00 00:00:00', 3),
(176229943, '0802A1F1-FCCB-488E-BA41-DF996B296114', 'Gluten free bread', '609CE134-236E-4FA2-A534-28761DAF3E84', 0, '0000-00-00 00:00:00', 3),
(176229944, '588C8B8B-290F-4489-B13C-1B2741EF7D62', 'ST-BEER', '59A13EB6-626F-4731-9688-E11E0301B285', 1, '0000-00-00 00:00:00', 3),
(176229945, 'BD03FEA6-8C0B-4544-B74A-9CBCD33189DA', 'Amber beer', '59A13EB6-626F-4731-9688-E11E0301B285', 1, '0000-00-00 00:00:00', 3),
(176229946, '756E193D-4076-416D-B298-0ED6141B7D2D', 'Crumble pomme', '19E864A9-7FE1-4982-989D-F930E2C50091', 0, '0000-00-00 00:00:00', 3),
(176229947, '57189C8E-1770-4310-96A4-214690D8274A', 'Juice multi', '15D150FB-0AB2-45EC-B0E2-D82A8E919709', 0, '0000-00-00 00:00:00', 3),
(176229948, '4CC86D21-3F95-42B6-BE34-5058D42639BD', 'Coffee', 'A50B7013-623E-48AA-9133-A587E595F844', 0, '0000-00-00 00:00:00', 3),
(176229949, '9DCD81D1-DD7B-4FEB-A180-ECD89B144FA4', 'Ginger-orange bionade', '4E2082A1-1E07-47BB-90CD-C1CB2F6767F3', 1, '0000-00-00 00:00:00', 3),
(176229950, '43F0A76D-67CA-49CC-971E-B8C3701C5F57', 'Potatoes exra cheese', '609CE134-236E-4FA2-A534-28761DAF3E84', 0, '0000-00-00 00:00:00', 3),
(176229951, 'FF93E830-5357-43C1-ABCA-DAFCA8956945', 'Without tomatoes', '609CE134-236E-4FA2-A534-28761DAF3E84', 1, '0000-00-00 00:00:00', 3),
(176229952, '94E2C05E-FC06-47AD-A03A-D9741B437AAA', 'ST-DESSERT-DAY', 'C5F9151E-43A7-4126-A2B7-AE466FBD2970', 0, '0000-00-00 00:00:00', 3),
(176229953, 'E85A8CFC-C1BE-44F7-8565-C7889C0A4DB1', 'Bionade Ginger', 'A9BC57D1-F5BD-46E6-A73C-B60FFB058D0F', 1, '0000-00-00 00:00:00', 3),
(176229954, '1EF589BD-002E-40F2-B203-7A6BEF9C1C1D', 'Veganaise sauce', '609CE134-236E-4FA2-A534-28761DAF3E84', 0, '0000-00-00 00:00:00', 3),
(176229955, '2D4C5805-BB1F-412F-8C73-854E5B492DD2', 'ST-SIDE', '2DC76D5E-CCA1-4627-8442-79EE6ACFFC1F', 1, '0000-00-00 00:00:00', 3),
(176229956, 'B3AD3BE6-9394-4E60-914F-001C225A6BDA', 'Cola', '15D150FB-0AB2-45EC-B0E2-D82A8E919709', 0, '0000-00-00 00:00:00', 3),
(176229957, '8B1CB32F-0831-4D36-981D-B20A914C7B67', 'Bionade ochardfruits ', '4E2082A1-1E07-47BB-90CD-C1CB2F6767F3', 0, '0000-00-00 00:00:00', 3),
(176229958, '423E93DB-CACF-4924-8EF2-C66D8F8CB0C4', '', '4C42A378-0103-4226-AF10-29388E4CEF55', 1, '0000-00-00 00:00:00', 3),
(176229959, '2E37997F-3D88-4C1C-8032-8970BD688023', 'Mustard sauce', 'A2B43D3E-228D-4A54-8F95-7D2BEA81609E', 1, '0000-00-00 00:00:00', 3),
(176229960, '0561D89F-9335-4F1E-BE35-C5F087B2EFE3', 'White peach sorbet', '9CB446E5-E6C9-41BA-A17F-3FF0DCA4496B', 1, '0000-00-00 00:00:00', 3),
(176229961, '44317003-45B0-45EE-9A8B-973CE38409AE', 'Steak Resto x16', '609CE134-236E-4FA2-A534-28761DAF3E84', 0, '0000-00-00 00:00:00', 3),
(176229962, '0C0DFF0A-079A-494C-BADF-9862B5DE45D2', 'Formule jl', '4C42A378-0103-4226-AF10-29388E4CEF55', 1, '0000-00-00 00:00:00', 3),
(176229963, 'EF887FBD-88F8-4972-B68A-E630B5358A7D', 'MT-BALINAIS', '1A41C9AC-2BDA-421D-A64A-876A82F2A84F', 0, '0000-00-00 00:00:00', 3),
(176229964, '4395541F-EAB7-45B0-AFAC-FA69AC4D94E1', 'Juice', '15D150FB-0AB2-45EC-B0E2-D82A8E919709', 0, '0000-00-00 00:00:00', 3),
(176229965, '4A0DC9C4-8826-411B-8EE5-D2F55AD01AD3', 'ST-SALADE-TOPPING', '1A41C9AC-2BDA-421D-A64A-876A82F2A84F', 0, '0000-00-00 00:00:00', 3),
(176229966, 'CB7BD6F9-7944-4A57-B7CA-17A2C642BA12', 'MT-TOURISTE', '1A41C9AC-2BDA-421D-A64A-876A82F2A84F', 0, '0000-00-00 00:00:00', 3),
(176229967, 'B9F6B384-C673-4991-8E61-EC89F9B4842D', 'Juice peach ', '15D150FB-0AB2-45EC-B0E2-D82A8E919709', 0, '0000-00-00 00:00:00', 3),
(176229968, '67940C42-0C5D-47A9-B55A-E07E6E530B58', '', 'B3690F84-8EDA-4811-BE7F-134303521C0E', 1, '0000-00-00 00:00:00', 3),
(176229969, '04BDC61A-9CE4-41E5-8272-89B04DFB3D97', 'Tata Monique', '1A41C9AC-2BDA-421D-A64A-876A82F2A84F', 0, '0000-00-00 00:00:00', 3),
(176229970, '009B26D6-6586-4E61-9BD2-8380DB74C4F5', 'MT-THE', 'C5F9151E-43A7-4126-A2B7-AE466FBD2970', 0, '0000-00-00 00:00:00', 3),
(176229971, 'F8C472A1-7AC0-4C6A-A6EA-E7669BA71EB0', 'Coffee late', 'A50B7013-623E-48AA-9133-A587E595F844', 1, '0000-00-00 00:00:00', 3),
(176229972, 'B1BE88CF-B34C-47CA-BB98-C492614325FF', 'Sac HANK', '609CE134-236E-4FA2-A534-28761DAF3E84', 0, '0000-00-00 00:00:00', 3),
(176229973, 'E92891C5-9966-42C3-BD23-AF317B35C665', 'Without sauce', 'A2B43D3E-228D-4A54-8F95-7D2BEA81609E', 1, '0000-00-00 00:00:00', 3),
(176229974, '9B0AC897-B054-4FD3-ADDA-C9CC22B5B693', 'Without sauce', '609CE134-236E-4FA2-A534-28761DAF3E84', 1, '0000-00-00 00:00:00', 3),
(176229975, 'C13D4B15-CF68-41F6-9153-6A25F9A7A6BE', 'Vegusto no-muh bloc', '609CE134-236E-4FA2-A534-28761DAF3E84', 0, '0000-00-00 00:00:00', 3),
(176229976, '7B4D683D-2629-4AC6-ABED-36248C4927A2', '', '4C42A378-0103-4226-AF10-29388E4CEF55', 1, '0000-00-00 00:00:00', 3),
(176229977, '4DE5D100-82D3-4D86-B4C5-62885BAB0C10', 'Without olives', '609CE134-236E-4FA2-A534-28761DAF3E84', 1, '0000-00-00 00:00:00', 3),
(176229978, '97B35877-50C2-4DAC-9741-28FCDD51CE93', 'ST-SOY MILK', 'C5F9151E-43A7-4126-A2B7-AE466FBD2970', 0, '0000-00-00 00:00:00', 3),
(176229979, 'D03055D9-0EB4-4F9C-A02C-46377CA42597', 'ST-CARROT-CAKE', 'C5F9151E-43A7-4126-A2B7-AE466FBD2970', 0, '0000-00-00 00:00:00', 3),
(176229980, '9F81865C-D1D2-4AEB-ACDF-72D9B18A8AD9', 'Soupe/gazpacho', '2DC76D5E-CCA1-4627-8442-79EE6ACFFC1F', 0, '0000-00-00 00:00:00', 3),
(176229981, '3FEFFB66-A327-4723-8FC4-F30094129BAE', 'Without onions', '609CE134-236E-4FA2-A534-28761DAF3E84', 1, '0000-00-00 00:00:00', 3),
(176229982, 'BF6D9471-0544-487E-90E9-CD6BAE557802', 'ST-MOUSSE-CHOCO', '19E864A9-7FE1-4982-989D-F930E2C50091', 1, '0000-00-00 00:00:00', 3),
(176229983, '34CDD2FF-25FD-4F27-BE57-6A7737A600BE', 'ST-WATER STILL', 'C5F9151E-43A7-4126-A2B7-AE466FBD2970', 0, '0000-00-00 00:00:00', 3),
(176229984, '5AD4CFF7-187D-4F96-9AB7-D8A84902689A', 'La Rockeuse', '1A41C9AC-2BDA-421D-A64A-876A82F2A84F', 0, '0000-00-00 00:00:00', 3),
(176229985, '07255EF0-F25F-4892-B02E-06505A5202E8', 'Happy four A', '4C42A378-0103-4226-AF10-29388E4CEF55', 0, '0000-00-00 00:00:00', 3),
(176229986, 'C453735A-62D1-49C3-8767-90A16A879AE2', 'Strawberry sorbet', '9CB446E5-E6C9-41BA-A17F-3FF0DCA4496B', 1, '0000-00-00 00:00:00', 3),
(176229987, '3F7758B3-0AE8-478F-B5AF-4950D282E3EC', 'Petit', 'B3690F84-8EDA-4811-BE7F-134303521C0E', 1, '0000-00-00 00:00:00', 3),
(176229988, 'B4BBC19C-1433-442C-A6C4-0B93755AF470', 'La Catcheuse', '1A41C9AC-2BDA-421D-A64A-876A82F2A84F', 0, '0000-00-00 00:00:00', 3),
(176229989, 'E5C0CBE2-E158-4BC0-9ED6-F5FF5A664D3A', 'ST-GLUTENFREE-BREAD', 'C5F9151E-43A7-4126-A2B7-AE466FBD2970', 0, '0000-00-00 00:00:00', 3),
(176229990, 'E441BA41-70EB-494A-8A66-22D4522D26A4', 'Menu burger', '4C42A378-0103-4226-AF10-29388E4CEF55', 0, '0000-00-00 00:00:00', 3),
(176229991, '5E735BB6-367D-403F-A80D-1AAC969EC74B', 'MT-COLESLAW', 'C5F9151E-43A7-4126-A2B7-AE466FBD2970', 0, '0000-00-00 00:00:00', 3),
(176229992, '40E4C366-5F12-45D0-958F-6AB6AC79354D', 'Mango sorbet', '9CB446E5-E6C9-41BA-A17F-3FF0DCA4496B', 1, '0000-00-00 00:00:00', 3),
(176229993, '86BD9FAB-104E-4293-939F-1986A53EB2BB', '', 'B3690F84-8EDA-4811-BE7F-134303521C0E', 1, '0000-00-00 00:00:00', 3),
(176229994, 'C4FE067D-C0C6-4770-98D4-A61F001982AD', 'Burger extra cheese', '609CE134-236E-4FA2-A534-28761DAF3E84', 0, '0000-00-00 00:00:00', 3),
(176229995, '1C9F03C4-28DD-485A-9300-5EBE6DBF2AB2', 'ST-VEGUSTO-BATON-1', 'C5F9151E-43A7-4126-A2B7-AE466FBD2970', 0, '0000-00-00 00:00:00', 3),
(176229996, '49080C01-D9E4-4FDB-A549-E012B0FC9667', 'Raspberry sorbet', '9CB446E5-E6C9-41BA-A17F-3FF0DCA4496B', 1, '0000-00-00 00:00:00', 3),
(176229997, 'F78271D3-75A4-4970-9027-600CBEB6C646', 'Bionade ginger-orange ', '4E2082A1-1E07-47BB-90CD-C1CB2F6767F3', 0, '0000-00-00 00:00:00', 3),
(176229998, '51D83AB9-A940-4DB8-BC7D-14B8998258F7', '', '4C42A378-0103-4226-AF10-29388E4CEF55', 1, '0000-00-00 00:00:00', 3),
(176229999, 'B3EEB150-C240-4605-9C6C-B0B4EB44DCA0', 'Mug HANK', '609CE134-236E-4FA2-A534-28761DAF3E84', 0, '0000-00-00 00:00:00', 3),
(176230000, 'CB241284-4B20-4777-ADAE-E761BF81AF02', 'ST-COLA', 'C5F9151E-43A7-4126-A2B7-AE466FBD2970', 0, '0000-00-00 00:00:00', 3),
(176230001, 'C55E0C38-C3FC-4D5D-B0E5-50ADCE1DFDE0', 'Happy four ', '4C42A378-0103-4226-AF10-29388E4CEF55', 1, '0000-00-00 00:00:00', 3),
(176230002, 'E2FE9E0F-2452-4116-80C9-E4F1B681001E', 'DRINK IN MENU', '609CE134-236E-4FA2-A534-28761DAF3E84', 0, '0000-00-00 00:00:00', 3),
(176230003, '2CC9930D-5A03-4206-841B-512B060EE030', 'Potatoes', '2DC76D5E-CCA1-4627-8442-79EE6ACFFC1F', 0, '0000-00-00 00:00:00', 3),
(176230004, '44C4E205-2ABE-42CF-B07C-D484DA761A72', 'Celtique sparkling', '07854F5A-0DC4-4AE6-9D18-2AF4E9862304', 0, '0000-00-00 00:00:00', 3),
(176230005, '567A78B2-1B79-4F1E-B383-D498F3F80CAA', '', '4C42A378-0103-4226-AF10-29388E4CEF55', 1, '0000-00-00 00:00:00', 3),
(176230006, '4A13A61B-0A88-428E-9E32-0E84E4A737D0', 'Sans dessert', '4C42A378-0103-4226-AF10-29388E4CEF55', 1, '0000-00-00 00:00:00', 3),
(176230007, '2B4F4056-CD71-48BF-A8DA-95575364F8C6', 'Consos staff', '609CE134-236E-4FA2-A534-28761DAF3E84', 0, '0000-00-00 00:00:00', 3),
(176230008, '6368D20A-9CBF-4473-A972-BDCC75139351', 'Juice abricot ', '59A13EB6-626F-4731-9688-E11E0301B285', 0, '0000-00-00 00:00:00', 3),
(176230009, '475B1BD2-8689-4EF0-97AA-745B2533ADCE', 'Potatoes', '2DC76D5E-CCA1-4627-8442-79EE6ACFFC1F', 1, '0000-00-00 00:00:00', 3),
(176230010, '618820B4-4775-4DD2-AF7D-66F17B7498FE', 'Petit menu', '4C42A378-0103-4226-AF10-29388E4CEF55', 0, '0000-00-00 00:00:00', 3),
(176230011, 'C8B25EF4-9D98-47EF-B2E6-AA84DA40E5B5', 'Blond beer', '59A13EB6-626F-4731-9688-E11E0301B285', 0, '0000-00-00 00:00:00', 3),
(176230012, '67BBBE30-373B-4C68-9041-D41787410B85', 'Without bread', '609CE134-236E-4FA2-A534-28761DAF3E84', 1, '0000-00-00 00:00:00', 3),
(176230013, 'EC0CFA1F-575F-490C-906C-457FBC3351F6', 'ST-CARROT-CAKE', '19E864A9-7FE1-4982-989D-F930E2C50091', 1, '0000-00-00 00:00:00', 3),
(176230014, '1CD7A504-FF7D-4A9C-A6FC-986DC1E4ED1C', 'Parmesan', '609CE134-236E-4FA2-A534-28761DAF3E84', 1, '0000-00-00 00:00:00', 3),
(176230015, '518F9893-AD15-450C-8249-7A72A4E31F8F', 'Ketchup sauce', 'A2B43D3E-228D-4A54-8F95-7D2BEA81609E', 1, '0000-00-00 00:00:00', 3),
(176230016, 'CAA453DE-4D81-4712-ABFD-99EC451A71AA', '', 'B3690F84-8EDA-4811-BE7F-134303521C0E', 1, '0000-00-00 00:00:00', 3),
(176230017, '40905174-57A8-4A2C-970A-DC5DF2AF2A82', 'Without salad', '59A13EB6-626F-4731-9688-E11E0301B285', 1, '0000-00-00 00:00:00', 3),
(176230018, '50854038-0664-46A0-AD4C-995A030F6F93', 'ST-BIONADE', 'C5F9151E-43A7-4126-A2B7-AE466FBD2970', 0, '0000-00-00 00:00:00', 3),
(176230019, 'B819C983-34C7-44DC-8324-6E85C20AB814', 'Extra cheese', '609CE134-236E-4FA2-A534-28761DAF3E84', 1, '0000-00-00 00:00:00', 3),
(176230020, 'E818D48D-879F-467D-ABB6-47F0D95F19AE', 'Bionade', '4E2082A1-1E07-47BB-90CD-C1CB2F6767F3', 0, '0000-00-00 00:00:00', 3),
(176230021, '0610CE03-B05D-4AB7-9A28-67C7FF05A7C6', 'Dessert in menu', '609CE134-236E-4FA2-A534-28761DAF3E84', 0, '0000-00-00 00:00:00', 3),
(176230022, 'B7FFF815-187C-4AA6-9690-1045406ABAC7', 'Formule old', '4C42A378-0103-4226-AF10-29388E4CEF55', 1, '0000-00-00 00:00:00', 3),
(176230023, '26523F00-9751-47FD-9752-BB04624AD9B8', 'Perso', '1A41C9AC-2BDA-421D-A64A-876A82F2A84F', 0, '0000-00-00 00:00:00', 3),
(176230024, 'D326FD06-B9CC-45B4-A08C-B0EB77D72956', 'Sorbet', '19E864A9-7FE1-4982-989D-F930E2C50091', 0, '0000-00-00 00:00:00', 3),
(176230025, '1E0C5498-1828-4F2F-ADFF-D3511D7DAAAB', 'MT-CAFE', 'C5F9151E-43A7-4126-A2B7-AE466FBD2970', 0, '0000-00-00 00:00:00', 3),
(176230026, '408E354B-ED17-4765-BCDA-82FC9CB01A71', 'Le Touriste', '1A41C9AC-2BDA-421D-A64A-876A82F2A84F', 0, '0000-00-00 00:00:00', 3),
(176230027, '5345280F-0697-4F21-86A8-8773F5E3323D', 'MT-CARROT-CAKE', 'C5F9151E-43A7-4126-A2B7-AE466FBD2970', 0, '0000-00-00 00:00:00', 3);

-- --------------------------------------------------------

--
-- Table structure for table `sales_productaddon`
--

CREATE TABLE IF NOT EXISTS `sales_productaddon` (
  `id` int(11) NOT NULL AUTO_INCREMENT,
  `id_pos` varchar(255) COLLATE utf8_unicode_ci NOT NULL,
  `id_pos_product` varchar(255) COLLATE utf8_unicode_ci NOT NULL,
  `property_name` varchar(255) COLLATE utf8_unicode_ci NOT NULL,
  `category` varchar(255) COLLATE utf8_unicode_ci NOT NULL,
  `deleted` tinyint(1) NOT NULL,
  `id_bu` int(11) DEFAULT NULL,
  PRIMARY KEY (`id`),
  UNIQUE KEY `id` (`id`),
  UNIQUE KEY `id_pos` (`id_pos`,`id_bu`),
  KEY `id_pos_product` (`id_pos_product`),
  KEY `deleted` (`deleted`),
  KEY `id_bu` (`id_bu`)
) ENGINE=InnoDB  DEFAULT CHARSET=utf8 COLLATE=utf8_unicode_ci AUTO_INCREMENT=46222773 ;

--
-- Dumping data for table `sales_productaddon`
--

INSERT INTO `sales_productaddon` (`id`, `id_pos`, `id_pos_product`, `property_name`, `category`, `deleted`, `id_bu`) VALUES
(1, 'F8BA28B1-EF91-4E79-8E27-3BF970F68339', '518F9893-AD15-450C-8249-7A72A4E31F8F', '', 'DC992209-C8BD-47EB-906F-76518540EA4B', 0, 1),
(2, '22289E8E-AE35-4054-AE18-EBC8088991C0', '88D9970F-89AF-4510-B7F4-6DF6977FC181', '', 'DC992209-C8BD-47EB-906F-76518540EA4B', 0, 1),
(3, '62BCC566-F5B9-4FBB-9CC9-7F524B269FD6', '4DE5D100-82D3-4D86-B4C5-62885BAB0C10', '', '7A52D0F8-5007-4F98-A27D-617B0CA9B5A5', 0, 1),
(4, 'C95796C0-A6F7-45EA-9018-E042381C74DC', '18AE5ED1-994C-4E26-A0C9-FB7B5A7F25AE', '', '7A52D0F8-5007-4F98-A27D-617B0CA9B5A5', 0, 1),
(5, '9BA14CE2-61C2-4130-AB53-EF5E4AB00971', '279C61AC-1CF8-409E-BDF6-DF886DE568A2', '', 'DC992209-C8BD-47EB-906F-76518540EA4B', 0, 1),
(6, '6D7FA148-EB2B-4C70-8309-6DCCE26B1EE1', '3FEFFB66-A327-4723-8FC4-F30094129BAE', '', '7A52D0F8-5007-4F98-A27D-617B0CA9B5A5', 0, 1),
(7, 'F00404B7-2434-4794-BC93-EF088ADC7896', '', 'Without roquette', '7A52D0F8-5007-4F98-A27D-617B0CA9B5A5', 0, 1),
(8, '3E9B2B2E-7F7E-43CD-8202-3BFAB392B0AC', '16EE9C98-6AF8-4167-BA3E-2ACBEE03DF40', '', '7A52D0F8-5007-4F98-A27D-617B0CA9B5A5', 0, 1),
(9, '0D30077B-8A1D-4700-954E-CE74BE5FE036', '2E37997F-3D88-4C1C-8032-8970BD688023', '', 'DC992209-C8BD-47EB-906F-76518540EA4B', 0, 1),
(10, '8A032278-BC6F-45AC-BD7A-A336C0D2FDDB', '', 'Nouvelle propriété', 'DC992209-C8BD-47EB-906F-76518540EA4B', 1, 1),
(11, '967FED67-B86F-463B-B217-768092E5428C', '0802A1F1-FCCB-488E-BA41-DF996B296114', '', '6F9A5C8D-4D90-4D6E-B78B-21413D06061F', 0, 1),
(12, '0664D838-EFCD-42B6-A705-AEC8889C94F1', 'C4FE067D-C0C6-4770-98D4-A61F001982AD', '', '6F9A5C8D-4D90-4D6E-B78B-21413D06061F', 1, 1),
(13, '3C02D6D8-A03A-424A-BD18-4AD2E47E778B', '', 'Without alfalfa', '7A52D0F8-5007-4F98-A27D-617B0CA9B5A5', 0, 1),
(14, 'D42B3BA9-B540-4783-8475-0D689F3D9954', '4395541F-EAB7-45B0-AFAC-FA69AC4D94E1', '', 'DC992209-C8BD-47EB-906F-76518540EA4B', 1, 1),
(15, '9119C2AC-BC55-49AB-979F-9D916816F08B', '9B0AC897-B054-4FD3-ADDA-C9CC22B5B693', '', '7A52D0F8-5007-4F98-A27D-617B0CA9B5A5', 0, 1),
(16, '303AC5B1-BA81-46C6-BA93-870D4E26B259', 'E53F74CC-5CC2-45FE-902B-E12504BA9DE8', '', '7A52D0F8-5007-4F98-A27D-617B0CA9B5A5', 0, 1),
(17, '7B376244-3A06-417E-8459-81B8C6DCF6EA', '', 'Without tomatoes', '7A52D0F8-5007-4F98-A27D-617B0CA9B5A5', 0, 1),
(18, '1B982C5B-03CB-40A3-8E29-D7658DFC4BC7', 'E3E3229B-CCCE-4749-BB2E-1057279D7B1A', '', '7A52D0F8-5007-4F98-A27D-617B0CA9B5A5', 1, 1),
(19, '83CBD456-36AB-4764-A64B-9B81BBE90BF2', '', 'Without poivrons', '7A52D0F8-5007-4F98-A27D-617B0CA9B5A5', 0, 1),
(20, '2F07AE56-5333-45A9-BF4A-D4BE60DF8CCE', '', 'Lemon', '32F68E6D-3012-4D3F-9674-2FBB1206592C', 0, 1),
(21, '8986C76F-0B3F-4B4A-BD9E-3AE937B3889A', '', 'White peach', '32F68E6D-3012-4D3F-9674-2FBB1206592C', 0, 1),
(22, '7650E7DB-5CD3-4973-8815-19908CB797DF', '', 'Raspberry', '32F68E6D-3012-4D3F-9674-2FBB1206592C', 0, 1),
(23, '67A3BBE0-2C0B-4136-BF0F-0E4B4C4516C3', '', 'Touriste', '9A6AEFB5-7FF9-45BE-BE85-006B7291B615', 0, 1),
(24, 'A69F8162-C7C1-4217-A111-71CCEBF8960A', '', 'Red pepper', '63B7C597-142F-40EB-92B9-0CFC133EE31F', 0, 1),
(25, 'E563AB94-EA55-4340-BE9C-88BF81559326', '', 'Ketchup', '9A6AEFB5-7FF9-45BE-BE85-006B7291B615', 0, 1),
(26, '951934E4-9EAA-4E44-9449-1E3E22D5DB85', '', 'Catcheuse', '9A6AEFB5-7FF9-45BE-BE85-006B7291B615', 0, 1),
(27, '982677F6-F9BA-4960-80D0-90830967BD4B', '', '', '63B7C597-142F-40EB-92B9-0CFC133EE31F', 1, 1),
(28, '9CF81296-59CA-432A-ACEC-B30CC164C808', '', 'Olives', '63B7C597-142F-40EB-92B9-0CFC133EE31F', 0, 1),
(29, '4782437E-F4F7-4754-84DD-DC5D3794B3A5', '', 'Nerveux', '9A6AEFB5-7FF9-45BE-BE85-006B7291B615', 0, 1),
(30, 'C39A1549-EBCF-40FD-ACBF-4DFB728CC89D', '', 'Salad', '63B7C597-142F-40EB-92B9-0CFC133EE31F', 0, 1),
(31, 'BDEAE19D-3073-4F11-A290-DD19B2B89915', '', 'Tata monique', '9A6AEFB5-7FF9-45BE-BE85-006B7291B615', 0, 1),
(32, '99DB5B98-DA66-4B27-A761-1811385602BE', '', 'Tomato', '63B7C597-142F-40EB-92B9-0CFC133EE31F', 0, 1),
(33, 'F5A3A24D-D365-47A9-B57D-8CB28F96209F', '', 'Pickels', '63B7C597-142F-40EB-92B9-0CFC133EE31F', 0, 1),
(34, '427E629C-C9F0-4352-AC1B-70CD6426CB78', '', 'Onions', '63B7C597-142F-40EB-92B9-0CFC133EE31F', 0, 1),
(35, '89C9375D-E499-4062-A6A2-68D9A3D4670C', '', 'Tortilla', '63B7C597-142F-40EB-92B9-0CFC133EE31F', 0, 1),
(36, 'C6D0991D-F708-43ED-8979-115E0D05F314', '', 'Alfalfa', '63B7C597-142F-40EB-92B9-0CFC133EE31F', 0, 1),
(37, '2A678F11-1EDF-4EC2-9E61-EBB6F6724BF8', '', 'Withou sauce', '9A6AEFB5-7FF9-45BE-BE85-006B7291B615', 0, 1),
(38, '53BBF906-BA61-409D-838E-D94D29494CF0', '', 'Moutarde', '9A6AEFB5-7FF9-45BE-BE85-006B7291B615', 0, 1),
(39, '222602F3-4A81-4824-B9A3-990D62098BBB', '', 'Zuchini', '63B7C597-142F-40EB-92B9-0CFC133EE31F', 0, 1),
(40, '12521334-3B41-4EAA-AFE5-C2253BC0AFE6', '', 'Nouvelle option', '63B7C597-142F-40EB-92B9-0CFC133EE31F', 1, 1),
(41, 'EF9C5188-6A51-45D2-9BCC-53FA915AB3F2', '', 'Mayo', '9A6AEFB5-7FF9-45BE-BE85-006B7291B615', 0, 1),
(42, '3CA2CA38-B3A3-4AAD-96F4-573029B2638C', '', 'Allume', '9A6AEFB5-7FF9-45BE-BE85-006B7291B615', 0, 1),
(43, '21B6067F-E715-4328-99FA-13D9C277456B', '', 'Tabasco', '63B7C597-142F-40EB-92B9-0CFC133EE31F', 0, 1),
(44, 'A7D21C25-5655-4E53-B299-949E99E54532', '', 'Chocolat', '5C21F6D2-158E-4FB5-8A4B-6BEEB3170D2A', 1, 1),
(45, 'E45418E8-BCB9-45F6-A4C3-FEF72A9CADF4', '', 'Choco-noix-framb', '5C21F6D2-158E-4FB5-8A4B-6BEEB3170D2A', 1, 1),
(46, 'C4BAC90A-4A8F-435D-8A68-0F1290BA719C', '', 'Choco-noix', '5C21F6D2-158E-4FB5-8A4B-6BEEB3170D2A', 1, 1),
(47, '5C05FE36-AB13-4054-A68F-8CC548E8B720', '', 'Nouvelle option', '7A52D0F8-5007-4F98-A27D-617B0CA9B5A5', 1, 1),
(48, 'B76E7320-3BC5-4A44-913B-4602DF5D3F5C', '', 'Ginger-orange', 'ED9E95C0-E56D-49AB-9FE7-12F834AFCD38', 1, 1),
(49, '22B2E0FB-4E89-4D15-9C38-BB6AFD7905D8', '', 'Elderberries', 'ED9E95C0-E56D-49AB-9FE7-12F834AFCD38', 1, 1),
(50, 'B0DD7E86-9D79-44D3-8C01-293401DADD22', '', 'Orchard-fruits', 'ED9E95C0-E56D-49AB-9FE7-12F834AFCD38', 1, 1),
(51, '5F772467-4B53-4501-BAC7-A46AAFC88281', '', 'Apple', '13A8422C-54E7-4EE5-B32F-77822DB30E29', 1, 1),
(52, 'F4E59642-D2C8-4504-B76D-F0B99651E288', '', 'Peach', '13A8422C-54E7-4EE5-B32F-77822DB30E29', 1, 1),
(53, '411CF643-536C-47A4-B06F-02B54D13029A', '', 'Multi', '13A8422C-54E7-4EE5-B32F-77822DB30E29', 1, 1),
(54, 'B9B45271-C700-4E38-B0A5-CD2529EBED91', '', 'Apricot', '13A8422C-54E7-4EE5-B32F-77822DB30E29', 1, 1),
(55, '8B10FE62-030F-463D-B981-D1DC2C3ABD3F', '', 'Orange', '13A8422C-54E7-4EE5-B32F-77822DB30E29', 1, 1),
(4786, '9E10AD25-C519-4670-8F61-5159B6E10986', 'F78271D3-75A4-4970-9027-600CBEB6C646', '', 'ED9E95C0-E56D-49AB-9FE7-12F834AFCD38', 0, 1),
(4787, '6EB73886-ADDF-4C92-8957-80330536CF1E', '8B1CB32F-0831-4D36-981D-B20A914C7B67', '', 'ED9E95C0-E56D-49AB-9FE7-12F834AFCD38', 0, 1),
(4788, 'F3CFAC0E-3802-410B-9982-989DD96DDC9B', 'F81C32E5-2274-4C31-96CA-EEFEA3364B87', '', 'ED9E95C0-E56D-49AB-9FE7-12F834AFCD38', 0, 1),
(4963, 'D5906BA9-1679-4834-9A98-D0DA4F2129E3', '0A17BB7A-47C7-4009-AE84-2872D22A4FF1', '', '13A8422C-54E7-4EE5-B32F-77822DB30E29', 0, 1),
(4964, '55A7E93D-BA5F-475B-B75F-AE5D3FD17458', '6368D20A-9CBF-4473-A972-BDCC75139351', '', '13A8422C-54E7-4EE5-B32F-77822DB30E29', 0, 1),
(4965, 'F390C7E5-0268-4BD9-881E-62725E3A2100', '57189C8E-1770-4310-96A4-214690D8274A', '', '13A8422C-54E7-4EE5-B32F-77822DB30E29', 0, 1),
(4966, 'D154D4B3-8672-4FA2-8FE4-2AF6AD59CCFB', 'B9F6B384-C673-4991-8E61-EC89F9B4842D', '', '13A8422C-54E7-4EE5-B32F-77822DB30E29', 0, 1),
(4967, 'DB0C058C-BF1A-42E3-9F6F-1C8C66286C0B', '4708D8EB-0916-4446-97AB-4E64FB63F22A', '', '13A8422C-54E7-4EE5-B32F-77822DB30E29', 0, 1),
(1125675, '8200821B-1347-4E2D-BB9D-8B5B16FEA41E', '', 'Without cheese', '7A52D0F8-5007-4F98-A27D-617B0CA9B5A5', 0, 1),
(3059052, '8CC6FCBB-1F2B-45E5-A45C-6E5E6801B95D', '', 'Cheese', '63B7C597-142F-40EB-92B9-0CFC133EE31F', 0, 1),
(4042243, '27A98E02-27BA-4DCF-A4CD-39FF42308AEC', '', 'Nothing', '63B7C597-142F-40EB-92B9-0CFC133EE31F', 0, 1),
(4730888, '67A3BBE0-2C0B-4136-BF0F-0E4B4C4516C3', '', 'Touriste', '9A6AEFB5-7FF9-45BE-BE85-006B7291B615', 1, 2),
(4730889, '0D30077B-8A1D-4700-954E-CE74BE5FE036', '2E37997F-3D88-4C1C-8032-8970BD688023', '', 'DC992209-C8BD-47EB-906F-76518540EA4B', 1, 2),
(4730890, '12521334-3B41-4EAA-AFE5-C2253BC0AFE6', '', 'Nouvelle option', '63B7C597-142F-40EB-92B9-0CFC133EE31F', 1, 2),
(4730891, '951934E4-9EAA-4E44-9449-1E3E22D5DB85', '', 'Catcheuse', '9A6AEFB5-7FF9-45BE-BE85-006B7291B615', 1, 2),
(4730892, 'D42B3BA9-B540-4783-8475-0D689F3D9954', '4395541F-EAB7-45B0-AFAC-FA69AC4D94E1', '', 'DC992209-C8BD-47EB-906F-76518540EA4B', 1, 2),
(4730893, '89C9375D-E499-4062-A6A2-68D9A3D4670C', '', 'Tortilla', '63B7C597-142F-40EB-92B9-0CFC133EE31F', 1, 2),
(4730894, '9BA14CE2-61C2-4130-AB53-EF5E4AB00971', '279C61AC-1CF8-409E-BDF6-DF886DE568A2', '', 'DC992209-C8BD-47EB-906F-76518540EA4B', 1, 2),
(4730895, 'C6D0991D-F708-43ED-8979-115E0D05F314', '', 'Alfalfa', '63B7C597-142F-40EB-92B9-0CFC133EE31F', 1, 2),
(4730896, '21B6067F-E715-4328-99FA-13D9C277456B', '', 'Tabasco', '63B7C597-142F-40EB-92B9-0CFC133EE31F', 1, 2),
(4730897, 'B76E7320-3BC5-4A44-913B-4602DF5D3F5C', '', 'Ginger-orange', 'ED9E95C0-E56D-49AB-9FE7-12F834AFCD38', 1, 2),
(4730898, 'E563AB94-EA55-4340-BE9C-88BF81559326', '', 'Ketchup', '9A6AEFB5-7FF9-45BE-BE85-006B7291B615', 1, 2),
(4730899, 'C95796C0-A6F7-45EA-9018-E042381C74DC', '18AE5ED1-994C-4E26-A0C9-FB7B5A7F25AE', '', '7A52D0F8-5007-4F98-A27D-617B0CA9B5A5', 1, 2),
(4730900, '427E629C-C9F0-4352-AC1B-70CD6426CB78', '', 'Onions', '63B7C597-142F-40EB-92B9-0CFC133EE31F', 1, 2),
(4730901, '5C05FE36-AB13-4054-A68F-8CC548E8B720', '', 'Nouvelle option', '7A52D0F8-5007-4F98-A27D-617B0CA9B5A5', 1, 2),
(4730902, '22289E8E-AE35-4054-AE18-EBC8088991C0', '88D9970F-89AF-4510-B7F4-6DF6977FC181', '', 'DC992209-C8BD-47EB-906F-76518540EA4B', 1, 2),
(4730903, '8986C76F-0B3F-4B4A-BD9E-3AE937B3889A', '', 'White peach', '32F68E6D-3012-4D3F-9674-2FBB1206592C', 1, 2),
(4730904, 'F5A3A24D-D365-47A9-B57D-8CB28F96209F', '', 'Pickels', '63B7C597-142F-40EB-92B9-0CFC133EE31F', 1, 2),
(4730905, '222602F3-4A81-4824-B9A3-990D62098BBB', '', 'Zuchini', '63B7C597-142F-40EB-92B9-0CFC133EE31F', 1, 2),
(4730906, '3C02D6D8-A03A-424A-BD18-4AD2E47E778B', '67BBBE30-373B-4C68-9041-D41787410B85', '', '7A52D0F8-5007-4F98-A27D-617B0CA9B5A5', 1, 2),
(4730907, '2A678F11-1EDF-4EC2-9E61-EBB6F6724BF8', '', 'Withou sauce', '9A6AEFB5-7FF9-45BE-BE85-006B7291B615', 1, 2),
(4730908, '7B376244-3A06-417E-8459-81B8C6DCF6EA', 'FF93E830-5357-43C1-ABCA-DAFCA8956945', '', '7A52D0F8-5007-4F98-A27D-617B0CA9B5A5', 1, 2),
(4730909, '3CA2CA38-B3A3-4AAD-96F4-573029B2638C', '', 'Allume', '9A6AEFB5-7FF9-45BE-BE85-006B7291B615', 1, 2),
(4730910, '62BCC566-F5B9-4FBB-9CC9-7F524B269FD6', '4DE5D100-82D3-4D86-B4C5-62885BAB0C10', '', '7A52D0F8-5007-4F98-A27D-617B0CA9B5A5', 1, 2),
(4730911, '8A032278-BC6F-45AC-BD7A-A336C0D2FDDB', '', 'Nouvelle propriété', 'DC992209-C8BD-47EB-906F-76518540EA4B', 1, 2),
(4730912, '22B2E0FB-4E89-4D15-9C38-BB6AFD7905D8', '', 'Elderberries', 'ED9E95C0-E56D-49AB-9FE7-12F834AFCD38', 1, 2),
(4730913, '9CF81296-59CA-432A-ACEC-B30CC164C808', '', 'Olives', '63B7C597-142F-40EB-92B9-0CFC133EE31F', 1, 2),
(4730914, 'BDEAE19D-3073-4F11-A290-DD19B2B89915', '', 'Tata monique', '9A6AEFB5-7FF9-45BE-BE85-006B7291B615', 1, 2),
(4730915, '5F772467-4B53-4501-BAC7-A46AAFC88281', '', 'Apple', '13A8422C-54E7-4EE5-B32F-77822DB30E29', 1, 2),
(4730916, 'DB0C058C-BF1A-42E3-9F6F-1C8C66286C0B', '4708D8EB-0916-4446-97AB-4E64FB63F22A', '', '13A8422C-54E7-4EE5-B32F-77822DB30E29', 1, 2),
(4730917, 'D5906BA9-1679-4834-9A98-D0DA4F2129E3', '0A17BB7A-47C7-4009-AE84-2872D22A4FF1', '', '13A8422C-54E7-4EE5-B32F-77822DB30E29', 1, 2),
(4730918, '27A98E02-27BA-4DCF-A4CD-39FF42308AEC', '', 'Nothing', '63B7C597-142F-40EB-92B9-0CFC133EE31F', 1, 2),
(4730919, 'F4E59642-D2C8-4504-B76D-F0B99651E288', '', 'Peach', '13A8422C-54E7-4EE5-B32F-77822DB30E29', 1, 2),
(4730920, '982677F6-F9BA-4960-80D0-90830967BD4B', '', '', '63B7C597-142F-40EB-92B9-0CFC133EE31F', 1, 2),
(4730921, 'A7D21C25-5655-4E53-B299-949E99E54532', '', 'Chocolat', '5C21F6D2-158E-4FB5-8A4B-6BEEB3170D2A', 1, 2),
(4730922, '55A7E93D-BA5F-475B-B75F-AE5D3FD17458', '6368D20A-9CBF-4473-A972-BDCC75139351', '', '13A8422C-54E7-4EE5-B32F-77822DB30E29', 1, 2),
(4730923, 'F3CFAC0E-3802-410B-9982-989DD96DDC9B', 'F81C32E5-2274-4C31-96CA-EEFEA3364B87', '', 'ED9E95C0-E56D-49AB-9FE7-12F834AFCD38', 1, 2),
(4730924, 'D154D4B3-8672-4FA2-8FE4-2AF6AD59CCFB', 'B9F6B384-C673-4991-8E61-EC89F9B4842D', '', '13A8422C-54E7-4EE5-B32F-77822DB30E29', 1, 2),
(4730925, 'A69F8162-C7C1-4217-A111-71CCEBF8960A', '', 'Red pepper', '63B7C597-142F-40EB-92B9-0CFC133EE31F', 1, 2),
(4730926, '9119C2AC-BC55-49AB-979F-9D916816F08B', '9B0AC897-B054-4FD3-ADDA-C9CC22B5B693', '', '7A52D0F8-5007-4F98-A27D-617B0CA9B5A5', 1, 2),
(4730927, '1B982C5B-03CB-40A3-8E29-D7658DFC4BC7', 'E3E3229B-CCCE-4749-BB2E-1057279D7B1A', '', '7A52D0F8-5007-4F98-A27D-617B0CA9B5A5', 1, 2),
(4730928, '303AC5B1-BA81-46C6-BA93-870D4E26B259', 'E53F74CC-5CC2-45FE-902B-E12504BA9DE8', '', '7A52D0F8-5007-4F98-A27D-617B0CA9B5A5', 1, 2),
(4730929, 'F8BA28B1-EF91-4E79-8E27-3BF970F68339', '518F9893-AD15-450C-8249-7A72A4E31F8F', '', 'DC992209-C8BD-47EB-906F-76518540EA4B', 1, 2),
(4730930, '8B10FE62-030F-463D-B981-D1DC2C3ABD3F', '', 'Orange', '13A8422C-54E7-4EE5-B32F-77822DB30E29', 1, 2),
(4730931, '6EB73886-ADDF-4C92-8957-80330536CF1E', '8B1CB32F-0831-4D36-981D-B20A914C7B67', '', 'ED9E95C0-E56D-49AB-9FE7-12F834AFCD38', 1, 2),
(4730932, '53BBF906-BA61-409D-838E-D94D29494CF0', '', 'Moutarde', '9A6AEFB5-7FF9-45BE-BE85-006B7291B615', 1, 2),
(4730933, '8200821B-1347-4E2D-BB9D-8B5B16FEA41E', '', 'Without cheese', '7A52D0F8-5007-4F98-A27D-617B0CA9B5A5', 1, 2),
(4730934, '0664D838-EFCD-42B6-A705-AEC8889C94F1', 'C4FE067D-C0C6-4770-98D4-A61F001982AD', '', '6F9A5C8D-4D90-4D6E-B78B-21413D06061F', 1, 2),
(4730935, 'C4BAC90A-4A8F-435D-8A68-0F1290BA719C', '', 'Choco-noix', '5C21F6D2-158E-4FB5-8A4B-6BEEB3170D2A', 1, 2),
(4730936, '411CF643-536C-47A4-B06F-02B54D13029A', '', 'Multi', '13A8422C-54E7-4EE5-B32F-77822DB30E29', 1, 2),
(4730937, 'EF9C5188-6A51-45D2-9BCC-53FA915AB3F2', '', 'Mayo', '9A6AEFB5-7FF9-45BE-BE85-006B7291B615', 1, 2),
(4730938, '967FED67-B86F-463B-B217-768092E5428C', '0802A1F1-FCCB-488E-BA41-DF996B296114', '', '6F9A5C8D-4D90-4D6E-B78B-21413D06061F', 1, 2),
(4730939, 'F390C7E5-0268-4BD9-881E-62725E3A2100', '57189C8E-1770-4310-96A4-214690D8274A', '', '13A8422C-54E7-4EE5-B32F-77822DB30E29', 1, 2),
(4730940, '7650E7DB-5CD3-4973-8815-19908CB797DF', '', 'Raspberry', '32F68E6D-3012-4D3F-9674-2FBB1206592C', 1, 2),
(4730941, '6D7FA148-EB2B-4C70-8309-6DCCE26B1EE1', '3FEFFB66-A327-4723-8FC4-F30094129BAE', '', '7A52D0F8-5007-4F98-A27D-617B0CA9B5A5', 1, 2),
(4730942, '3E9B2B2E-7F7E-43CD-8202-3BFAB392B0AC', '16EE9C98-6AF8-4167-BA3E-2ACBEE03DF40', '', '7A52D0F8-5007-4F98-A27D-617B0CA9B5A5', 1, 2),
(4730943, '4782437E-F4F7-4754-84DD-DC5D3794B3A5', '', 'Nerveux', '9A6AEFB5-7FF9-45BE-BE85-006B7291B615', 1, 2),
(4730944, '83CBD456-36AB-4764-A64B-9B81BBE90BF2', '6BDBE0D2-B551-4D92-A900-FC43CD5E0819', '', '7A52D0F8-5007-4F98-A27D-617B0CA9B5A5', 1, 2),
(4730945, 'C39A1549-EBCF-40FD-ACBF-4DFB728CC89D', '', 'Salad', '63B7C597-142F-40EB-92B9-0CFC133EE31F', 1, 2),
(4730946, '99DB5B98-DA66-4B27-A761-1811385602BE', '', 'Tomato', '63B7C597-142F-40EB-92B9-0CFC133EE31F', 1, 2),
(4730947, '8CC6FCBB-1F2B-45E5-A45C-6E5E6801B95D', '', 'Cheese', '63B7C597-142F-40EB-92B9-0CFC133EE31F', 1, 2),
(4730948, 'E45418E8-BCB9-45F6-A4C3-FEF72A9CADF4', '', 'Choco-noix-framb', '5C21F6D2-158E-4FB5-8A4B-6BEEB3170D2A', 1, 2),
(4730949, 'F00404B7-2434-4794-BC93-EF088ADC7896', 'EB367366-82CE-4CD6-B65C-3768FDF67DD9', '', '7A52D0F8-5007-4F98-A27D-617B0CA9B5A5', 1, 2),
(4730950, '2F07AE56-5333-45A9-BF4A-D4BE60DF8CCE', '', 'Lemon', '32F68E6D-3012-4D3F-9674-2FBB1206592C', 1, 2),
(4730951, '9E10AD25-C519-4670-8F61-5159B6E10986', 'F78271D3-75A4-4970-9027-600CBEB6C646', '', 'ED9E95C0-E56D-49AB-9FE7-12F834AFCD38', 1, 2),
(4730952, 'B9B45271-C700-4E38-B0A5-CD2529EBED91', '', 'Apricot', '13A8422C-54E7-4EE5-B32F-77822DB30E29', 1, 2),
(4730953, 'B0DD7E86-9D79-44D3-8C01-293401DADD22', '', 'Orchard-fruits', 'ED9E95C0-E56D-49AB-9FE7-12F834AFCD38', 1, 2),
(4730954, '3FC63ECB-DFFF-4E9F-BBEF-CBF8381E87F9', '', 'Ricotta', '60425BB4-6117-45BF-9E03-9C9B2B8BD983', 0, 2),
(4730955, '0BFFD79D-C27D-412E-B9C9-66044330D62B', '', 'Cold', 'FC3819DB-A8DC-42B5-861D-6AC1C53F88AC', 0, 2),
(4730956, '4AA471A4-3FE5-4275-B4FC-037AB00AFECE', '', 'Peach', 'B660EB58-EF20-4628-B857-9247F4B4793B', 0, 2),
(4730957, '9A18E3AD-6BD7-4F25-BAA5-5E2D33B8E117', '', 'Raspberry', 'B660EB58-EF20-4628-B857-9247F4B4793B', 0, 2),
(4730958, '6EE37D5D-52AC-4613-9501-44D71656E195', '', 'Lemon', 'B660EB58-EF20-4628-B857-9247F4B4793B', 0, 2),
(4730959, '00532F35-CB4C-4CF4-AF41-518686979E36', '', 'Hot sauce', 'FC3819DB-A8DC-42B5-861D-6AC1C53F88AC', 0, 2),
(4730960, 'CB57AD2D-8E3C-4536-89E6-1599ADB39674', '', 'Allongé', 'E9546935-355A-4274-BA6B-8728E197F9A9', 0, 2),
(4730961, 'CAB57AB3-F86C-4700-872B-206FBDF21363', '', 'Late', 'E9546935-355A-4274-BA6B-8728E197F9A9', 0, 2),
(5351096, '37D042B3-0AE6-4AF7-9AB6-B0778D0C42B8', '', 'Glutenfree', '60425BB4-6117-45BF-9E03-9C9B2B8BD983', 0, 2),
(12302991, '7D304AA9-8D81-4ED9-9E3D-2F7402312CD5', '', 'White abricot', '1D2F9176-A0F7-4154-A28D-DFC2201C3A53', 0, 2),
(12302992, '688675FC-4422-4402-9A0E-897D87BB0C53', '', 'Green nature', '1D2F9176-A0F7-4154-A28D-DFC2201C3A53', 0, 2),
(12302993, 'FEB4C060-D9EB-4982-AC68-E0BEEBADBD81', '', 'Rooibos', '1D2F9176-A0F7-4154-A28D-DFC2201C3A53', 0, 2),
(12302994, 'E805AB8F-46E1-4657-AC87-7A4EEE38D9D5', '', 'Cream', 'E9546935-355A-4274-BA6B-8728E197F9A9', 0, 2),
(12302995, '21D4F457-D094-4477-8109-2C5E188E16C2', '', 'Green jasmin', '1D2F9176-A0F7-4154-A28D-DFC2201C3A53', 0, 2),
(12302996, '5B26FB22-50D0-4FF7-A4E5-6DF18253894F', '', 'Genmaicha', '1D2F9176-A0F7-4154-A28D-DFC2201C3A53', 0, 2),
(12302997, '189503C0-1FF0-4320-A580-BA9E7D9BE725', '', 'Earl grey', '1D2F9176-A0F7-4154-A28D-DFC2201C3A53', 0, 2),
(12302998, '2882E395-053D-43C0-9F5A-3395AF8DBDBC', '', 'Infusion', '1D2F9176-A0F7-4154-A28D-DFC2201C3A53', 0, 2),
(12302999, '9B961929-BF00-4254-A621-8AC785532A16', '', 'Expresso', 'E9546935-355A-4274-BA6B-8728E197F9A9', 0, 2),
(12303000, '66CF927F-10E2-4E65-B2EB-EC760BD557CE', '', 'American', 'E9546935-355A-4274-BA6B-8728E197F9A9', 0, 2),
(12304360, '0E9BC1E1-C0A9-47F8-B7D8-21C29103CD93', '', 'Cappucino', 'E9546935-355A-4274-BA6B-8728E197F9A9', 0, 2),
(14677454, '7A5C4220-3AB7-44DE-8D80-5A3CC196F82B', '', 'NO steak', '72A9B023-CD01-4CCB-8C3F-52273B4C3515', 0, 1),
(14677459, '8AC7DE0B-5F72-41D7-9AD9-468104CD680B', '', 'WITH steak', '72A9B023-CD01-4CCB-8C3F-52273B4C3515', 0, 1),
(14679912, '683FF34E-8143-43FD-9599-DDBCD0A8040C', '', 'WITH fried onions', '7A52D0F8-5007-4F98-A27D-617B0CA9B5A5', 1, 1),
(14679914, '03C9A81F-3B33-4847-8234-3A05D577117F', '', 'WITH tabasco', '7A52D0F8-5007-4F98-A27D-617B0CA9B5A5', 1, 1),
(14679916, '0254C993-6417-4CD8-BF4D-DBF07C0C9EAD', '', 'Extra steak', '6F9A5C8D-4D90-4D6E-B78B-21413D06061F', 0, 1),
(14679918, '1085CB26-A5AC-4C75-89EE-6B644380C021', '', 'WITH olives', '7A52D0F8-5007-4F98-A27D-617B0CA9B5A5', 1, 1),
(14679919, 'C73A2E90-A1DB-440F-A573-27DD6C5D6CD3', '', 'WITH alfalfa', '7A52D0F8-5007-4F98-A27D-617B0CA9B5A5', 1, 1),
(14679921, '512CFE74-082C-48E1-9AE9-AA0D65D1EFD0', '', 'Extra cheese', '6F9A5C8D-4D90-4D6E-B78B-21413D06061F', 0, 1),
(14681044, '5CD021AB-FDED-45D4-9A16-F0FF905B710E', '', 'With alfalfa', '9302ED2B-510A-45D2-BD8E-2F9E11360082', 0, 1),
(14681046, '3DCC0FAD-67A3-4157-8A14-B1F4D79B847D', '', 'With tabasco', '9302ED2B-510A-45D2-BD8E-2F9E11360082', 0, 1),
(14681048, '3D4B38A6-CC5A-4349-91B3-06862E09D93F', '', 'With olives', '9302ED2B-510A-45D2-BD8E-2F9E11360082', 0, 1),
(14681050, 'E5C0D93C-2602-4E1A-AC2A-1B9DA6454C2C', '', 'Nouvelle option', '435BC714-8E36-436C-AFE7-8AA6F540B0ED', 1, 1),
(14681051, 'D7763E53-CB58-441C-AB4E-4E456F8565EE', '', 'Nouvelle option', '7A52D0F8-5007-4F98-A27D-617B0CA9B5A5', 1, 1),
(14681053, '4E747BCD-1018-418F-B220-B43EB628FC97', '', 'Short (espresso)', '435BC714-8E36-436C-AFE7-8AA6F540B0ED', 0, 1),
(14681055, '5D434E2D-8BD1-4DFF-A67D-5AC9AADF7ADE', '', 'With fried onions', '9302ED2B-510A-45D2-BD8E-2F9E11360082', 0, 1),
(14681056, '0EA00888-3F85-4855-B0BE-8D3943C68B64', '', 'With roquette', '9302ED2B-510A-45D2-BD8E-2F9E11360082', 0, 1),
(14681058, 'B5DE0E36-194E-42BD-8E2B-9F9B871CBA1D', '', 'With poivron', '9302ED2B-510A-45D2-BD8E-2F9E11360082', 0, 1),
(14681060, 'F72A010D-6DF9-4A5F-B9F6-A83A22F17F0B', '', 'Long', '435BC714-8E36-436C-AFE7-8AA6F540B0ED', 0, 1),
(14682092, '0B83E607-396C-4A0C-9C76-32D00CDFCBF7', '', 'Have it NOW', '81A59618-9754-4E71-9E94-42292722EE79', 0, 1),
(14682094, 'BA66BD93-19C9-474C-89F2-2E64F33D3E9F', '', 'Have it LATER', '81A59618-9754-4E71-9E94-42292722EE79', 0, 1),
(14682266, '4344CB5A-221F-4E2E-8419-46CBBA57ACDF', '', 'Late', '435BC714-8E36-436C-AFE7-8AA6F540B0ED', 0, 1),
(26074891, 'AE147589-5B91-42C1-B168-ACC2FAFE3193', '', 'Cheese', '93F0D2A6-EE6E-4021-9D96-E06E8EA27B95', 0, 1),
(35610130, '95BDA8C0-B8EE-4883-89E2-5610603C071C', '', 'Deca', '435BC714-8E36-436C-AFE7-8AA6F540B0ED', 0, 1),
(40770871, '6D7FA148-EB2B-4C70-8309-6DCCE26B1EE1', '3FEFFB66-A327-4723-8FC4-F30094129BAE', '', '7A52D0F8-5007-4F98-A27D-617B0CA9B5A5', 0, 4),
(40770872, '27A98E02-27BA-4DCF-A4CD-39FF42308AEC', '', 'Nothing', '63B7C597-142F-40EB-92B9-0CFC133EE31F', 0, 4),
(40770873, '0EA00888-3F85-4855-B0BE-8D3943C68B64', '', 'With roquette', '9302ED2B-510A-45D2-BD8E-2F9E11360082', 0, 4),
(40770874, '982677F6-F9BA-4960-80D0-90830967BD4B', '', '', '63B7C597-142F-40EB-92B9-0CFC133EE31F', 1, 4),
(40770875, '3D4B38A6-CC5A-4349-91B3-06862E09D93F', '', 'With olives', '9302ED2B-510A-45D2-BD8E-2F9E11360082', 0, 4),
(40770876, '99DB5B98-DA66-4B27-A761-1811385602BE', '', 'Tomato', '63B7C597-142F-40EB-92B9-0CFC133EE31F', 0, 4),
(40770877, 'C95796C0-A6F7-45EA-9018-E042381C74DC', '18AE5ED1-994C-4E26-A0C9-FB7B5A7F25AE', '', '7A52D0F8-5007-4F98-A27D-617B0CA9B5A5', 0, 4),
(40770878, '0B83E607-396C-4A0C-9C76-32D00CDFCBF7', '', 'Have it NOW', '81A59618-9754-4E71-9E94-42292722EE79', 0, 4),
(40770879, '3C02D6D8-A03A-424A-BD18-4AD2E47E778B', '', 'Without alfalfa', '7A52D0F8-5007-4F98-A27D-617B0CA9B5A5', 0, 4),
(40770880, '2F07AE56-5333-45A9-BF4A-D4BE60DF8CCE', '', 'Lemon', '32F68E6D-3012-4D3F-9674-2FBB1206592C', 0, 4),
(40770881, '95BDA8C0-B8EE-4883-89E2-5610603C071C', '', 'Deca', '435BC714-8E36-436C-AFE7-8AA6F540B0ED', 0, 4),
(40770882, 'F390C7E5-0268-4BD9-881E-62725E3A2100', '57189C8E-1770-4310-96A4-214690D8274A', '', '13A8422C-54E7-4EE5-B32F-77822DB30E29', 0, 4),
(40770883, 'C6D0991D-F708-43ED-8979-115E0D05F314', '', 'Alfalfa', '63B7C597-142F-40EB-92B9-0CFC133EE31F', 0, 4),
(40770884, '7650E7DB-5CD3-4973-8815-19908CB797DF', '', 'Raspberry', '32F68E6D-3012-4D3F-9674-2FBB1206592C', 0, 4),
(40770885, '0D30077B-8A1D-4700-954E-CE74BE5FE036', '2E37997F-3D88-4C1C-8032-8970BD688023', '', 'DC992209-C8BD-47EB-906F-76518540EA4B', 0, 4),
(40770886, '83CBD456-36AB-4764-A64B-9B81BBE90BF2', '', 'Without poivrons', '7A52D0F8-5007-4F98-A27D-617B0CA9B5A5', 0, 4),
(40770887, '22289E8E-AE35-4054-AE18-EBC8088991C0', '88D9970F-89AF-4510-B7F4-6DF6977FC181', '', 'DC992209-C8BD-47EB-906F-76518540EA4B', 0, 4),
(40770888, 'D5906BA9-1679-4834-9A98-D0DA4F2129E3', '0A17BB7A-47C7-4009-AE84-2872D22A4FF1', '', '13A8422C-54E7-4EE5-B32F-77822DB30E29', 0, 4),
(40770889, '5CD021AB-FDED-45D4-9A16-F0FF905B710E', '', 'With alfalfa', '9302ED2B-510A-45D2-BD8E-2F9E11360082', 0, 4),
(40770890, '1085CB26-A5AC-4C75-89EE-6B644380C021', '', 'WITH olives', '7A52D0F8-5007-4F98-A27D-617B0CA9B5A5', 1, 4),
(40770891, '8A032278-BC6F-45AC-BD7A-A336C0D2FDDB', '', 'Nouvelle propriété', 'DC992209-C8BD-47EB-906F-76518540EA4B', 1, 4),
(40770892, '21B6067F-E715-4328-99FA-13D9C277456B', '', 'Tabasco', '63B7C597-142F-40EB-92B9-0CFC133EE31F', 0, 4),
(40770893, 'B9B45271-C700-4E38-B0A5-CD2529EBED91', '', 'Apricot', '13A8422C-54E7-4EE5-B32F-77822DB30E29', 1, 4),
(40770894, '8986C76F-0B3F-4B4A-BD9E-3AE937B3889A', '', 'White peach', '32F68E6D-3012-4D3F-9674-2FBB1206592C', 0, 4),
(40770895, 'F3CFAC0E-3802-410B-9982-989DD96DDC9B', 'F81C32E5-2274-4C31-96CA-EEFEA3364B87', '', 'ED9E95C0-E56D-49AB-9FE7-12F834AFCD38', 0, 4),
(40770896, '3E9B2B2E-7F7E-43CD-8202-3BFAB392B0AC', '16EE9C98-6AF8-4167-BA3E-2ACBEE03DF40', '', '7A52D0F8-5007-4F98-A27D-617B0CA9B5A5', 0, 4),
(40770897, '8200821B-1347-4E2D-BB9D-8B5B16FEA41E', '', 'Without cheese', '7A52D0F8-5007-4F98-A27D-617B0CA9B5A5', 0, 4),
(40770898, 'E5C0D93C-2602-4E1A-AC2A-1B9DA6454C2C', '', 'Nouvelle option', '435BC714-8E36-436C-AFE7-8AA6F540B0ED', 1, 4),
(40770899, 'F00404B7-2434-4794-BC93-EF088ADC7896', '', 'Without roquette', '7A52D0F8-5007-4F98-A27D-617B0CA9B5A5', 0, 4),
(40770900, 'C73A2E90-A1DB-440F-A573-27DD6C5D6CD3', '', 'WITH alfalfa', '7A52D0F8-5007-4F98-A27D-617B0CA9B5A5', 1, 4),
(40770901, 'E45418E8-BCB9-45F6-A4C3-FEF72A9CADF4', '', 'Choco-noix-framb', '5C21F6D2-158E-4FB5-8A4B-6BEEB3170D2A', 1, 4),
(40770902, '7B376244-3A06-417E-8459-81B8C6DCF6EA', '', 'Without tomatoes', '7A52D0F8-5007-4F98-A27D-617B0CA9B5A5', 0, 4),
(40770903, 'E563AB94-EA55-4340-BE9C-88BF81559326', '', 'Ketchup', '9A6AEFB5-7FF9-45BE-BE85-006B7291B615', 0, 4),
(40770904, '67A3BBE0-2C0B-4136-BF0F-0E4B4C4516C3', '', 'Touriste', '9A6AEFB5-7FF9-45BE-BE85-006B7291B615', 0, 4),
(40770905, 'F72A010D-6DF9-4A5F-B9F6-A83A22F17F0B', '', 'Long', '435BC714-8E36-436C-AFE7-8AA6F540B0ED', 0, 4),
(40770906, '2A678F11-1EDF-4EC2-9E61-EBB6F6724BF8', '', 'Withou sauce', '9A6AEFB5-7FF9-45BE-BE85-006B7291B615', 0, 4),
(40770907, '4E747BCD-1018-418F-B220-B43EB628FC97', '', 'Short (espresso)', '435BC714-8E36-436C-AFE7-8AA6F540B0ED', 0, 4),
(40770908, '7A5C4220-3AB7-44DE-8D80-5A3CC196F82B', '', 'NO steak', '72A9B023-CD01-4CCB-8C3F-52273B4C3515', 0, 4),
(40770909, '12521334-3B41-4EAA-AFE5-C2253BC0AFE6', '', 'Nouvelle option', '63B7C597-142F-40EB-92B9-0CFC133EE31F', 1, 4),
(40770910, '9CF81296-59CA-432A-ACEC-B30CC164C808', '', 'Olives', '63B7C597-142F-40EB-92B9-0CFC133EE31F', 0, 4),
(40770911, '6EB73886-ADDF-4C92-8957-80330536CF1E', '8B1CB32F-0831-4D36-981D-B20A914C7B67', '', 'ED9E95C0-E56D-49AB-9FE7-12F834AFCD38', 0, 4),
(40770912, '89C9375D-E499-4062-A6A2-68D9A3D4670C', '', 'Tortilla', '63B7C597-142F-40EB-92B9-0CFC133EE31F', 0, 4),
(40770913, '222602F3-4A81-4824-B9A3-990D62098BBB', '', 'Zuchini', '63B7C597-142F-40EB-92B9-0CFC133EE31F', 0, 4),
(40770914, 'DB0C058C-BF1A-42E3-9F6F-1C8C66286C0B', '4708D8EB-0916-4446-97AB-4E64FB63F22A', '', '13A8422C-54E7-4EE5-B32F-77822DB30E29', 0, 4),
(40770915, '5D434E2D-8BD1-4DFF-A67D-5AC9AADF7ADE', '', 'With fried onions', '9302ED2B-510A-45D2-BD8E-2F9E11360082', 0, 4),
(40770916, '9BA14CE2-61C2-4130-AB53-EF5E4AB00971', '279C61AC-1CF8-409E-BDF6-DF886DE568A2', '', 'DC992209-C8BD-47EB-906F-76518540EA4B', 0, 4),
(40770917, 'F5A3A24D-D365-47A9-B57D-8CB28F96209F', '', 'Pickels', '63B7C597-142F-40EB-92B9-0CFC133EE31F', 0, 4),
(40770918, 'B76E7320-3BC5-4A44-913B-4602DF5D3F5C', '', 'Ginger-orange', 'ED9E95C0-E56D-49AB-9FE7-12F834AFCD38', 1, 4),
(40770919, 'D154D4B3-8672-4FA2-8FE4-2AF6AD59CCFB', 'B9F6B384-C673-4991-8E61-EC89F9B4842D', '', '13A8422C-54E7-4EE5-B32F-77822DB30E29', 0, 4),
(40770920, '53BBF906-BA61-409D-838E-D94D29494CF0', '', 'Moutarde', '9A6AEFB5-7FF9-45BE-BE85-006B7291B615', 0, 4),
(40770921, 'EF9C5188-6A51-45D2-9BCC-53FA915AB3F2', '', 'Mayo', '9A6AEFB5-7FF9-45BE-BE85-006B7291B615', 0, 4),
(40770922, '9E10AD25-C519-4670-8F61-5159B6E10986', 'F78271D3-75A4-4970-9027-600CBEB6C646', '', 'ED9E95C0-E56D-49AB-9FE7-12F834AFCD38', 0, 4),
(40770923, '4344CB5A-221F-4E2E-8419-46CBBA57ACDF', '', 'Late', '435BC714-8E36-436C-AFE7-8AA6F540B0ED', 0, 4),
(40770924, '1B982C5B-03CB-40A3-8E29-D7658DFC4BC7', 'E3E3229B-CCCE-4749-BB2E-1057279D7B1A', '', '7A52D0F8-5007-4F98-A27D-617B0CA9B5A5', 1, 4),
(40770925, 'D7763E53-CB58-441C-AB4E-4E456F8565EE', '', 'Nouvelle option', '7A52D0F8-5007-4F98-A27D-617B0CA9B5A5', 1, 4),
(40770926, '0664D838-EFCD-42B6-A705-AEC8889C94F1', 'C4FE067D-C0C6-4770-98D4-A61F001982AD', '', '6F9A5C8D-4D90-4D6E-B78B-21413D06061F', 1, 4),
(40770927, '03C9A81F-3B33-4847-8234-3A05D577117F', '', 'WITH tabasco', '7A52D0F8-5007-4F98-A27D-617B0CA9B5A5', 1, 4),
(40770928, '8B10FE62-030F-463D-B981-D1DC2C3ABD3F', '', 'Orange', '13A8422C-54E7-4EE5-B32F-77822DB30E29', 1, 4),
(40770929, 'C39A1549-EBCF-40FD-ACBF-4DFB728CC89D', '', 'Salad', '63B7C597-142F-40EB-92B9-0CFC133EE31F', 0, 4),
(40770930, 'F4E59642-D2C8-4504-B76D-F0B99651E288', '', 'Peach', '13A8422C-54E7-4EE5-B32F-77822DB30E29', 1, 4),
(40770931, 'A7D21C25-5655-4E53-B299-949E99E54532', '', 'Chocolat', '5C21F6D2-158E-4FB5-8A4B-6BEEB3170D2A', 1, 4),
(40770932, 'D42B3BA9-B540-4783-8475-0D689F3D9954', '4395541F-EAB7-45B0-AFAC-FA69AC4D94E1', '', 'DC992209-C8BD-47EB-906F-76518540EA4B', 1, 4),
(40770933, '8CC6FCBB-1F2B-45E5-A45C-6E5E6801B95D', '', 'Cheese', '63B7C597-142F-40EB-92B9-0CFC133EE31F', 0, 4),
(40770934, '5C05FE36-AB13-4054-A68F-8CC548E8B720', '', 'Nouvelle option', '7A52D0F8-5007-4F98-A27D-617B0CA9B5A5', 1, 4),
(40770935, '3DCC0FAD-67A3-4157-8A14-B1F4D79B847D', '', 'With tabasco', '9302ED2B-510A-45D2-BD8E-2F9E11360082', 0, 4),
(40770936, 'BDEAE19D-3073-4F11-A290-DD19B2B89915', '', 'Tata monique', '9A6AEFB5-7FF9-45BE-BE85-006B7291B615', 0, 4),
(40770937, '0254C993-6417-4CD8-BF4D-DBF07C0C9EAD', '', 'Extra steak', '6F9A5C8D-4D90-4D6E-B78B-21413D06061F', 0, 4),
(40770938, 'B5DE0E36-194E-42BD-8E2B-9F9B871CBA1D', '', 'With poivron', '9302ED2B-510A-45D2-BD8E-2F9E11360082', 0, 4),
(40770939, '8AC7DE0B-5F72-41D7-9AD9-468104CD680B', '', 'WITH steak', '72A9B023-CD01-4CCB-8C3F-52273B4C3515', 0, 4),
(40770940, '427E629C-C9F0-4352-AC1B-70CD6426CB78', '', 'Onions', '63B7C597-142F-40EB-92B9-0CFC133EE31F', 0, 4),
(40770941, '9119C2AC-BC55-49AB-979F-9D916816F08B', '9B0AC897-B054-4FD3-ADDA-C9CC22B5B693', '', '7A52D0F8-5007-4F98-A27D-617B0CA9B5A5', 0, 4),
(40770942, 'B0DD7E86-9D79-44D3-8C01-293401DADD22', '', 'Orchard-fruits', 'ED9E95C0-E56D-49AB-9FE7-12F834AFCD38', 1, 4),
(40770943, '512CFE74-082C-48E1-9AE9-AA0D65D1EFD0', '', 'Extra cheese', '6F9A5C8D-4D90-4D6E-B78B-21413D06061F', 0, 4),
(40770944, '55A7E93D-BA5F-475B-B75F-AE5D3FD17458', '6368D20A-9CBF-4473-A972-BDCC75139351', '', '13A8422C-54E7-4EE5-B32F-77822DB30E29', 0, 4),
(40770945, '3CA2CA38-B3A3-4AAD-96F4-573029B2638C', '', 'Allume', '9A6AEFB5-7FF9-45BE-BE85-006B7291B615', 0, 4),
(40770946, '683FF34E-8143-43FD-9599-DDBCD0A8040C', '', 'WITH fried onions', '7A52D0F8-5007-4F98-A27D-617B0CA9B5A5', 1, 4),
(40770947, '967FED67-B86F-463B-B217-768092E5428C', '0802A1F1-FCCB-488E-BA41-DF996B296114', '', '6F9A5C8D-4D90-4D6E-B78B-21413D06061F', 0, 4),
(40770948, 'A69F8162-C7C1-4217-A111-71CCEBF8960A', '', 'Red pepper', '63B7C597-142F-40EB-92B9-0CFC133EE31F', 0, 4),
(40770949, '22B2E0FB-4E89-4D15-9C38-BB6AFD7905D8', '', 'Elderberries', 'ED9E95C0-E56D-49AB-9FE7-12F834AFCD38', 1, 4),
(40770950, '303AC5B1-BA81-46C6-BA93-870D4E26B259', 'E53F74CC-5CC2-45FE-902B-E12504BA9DE8', '', '7A52D0F8-5007-4F98-A27D-617B0CA9B5A5', 0, 4),
(40770951, '951934E4-9EAA-4E44-9449-1E3E22D5DB85', '', 'Catcheuse', '9A6AEFB5-7FF9-45BE-BE85-006B7291B615', 0, 4),
(40770952, 'C4BAC90A-4A8F-435D-8A68-0F1290BA719C', '', 'Choco-noix', '5C21F6D2-158E-4FB5-8A4B-6BEEB3170D2A', 1, 4),
(40770953, 'AE147589-5B91-42C1-B168-ACC2FAFE3193', '', 'Cheese', '93F0D2A6-EE6E-4021-9D96-E06E8EA27B95', 0, 4),
(40770954, '62BCC566-F5B9-4FBB-9CC9-7F524B269FD6', '4DE5D100-82D3-4D86-B4C5-62885BAB0C10', '', '7A52D0F8-5007-4F98-A27D-617B0CA9B5A5', 0, 4),
(40770955, 'F8BA28B1-EF91-4E79-8E27-3BF970F68339', '518F9893-AD15-450C-8249-7A72A4E31F8F', '', 'DC992209-C8BD-47EB-906F-76518540EA4B', 0, 4),
(40770956, '5F772467-4B53-4501-BAC7-A46AAFC88281', '', 'Apple', '13A8422C-54E7-4EE5-B32F-77822DB30E29', 1, 4),
(40770957, 'BA66BD93-19C9-474C-89F2-2E64F33D3E9F', '', 'Have it LATER', '81A59618-9754-4E71-9E94-42292722EE79', 0, 4),
(40770958, '411CF643-536C-47A4-B06F-02B54D13029A', '', 'Multi', '13A8422C-54E7-4EE5-B32F-77822DB30E29', 1, 4),
(40770959, '4782437E-F4F7-4754-84DD-DC5D3794B3A5', '', 'Nerveux', '9A6AEFB5-7FF9-45BE-BE85-006B7291B615', 0, 4),
(40770960, '7B376244-3A06-417E-8459-81B8C6DCF6EA', '', 'Without tomatoes', '7A52D0F8-5007-4F98-A27D-617B0CA9B5A5', 0, 3),
(40770961, '4E747BCD-1018-418F-B220-B43EB628FC97', '', 'Short (espresso)', '435BC714-8E36-436C-AFE7-8AA6F540B0ED', 0, 3),
(40770962, '4782437E-F4F7-4754-84DD-DC5D3794B3A5', '', 'Nerveux', '9A6AEFB5-7FF9-45BE-BE85-006B7291B615', 0, 3),
(40770963, '27A98E02-27BA-4DCF-A4CD-39FF42308AEC', '', 'Nothing', '63B7C597-142F-40EB-92B9-0CFC133EE31F', 0, 3),
(40770964, 'BA66BD93-19C9-474C-89F2-2E64F33D3E9F', '', 'Have it LATER', '81A59618-9754-4E71-9E94-42292722EE79', 0, 3),
(40770965, '3DCC0FAD-67A3-4157-8A14-B1F4D79B847D', '', 'With tabasco', '9302ED2B-510A-45D2-BD8E-2F9E11360082', 0, 3),
(40770966, '4344CB5A-221F-4E2E-8419-46CBBA57ACDF', '', 'Late', '435BC714-8E36-436C-AFE7-8AA6F540B0ED', 0, 3),
(40770967, 'C6D0991D-F708-43ED-8979-115E0D05F314', '', 'Alfalfa', '63B7C597-142F-40EB-92B9-0CFC133EE31F', 0, 3),
(40770968, '7A5C4220-3AB7-44DE-8D80-5A3CC196F82B', '', 'NO steak', '72A9B023-CD01-4CCB-8C3F-52273B4C3515', 0, 3),
(40770969, 'A7D21C25-5655-4E53-B299-949E99E54532', '', 'Chocolat', '5C21F6D2-158E-4FB5-8A4B-6BEEB3170D2A', 1, 3),
(40770970, 'D42B3BA9-B540-4783-8475-0D689F3D9954', '4395541F-EAB7-45B0-AFAC-FA69AC4D94E1', '', 'DC992209-C8BD-47EB-906F-76518540EA4B', 1, 3),
(40770971, '12521334-3B41-4EAA-AFE5-C2253BC0AFE6', '', 'Nouvelle option', '63B7C597-142F-40EB-92B9-0CFC133EE31F', 1, 3),
(40770972, '0D30077B-8A1D-4700-954E-CE74BE5FE036', '2E37997F-3D88-4C1C-8032-8970BD688023', '', 'DC992209-C8BD-47EB-906F-76518540EA4B', 0, 3),
(40770973, '8A032278-BC6F-45AC-BD7A-A336C0D2FDDB', '', 'Nouvelle propriété', 'DC992209-C8BD-47EB-906F-76518540EA4B', 1, 3),
(40770974, '1B982C5B-03CB-40A3-8E29-D7658DFC4BC7', 'E3E3229B-CCCE-4749-BB2E-1057279D7B1A', '', '7A52D0F8-5007-4F98-A27D-617B0CA9B5A5', 1, 3),
(40770975, '7650E7DB-5CD3-4973-8815-19908CB797DF', '', 'Raspberry', '32F68E6D-3012-4D3F-9674-2FBB1206592C', 0, 3),
(40770976, 'B5DE0E36-194E-42BD-8E2B-9F9B871CBA1D', '', 'With poivron', '9302ED2B-510A-45D2-BD8E-2F9E11360082', 0, 3),
(40770977, 'C95796C0-A6F7-45EA-9018-E042381C74DC', '18AE5ED1-994C-4E26-A0C9-FB7B5A7F25AE', '', '7A52D0F8-5007-4F98-A27D-617B0CA9B5A5', 0, 3),
(40770978, 'D7763E53-CB58-441C-AB4E-4E456F8565EE', '', 'Nouvelle option', '7A52D0F8-5007-4F98-A27D-617B0CA9B5A5', 1, 3),
(40770979, 'B76E7320-3BC5-4A44-913B-4602DF5D3F5C', '', 'Ginger-orange', 'ED9E95C0-E56D-49AB-9FE7-12F834AFCD38', 1, 3),
(40770980, '3CA2CA38-B3A3-4AAD-96F4-573029B2638C', '', 'Allume', '9A6AEFB5-7FF9-45BE-BE85-006B7291B615', 0, 3),
(40770981, '0664D838-EFCD-42B6-A705-AEC8889C94F1', 'C4FE067D-C0C6-4770-98D4-A61F001982AD', '', '6F9A5C8D-4D90-4D6E-B78B-21413D06061F', 1, 3),
(40770982, 'EF9C5188-6A51-45D2-9BCC-53FA915AB3F2', '', 'Mayo', '9A6AEFB5-7FF9-45BE-BE85-006B7291B615', 0, 3),
(40770983, 'B9B45271-C700-4E38-B0A5-CD2529EBED91', '', 'Apricot', '13A8422C-54E7-4EE5-B32F-77822DB30E29', 1, 3),
(40770984, '3D4B38A6-CC5A-4349-91B3-06862E09D93F', '', 'With olives', '9302ED2B-510A-45D2-BD8E-2F9E11360082', 0, 3),
(40770985, 'BDEAE19D-3073-4F11-A290-DD19B2B89915', '', 'Tata monique', '9A6AEFB5-7FF9-45BE-BE85-006B7291B615', 0, 3),
(40770986, '21B6067F-E715-4328-99FA-13D9C277456B', '', 'Tabasco', '63B7C597-142F-40EB-92B9-0CFC133EE31F', 0, 3),
(40770987, 'F4E59642-D2C8-4504-B76D-F0B99651E288', '', 'Peach', '13A8422C-54E7-4EE5-B32F-77822DB30E29', 1, 3),
(40770988, '62BCC566-F5B9-4FBB-9CC9-7F524B269FD6', '4DE5D100-82D3-4D86-B4C5-62885BAB0C10', '', '7A52D0F8-5007-4F98-A27D-617B0CA9B5A5', 0, 3),
(40770989, 'F00404B7-2434-4794-BC93-EF088ADC7896', '', 'Without roquette', '7A52D0F8-5007-4F98-A27D-617B0CA9B5A5', 0, 3),
(40770990, '5CD021AB-FDED-45D4-9A16-F0FF905B710E', '', 'With alfalfa', '9302ED2B-510A-45D2-BD8E-2F9E11360082', 0, 3),
(40770991, '22289E8E-AE35-4054-AE18-EBC8088991C0', '88D9970F-89AF-4510-B7F4-6DF6977FC181', '', 'DC992209-C8BD-47EB-906F-76518540EA4B', 0, 3),
(40770992, '5C05FE36-AB13-4054-A68F-8CC548E8B720', '', 'Nouvelle option', '7A52D0F8-5007-4F98-A27D-617B0CA9B5A5', 1, 3),
(40770993, 'E563AB94-EA55-4340-BE9C-88BF81559326', '', 'Ketchup', '9A6AEFB5-7FF9-45BE-BE85-006B7291B615', 0, 3),
(40770994, 'D5906BA9-1679-4834-9A98-D0DA4F2129E3', '0A17BB7A-47C7-4009-AE84-2872D22A4FF1', '', '13A8422C-54E7-4EE5-B32F-77822DB30E29', 0, 3),
(40770995, 'DB0C058C-BF1A-42E3-9F6F-1C8C66286C0B', '4708D8EB-0916-4446-97AB-4E64FB63F22A', '', '13A8422C-54E7-4EE5-B32F-77822DB30E29', 0, 3),
(40770996, 'F72A010D-6DF9-4A5F-B9F6-A83A22F17F0B', '', 'Long', '435BC714-8E36-436C-AFE7-8AA6F540B0ED', 0, 3),
(40770997, '6D7FA148-EB2B-4C70-8309-6DCCE26B1EE1', '3FEFFB66-A327-4723-8FC4-F30094129BAE', '', '7A52D0F8-5007-4F98-A27D-617B0CA9B5A5', 0, 3),
(40770998, '411CF643-536C-47A4-B06F-02B54D13029A', '', 'Multi', '13A8422C-54E7-4EE5-B32F-77822DB30E29', 1, 3),
(40770999, '55A7E93D-BA5F-475B-B75F-AE5D3FD17458', '6368D20A-9CBF-4473-A972-BDCC75139351', '', '13A8422C-54E7-4EE5-B32F-77822DB30E29', 0, 3),
(40771000, '427E629C-C9F0-4352-AC1B-70CD6426CB78', '', 'Onions', '63B7C597-142F-40EB-92B9-0CFC133EE31F', 0, 3),
(40771001, '9BA14CE2-61C2-4130-AB53-EF5E4AB00971', '279C61AC-1CF8-409E-BDF6-DF886DE568A2', '', 'DC992209-C8BD-47EB-906F-76518540EA4B', 0, 3),
(40771002, '8CC6FCBB-1F2B-45E5-A45C-6E5E6801B95D', '', 'Cheese', '63B7C597-142F-40EB-92B9-0CFC133EE31F', 0, 3),
(40771003, '1085CB26-A5AC-4C75-89EE-6B644380C021', '', 'WITH olives', '7A52D0F8-5007-4F98-A27D-617B0CA9B5A5', 1, 3),
(40771004, '53BBF906-BA61-409D-838E-D94D29494CF0', '', 'Moutarde', '9A6AEFB5-7FF9-45BE-BE85-006B7291B615', 0, 3),
(40771005, '0EA00888-3F85-4855-B0BE-8D3943C68B64', '', 'With roquette', '9302ED2B-510A-45D2-BD8E-2F9E11360082', 0, 3),
(40771006, '83CBD456-36AB-4764-A64B-9B81BBE90BF2', '', 'Without poivrons', '7A52D0F8-5007-4F98-A27D-617B0CA9B5A5', 0, 3),
(40771007, '89C9375D-E499-4062-A6A2-68D9A3D4670C', '', 'Tortilla', '63B7C597-142F-40EB-92B9-0CFC133EE31F', 0, 3),
(40771008, '8AC7DE0B-5F72-41D7-9AD9-468104CD680B', '', 'WITH steak', '72A9B023-CD01-4CCB-8C3F-52273B4C3515', 0, 3),
(40771009, '967FED67-B86F-463B-B217-768092E5428C', '0802A1F1-FCCB-488E-BA41-DF996B296114', '', '6F9A5C8D-4D90-4D6E-B78B-21413D06061F', 0, 3),
(40771010, 'F5A3A24D-D365-47A9-B57D-8CB28F96209F', '', 'Pickels', '63B7C597-142F-40EB-92B9-0CFC133EE31F', 0, 3),
(40771011, '303AC5B1-BA81-46C6-BA93-870D4E26B259', 'E53F74CC-5CC2-45FE-902B-E12504BA9DE8', '', '7A52D0F8-5007-4F98-A27D-617B0CA9B5A5', 0, 3),
(40771012, '8B10FE62-030F-463D-B981-D1DC2C3ABD3F', '', 'Orange', '13A8422C-54E7-4EE5-B32F-77822DB30E29', 1, 3),
(40771013, 'B0DD7E86-9D79-44D3-8C01-293401DADD22', '', 'Orchard-fruits', 'ED9E95C0-E56D-49AB-9FE7-12F834AFCD38', 1, 3),
(40771014, 'C39A1549-EBCF-40FD-ACBF-4DFB728CC89D', '', 'Salad', '63B7C597-142F-40EB-92B9-0CFC133EE31F', 0, 3),
(40771015, '5F772467-4B53-4501-BAC7-A46AAFC88281', '', 'Apple', '13A8422C-54E7-4EE5-B32F-77822DB30E29', 1, 3),
(40771016, '9119C2AC-BC55-49AB-979F-9D916816F08B', '9B0AC897-B054-4FD3-ADDA-C9CC22B5B693', '', '7A52D0F8-5007-4F98-A27D-617B0CA9B5A5', 0, 3),
(40771017, 'F3CFAC0E-3802-410B-9982-989DD96DDC9B', 'F81C32E5-2274-4C31-96CA-EEFEA3364B87', '', 'ED9E95C0-E56D-49AB-9FE7-12F834AFCD38', 0, 3),
(40771018, 'C73A2E90-A1DB-440F-A573-27DD6C5D6CD3', '', 'WITH alfalfa', '7A52D0F8-5007-4F98-A27D-617B0CA9B5A5', 1, 3),
(40771019, 'D154D4B3-8672-4FA2-8FE4-2AF6AD59CCFB', 'B9F6B384-C673-4991-8E61-EC89F9B4842D', '', '13A8422C-54E7-4EE5-B32F-77822DB30E29', 0, 3),
(40771020, '5D434E2D-8BD1-4DFF-A67D-5AC9AADF7ADE', '', 'With fried onions', '9302ED2B-510A-45D2-BD8E-2F9E11360082', 0, 3),
(40771021, '512CFE74-082C-48E1-9AE9-AA0D65D1EFD0', '', 'Extra cheese', '6F9A5C8D-4D90-4D6E-B78B-21413D06061F', 0, 3),
(40771022, 'E5C0D93C-2602-4E1A-AC2A-1B9DA6454C2C', '', 'Nouvelle option', '435BC714-8E36-436C-AFE7-8AA6F540B0ED', 1, 3),
(40771023, '222602F3-4A81-4824-B9A3-990D62098BBB', '', 'Zuchini', '63B7C597-142F-40EB-92B9-0CFC133EE31F', 0, 3),
(40771024, 'F390C7E5-0268-4BD9-881E-62725E3A2100', '57189C8E-1770-4310-96A4-214690D8274A', '', '13A8422C-54E7-4EE5-B32F-77822DB30E29', 0, 3),
(40771025, 'C4BAC90A-4A8F-435D-8A68-0F1290BA719C', '', 'Choco-noix', '5C21F6D2-158E-4FB5-8A4B-6BEEB3170D2A', 1, 3),
(40771026, '982677F6-F9BA-4960-80D0-90830967BD4B', '', '', '63B7C597-142F-40EB-92B9-0CFC133EE31F', 1, 3),
(40771027, 'F8BA28B1-EF91-4E79-8E27-3BF970F68339', '518F9893-AD15-450C-8249-7A72A4E31F8F', '', 'DC992209-C8BD-47EB-906F-76518540EA4B', 0, 3),
(40771028, '99DB5B98-DA66-4B27-A761-1811385602BE', '', 'Tomato', '63B7C597-142F-40EB-92B9-0CFC133EE31F', 0, 3),
(40771029, '22B2E0FB-4E89-4D15-9C38-BB6AFD7905D8', '', 'Elderberries', 'ED9E95C0-E56D-49AB-9FE7-12F834AFCD38', 1, 3),
(40771030, '683FF34E-8143-43FD-9599-DDBCD0A8040C', '', 'WITH fried onions', '7A52D0F8-5007-4F98-A27D-617B0CA9B5A5', 1, 3),
(40771031, '0254C993-6417-4CD8-BF4D-DBF07C0C9EAD', '', 'Extra steak', '6F9A5C8D-4D90-4D6E-B78B-21413D06061F', 0, 3),
(40771032, '9CF81296-59CA-432A-ACEC-B30CC164C808', '', 'Olives', '63B7C597-142F-40EB-92B9-0CFC133EE31F', 0, 3),
(40771033, '95BDA8C0-B8EE-4883-89E2-5610603C071C', '', 'Deca', '435BC714-8E36-436C-AFE7-8AA6F540B0ED', 0, 3),
(40771034, '951934E4-9EAA-4E44-9449-1E3E22D5DB85', '', 'Catcheuse', '9A6AEFB5-7FF9-45BE-BE85-006B7291B615', 0, 3),
(40771035, '2F07AE56-5333-45A9-BF4A-D4BE60DF8CCE', '', 'Lemon', '32F68E6D-3012-4D3F-9674-2FBB1206592C', 0, 3),
(40771036, '2A678F11-1EDF-4EC2-9E61-EBB6F6724BF8', '', 'Withou sauce', '9A6AEFB5-7FF9-45BE-BE85-006B7291B615', 0, 3),
(40771037, '3C02D6D8-A03A-424A-BD18-4AD2E47E778B', '', 'Without alfalfa', '7A52D0F8-5007-4F98-A27D-617B0CA9B5A5', 0, 3),
(40771038, 'E45418E8-BCB9-45F6-A4C3-FEF72A9CADF4', '', 'Choco-noix-framb', '5C21F6D2-158E-4FB5-8A4B-6BEEB3170D2A', 1, 3),
(40771039, '03C9A81F-3B33-4847-8234-3A05D577117F', '', 'WITH tabasco', '7A52D0F8-5007-4F98-A27D-617B0CA9B5A5', 1, 3),
(40771040, '3E9B2B2E-7F7E-43CD-8202-3BFAB392B0AC', '16EE9C98-6AF8-4167-BA3E-2ACBEE03DF40', '', '7A52D0F8-5007-4F98-A27D-617B0CA9B5A5', 0, 3),
(40771041, '8986C76F-0B3F-4B4A-BD9E-3AE937B3889A', '', 'White peach', '32F68E6D-3012-4D3F-9674-2FBB1206592C', 0, 3),
(40771042, '9E10AD25-C519-4670-8F61-5159B6E10986', 'F78271D3-75A4-4970-9027-600CBEB6C646', '', 'ED9E95C0-E56D-49AB-9FE7-12F834AFCD38', 0, 3),
(40771043, '8200821B-1347-4E2D-BB9D-8B5B16FEA41E', '', 'Without cheese', '7A52D0F8-5007-4F98-A27D-617B0CA9B5A5', 0, 3),
(40771044, 'AE147589-5B91-42C1-B168-ACC2FAFE3193', '', 'Cheese', '93F0D2A6-EE6E-4021-9D96-E06E8EA27B95', 0, 3),
(40771045, 'A69F8162-C7C1-4217-A111-71CCEBF8960A', '', 'Red pepper', '63B7C597-142F-40EB-92B9-0CFC133EE31F', 0, 3),
(40771046, '6EB73886-ADDF-4C92-8957-80330536CF1E', '8B1CB32F-0831-4D36-981D-B20A914C7B67', '', 'ED9E95C0-E56D-49AB-9FE7-12F834AFCD38', 0, 3),
(40771047, '0B83E607-396C-4A0C-9C76-32D00CDFCBF7', '', 'Have it NOW', '81A59618-9754-4E71-9E94-42292722EE79', 0, 3),
(40771048, '67A3BBE0-2C0B-4136-BF0F-0E4B4C4516C3', '', 'Touriste', '9A6AEFB5-7FF9-45BE-BE85-006B7291B615', 0, 3);

-- --------------------------------------------------------

--
-- Table structure for table `sales_productcategory`
--

CREATE TABLE IF NOT EXISTS `sales_productcategory` (
  `id` varchar(255) COLLATE utf8_unicode_ci NOT NULL,
  `name` varchar(255) COLLATE utf8_unicode_ci NOT NULL,
  `deleted` tinyint(1) NOT NULL,
  `id_bu` int(11) NOT NULL,
  UNIQUE KEY `id` (`id`,`id_bu`),
  KEY `id_2` (`id`)
) ENGINE=InnoDB DEFAULT CHARSET=utf8 COLLATE=utf8_unicode_ci;

--
-- Dumping data for table `sales_productcategory`
--

INSERT INTO `sales_productcategory` (`id`, `name`, `deleted`, `id_bu`) VALUES
('0', 'Soft', 1, 1),
('0017D2C5-14AC-457F-890C-BE78F3496AE2', 'Desserts', 0, 2),
('02B93412-68B2-4791-8227-C8D4DFC9CB58', 'Drinks cuisine', 0, 2),
('02EFA320-AEFD-46FB-A994-A25952C65785', 'Special ', 0, 2),
('07854F5A-0DC4-4AE6-9D18-2AF4E9862304', 'WATER', 0, 1),
('07854F5A-0DC4-4AE6-9D18-2AF4E9862304', 'WATER', 1, 2),
('07854F5A-0DC4-4AE6-9D18-2AF4E9862304', 'WATER', 0, 4),
('1', 'BURGER', 0, 1),
('15', 'JUICE', 0, 1),
('15D150FB-0AB2-45EC-B0E2-D82A8E919709', 'JUICE', 0, 1),
('15D150FB-0AB2-45EC-B0E2-D82A8E919709', 'JUICE', 1, 2),
('15D150FB-0AB2-45EC-B0E2-D82A8E919709', 'JUICE', 0, 4),
('19E864A9-7FE1-4982-989D-F930E2C50091', 'DESSERT', 0, 1),
('19E864A9-7FE1-4982-989D-F930E2C50091', 'DESSERT', 1, 2),
('19E864A9-7FE1-4982-989D-F930E2C50091', 'DESSERT', 0, 4),
('1A41C9AC-2BDA-421D-A64A-876A82F2A84F', 'BURGER', 0, 1),
('1A41C9AC-2BDA-421D-A64A-876A82F2A84F', 'BURGER', 1, 2),
('1A41C9AC-2BDA-421D-A64A-876A82F2A84F', 'BURGER', 0, 4),
('1B735A03-BE0B-4511-8680-11DD2331EEB8', 'Catégorie par défaut', 1, 1),
('1B735A03-BE0B-4511-8680-11DD2331EEB8', 'Catégorie par défaut', 1, 2),
('1B735A03-BE0B-4511-8680-11DD2331EEB8', 'Catégorie par défaut', 1, 4),
('1D0374FA-FA18-4699-A8C5-2CB38002C190', 'Beer', 0, 2),
('2', 'SIDE', 0, 1),
('20FC7CC4-DF20-42EB-AA28-DAE749384E23', 'Warm drinks', 0, 2),
('2147483647', 'Catégorie par défaut', 1, 1),
('2DC76D5E-CCA1-4627-8442-79EE6ACFFC1F', 'SIDE', 0, 1),
('2DC76D5E-CCA1-4627-8442-79EE6ACFFC1F', 'SIDE', 1, 2),
('2DC76D5E-CCA1-4627-8442-79EE6ACFFC1F', 'SIDE', 0, 4),
('2F925CE6-C069-4FF7-8D1A-B3DE3E48B9EE', 'Salad big', 0, 2),
('3', 'WINE', 0, 1),
('39957FE2-9AC0-4ACB-BB0C-ABFA144CBC4C', 'Menu', 0, 2),
('4', 'MENU', 0, 1),
('4041', 'Nouvelle catégorie n°3', 1, 1),
('4041C24C-AFBC-4077-A8A8-48CD51C6869B', 'Nouvelle catégorie n°3', 1, 1),
('4041C24C-AFBC-4077-A8A8-48CD51C6869B', 'Nouvelle catégorie n°3', 1, 2),
('4041C24C-AFBC-4077-A8A8-48CD51C6869B', 'Nouvelle catégorie n°3', 1, 4),
('4A2CD759-D60A-439C-B64B-FBBB0BC745F1', 'Pizzas', 0, 2),
('4C42A378-0103-4226-AF10-29388E4CEF55', 'MENU', 0, 1),
('4C42A378-0103-4226-AF10-29388E4CEF55', 'MENU', 1, 2),
('4C42A378-0103-4226-AF10-29388E4CEF55', 'MENU', 0, 4),
('4E2082A1-1E07-47BB-90CD-C1CB2F6767F3', 'BIONADE', 0, 1),
('4E2082A1-1E07-47BB-90CD-C1CB2F6767F3', 'BIONADE', 1, 2),
('4E2082A1-1E07-47BB-90CD-C1CB2F6767F3', 'BIONADE', 0, 4),
('5', 'Test', 1, 1),
('55782', 'Test', 1, 1),
('55782BF4-32AB-4548-915B-9DE5B1ACFD66', 'Test', 1, 1),
('55782BF4-32AB-4548-915B-9DE5B1ACFD66', 'Test', 1, 2),
('55782BF4-32AB-4548-915B-9DE5B1ACFD66', 'Test', 1, 4),
('59', 'BEER', 0, 1),
('599', 'Nouvelle catégorie n°1', 1, 1),
('599DF230-DFD3-49C4-BA7D-523656EF8159', 'Nouvelle catégorie n°1', 1, 1),
('599DF230-DFD3-49C4-BA7D-523656EF8159', 'Nouvelle catégorie n°1', 1, 2),
('599DF230-DFD3-49C4-BA7D-523656EF8159', 'Nouvelle catégorie n°1', 1, 4),
('59A13EB6-626F-4731-9688-E11E0301B285', 'BEER', 0, 1),
('59A13EB6-626F-4731-9688-E11E0301B285', 'BEER', 1, 2),
('59A13EB6-626F-4731-9688-E11E0301B285', 'BEER', 0, 4),
('5EA0CE1F-542B-4E8D-B5DC-CD17228FDBB4', 'Test', 1, 1),
('5EA0CE1F-542B-4E8D-B5DC-CD17228FDBB4', 'Test', 1, 2),
('5EA0CE1F-542B-4E8D-B5DC-CD17228FDBB4', 'Test', 1, 4),
('609CE134-236E-4FA2-A534-28761DAF3E84', 'SPECIAL', 0, 1),
('609CE134-236E-4FA2-A534-28761DAF3E84', 'SPECIAL', 1, 2),
('609CE134-236E-4FA2-A534-28761DAF3E84', 'SPECIAL', 0, 4),
('81FB710A-833D-4E82-859E-33B224B2D28B', 'Catégorie par défaut', 0, 2),
('8AB724F2-9BE9-4DC7-AD80-ECE1A7988FE6', 'Jus frais extracte', 0, 2),
('9', 'SORBET', 0, 1),
('9CB446E5-E6C9-41BA-A17F-3FF0DCA4496B', 'SORBET', 0, 1),
('9CB446E5-E6C9-41BA-A17F-3FF0DCA4496B', 'SORBET', 1, 2),
('9CB446E5-E6C9-41BA-A17F-3FF0DCA4496B', 'SORBET', 0, 4),
('9F0ECFC1-C4BA-4AF5-84D2-9BF001E837CF', 'Catégorie par défaut', 1, 1),
('9F0ECFC1-C4BA-4AF5-84D2-9BF001E837CF', 'Catégorie par défaut', 1, 2),
('9F0ECFC1-C4BA-4AF5-84D2-9BF001E837CF', 'Catégorie par défaut', 1, 4),
('9FAAFC73-761C-4BEA-8820-877928E17685', 'Salads', 0, 2),
('A2B43D3E-228D-4A54-8F95-7D2BEA81609E', 'SAUCE', 0, 1),
('A2B43D3E-228D-4A54-8F95-7D2BEA81609E', 'SAUCE', 1, 2),
('A2B43D3E-228D-4A54-8F95-7D2BEA81609E', 'SAUCE', 0, 4),
('A50B7013-623E-48AA-9133-A587E595F844', 'COFFEE/TEA', 0, 1),
('A50B7013-623E-48AA-9133-A587E595F844', 'COFFEE/TEA', 1, 2),
('A50B7013-623E-48AA-9133-A587E595F844', 'COFFEE/TEA', 0, 4),
('A9BC57D1-F5BD-46E6-A73C-B60FFB058D0F', 'Soft', 1, 1),
('A9BC57D1-F5BD-46E6-A73C-B60FFB058D0F', 'Soft', 1, 2),
('A9BC57D1-F5BD-46E6-A73C-B60FFB058D0F', 'Soft', 1, 4),
('B3690F84-8EDA-4811-BE7F-134303521C0E', 'Catégorie par défaut', 0, 1),
('B3690F84-8EDA-4811-BE7F-134303521C0E', 'Catégorie par défaut', 1, 2),
('B3690F84-8EDA-4811-BE7F-134303521C0E', 'Catégorie par défaut', 0, 4),
('BC06CE69-4155-4AA1-9BDB-41A9A0D724B2', 'Catégorie par défaut', 1, 2),
('BD29CD30-5D8D-4323-9247-04184D3392F0', 'Wine', 0, 2),
('C5F9151E-43A7-4126-A2B7-AE466FBD2970', 'STAFF', 0, 1),
('C5F9151E-43A7-4126-A2B7-AE466FBD2970', 'STAFF', 0, 4),
('C96A3A71-9751-47C4-B693-092868D29C8D', 'Catégorie par défaut', 1, 4),
('DACF41F9-2976-4424-A18D-E6A87C64BC06', 'Catégorie par défaut', 1, 1),
('DACF41F9-2976-4424-A18D-E6A87C64BC06', 'Catégorie par défaut', 1, 2),
('DACF41F9-2976-4424-A18D-E6A87C64BC06', 'Catégorie par défaut', 1, 4),
('DB021AAD-98E3-4F22-B772-B508E93E3C36', 'Desserts+1', 0, 2),
('E01A16DF-D3B1-41B1-90D2-B558C34C1E3E', 'Drinks', 0, 2),
('E8CAE7CB-E12F-4D5A-9F58-41E7EA7E36BC', 'Dessert day', 0, 1),
('E8CAE7CB-E12F-4D5A-9F58-41E7EA7E36BC', 'Dessert day', 1, 2),
('E8CAE7CB-E12F-4D5A-9F58-41E7EA7E36BC', 'Dessert day', 0, 4),
('FED47BD0-11A8-445F-87ED-14045F08DF2E', 'WINE', 0, 1),
('FED47BD0-11A8-445F-87ED-14045F08DF2E', 'WINE', 1, 2),
('FED47BD0-11A8-445F-87ED-14045F08DF2E', 'WINE', 0, 4),
('FF026650-7D23-4194-865D-BA9B953DD5C3', 'Nouvelle catégorie', 1, 1),
('FF026650-7D23-4194-865D-BA9B953DD5C3', 'Nouvelle catégorie', 1, 2),
('FF026650-7D23-4194-865D-BA9B953DD5C3', 'Nouvelle catégorie', 1, 4);

-- --------------------------------------------------------

--
-- Table structure for table `sales_receipt`
--

CREATE TABLE IF NOT EXISTS `sales_receipt` (
  `id` varchar(255) COLLATE utf8_unicode_ci NOT NULL,
  `sequential_id` int(11) NOT NULL,
  `owner` varchar(255) COLLATE utf8_unicode_ci NOT NULL,
  `date_created` timestamp NOT NULL DEFAULT CURRENT_TIMESTAMP ON UPDATE CURRENT_TIMESTAMP,
  `date_closed` timestamp NOT NULL DEFAULT '0000-00-00 00:00:00',
  `canceled` tinyint(1) NOT NULL,
  `amount_total` int(11) NOT NULL,
  `amount_paid` int(11) NOT NULL,
  `done` tinyint(1) NOT NULL DEFAULT '0',
  `period_id` int(11) NOT NULL,
  `id_bu` int(11) NOT NULL,
  UNIQUE KEY `sequential_id` (`sequential_id`,`id_bu`),
  KEY `date_closed` (`date_closed`),
  KEY `canceled` (`canceled`),
  KEY `done` (`done`),
  KEY `owner` (`owner`)
) ENGINE=InnoDB DEFAULT CHARSET=utf8 COLLATE=utf8_unicode_ci;

-- --------------------------------------------------------

--
-- Table structure for table `sales_receiptitem`
--

CREATE TABLE IF NOT EXISTS `sales_receiptitem` (
  `id` int(11) NOT NULL,
  `receipt` varchar(255) COLLATE utf8_unicode_ci NOT NULL,
  `product` varchar(255) COLLATE utf8_unicode_ci NOT NULL,
  `quantity` int(11) NOT NULL,
  `id_bu` int(11) NOT NULL,
  UNIQUE KEY `id` (`id`,`id_bu`),
  KEY `receipt` (`receipt`),
  KEY `product` (`product`),
  KEY `quantity` (`quantity`),
  KEY `id_bu` (`id_bu`)
) ENGINE=InnoDB DEFAULT CHARSET=utf8 COLLATE=utf8_unicode_ci;

-- --------------------------------------------------------

--
-- Table structure for table `sales_receiptitemaddon`
--

CREATE TABLE IF NOT EXISTS `sales_receiptitemaddon` (
  `id` int(11) NOT NULL,
  `receiptitem` int(11) NOT NULL,
  `productaddon` varchar(255) COLLATE utf8_unicode_ci NOT NULL,
  `quantity` int(11) NOT NULL,
  `id_bu` int(11) NOT NULL,
  UNIQUE KEY `id` (`id`,`id_bu`),
  KEY `receiptitem` (`receiptitem`),
  KEY `productaddon` (`productaddon`),
  KEY `quantity` (`quantity`),
  KEY `id_bu` (`id_bu`)
) ENGINE=InnoDB DEFAULT CHARSET=utf8 COLLATE=utf8_unicode_ci;

-- --------------------------------------------------------

--
-- Table structure for table `sensors`
--

CREATE TABLE IF NOT EXISTS `sensors` (
  `id` int(11) NOT NULL,
  `reference` varchar(255) COLLATE utf8_unicode_ci NOT NULL,
  `name` text COLLATE utf8_unicode_ci NOT NULL,
  `correction` float NOT NULL,
  `id_bu` int(11) DEFAULT NULL,
  `sms_alert` tinyint(1) NOT NULL DEFAULT '1',
  PRIMARY KEY (`id`),
  KEY `id_bu` (`id_bu`)
) ENGINE=InnoDB DEFAULT CHARSET=utf8 COLLATE=utf8_unicode_ci;

--
-- Dumping data for table `sensors`
--

INSERT INTO `sensors` (`id`, `reference`, `name`, `correction`, `id_bu`, `sms_alert`) VALUES
(1, '28DC0809060000DB', 'RDC - FRIGO 1P', 0, 1, 1),
(2, '28FADF0A06000058', 'CAVE', 0, 1, 0),
(3, '2829DE0906000080', 'EXTERIEUR', 0, 1, 0),
(4, '2815E308060000F7', 'CAVE - CHAMBRE FROIDE', 0, 1, 1),
(5, '28DDF70A060000AD', 'RDC - CUISINE', 0, 1, 0),
(6, '28B3A00906000031', 'CAVE - CONGEL 1', 0, 1, 1),
(7, '288BB5080600005C', 'CAVE - CONGEL 3', 0, 1, 1),
(8, '28EB5C0906000039', 'RDC - CONGEL', 0, 1, 1),
(9, '289B6109060000C9', 'CAVE - CONGEL 2', 0, 1, 1),
(10, '28FF8F93641501F3', 'ETAGE', 0, 1, 0),
(11, '28011564a02dff', 'LABO', 0, 2, 1),
(12, '280115923d63ff', 'RDC - FRIGO 2P', 0, 2, 1),
(13, '2801159245bbff', 'RDC - ARMOIRE ELEC', 0, 2, 0),
(14, '280115924ad7ff', 'LABO - FRIGO 3P', 0, 2, 1),
(15, '280115929ed5ff', 'RDC - EXTERIEUR', 0, 2, 0),
(16, '280115929eddff', 'RDC - FRIGO 3P', 0, 2, 1),
(17, '280115926e7eff', 'LABO - CHAMBRE FROIDE', 0, 2, 1),
(18, '28A81A08060000EF', 'RDC - FRIGO 3P', 0, 1, 1),
(19, '28-0115923ac9ff', 'RDC - BOX TECHNIQUE', 0, 4, 1),
(20, '28-011564d74cff', 'RDC - FRIGO 3P BAR', 0, 4, 1),
(21, '28-041469195fff', 'RDC - CF', 0, 4, 1),
(22, '28-0115926ce8ff', 'RDC - CONGEL', 0, 4, 1);

-- --------------------------------------------------------

--
-- Table structure for table `sensors_alarm`
--

CREATE TABLE IF NOT EXISTS `sensors_alarm` (
  `id_sensor` int(11) NOT NULL,
  `max` int(11) NOT NULL,
  `min` int(11) NOT NULL,
  `lastalarm` datetime NOT NULL,
  `sms_count_day` int(11) NOT NULL,
  PRIMARY KEY (`id_sensor`)
) ENGINE=InnoDB DEFAULT CHARSET=utf8 COLLATE=utf8_unicode_ci;

--
-- Dumping data for table `sensors_alarm`
--

INSERT INTO `sensors_alarm` (`id_sensor`, `max`, `min`, `lastalarm`, `sms_count_day`) VALUES
(1, 22, -2, '2018-03-01 14:12:03', 0),
(4, 12, -5, '2018-02-28 14:42:03', 0),
(6, 6, -40, '2017-11-13 08:48:03', 0),
(7, 6, -40, '2018-01-17 07:54:02', 3),
(8, 6, -40, '2018-02-16 17:12:03', 0),
(9, 6, -40, '2018-01-17 07:48:02', 3),
(12, 14, -2, '2018-04-21 11:36:03', 0),
(14, 14, -2, '2017-07-19 12:30:02', 0),
(16, 18, -2, '2017-10-13 15:30:02', 0),
(17, 14, -5, '2018-04-24 17:30:03', 0),
(18, 19, -10, '2017-10-14 16:48:03', 0);

-- --------------------------------------------------------

--
-- Table structure for table `sensors_alarm_pause`
--

CREATE TABLE IF NOT EXISTS `sensors_alarm_pause` (
  `id` int(11) NOT NULL AUTO_INCREMENT,
  `id_sensor` int(11) DEFAULT NULL,
  `id_user_pause` int(11) unsigned DEFAULT NULL,
  `date_fin` datetime NOT NULL,
  `date_last_action` datetime NOT NULL,
  PRIMARY KEY (`id`),
  KEY `id_sensor` (`id_sensor`),
  KEY `id_user_pause` (`id_user_pause`)
) ENGINE=InnoDB DEFAULT CHARSET=latin1 AUTO_INCREMENT=1 ;

-- --------------------------------------------------------

--
-- Table structure for table `sensors_temp`
--

CREATE TABLE IF NOT EXISTS `sensors_temp` (
  `id` int(11) NOT NULL AUTO_INCREMENT,
  `id_sensor` int(11) DEFAULT NULL,
  `date` timestamp NOT NULL DEFAULT CURRENT_TIMESTAMP,
  `temp` float NOT NULL,
  PRIMARY KEY (`id`),
  KEY `date` (`date`),
  KEY `temp` (`temp`),
  KEY `id_sensor` (`id_sensor`)
) ENGINE=InnoDB  DEFAULT CHARSET=utf8 COLLATE=utf8_unicode_ci AUTO_INCREMENT=8274868 ;

-- --------------------------------------------------------

--
-- Table structure for table `skills`
--

CREATE TABLE IF NOT EXISTS `skills` (
  `id` int(10) unsigned NOT NULL AUTO_INCREMENT,
  `name` varchar(50) NOT NULL,
  `order` bigint(20) DEFAULT NULL,
  `deleted` tinyint(1) NOT NULL DEFAULT '0',
  `id_bu` int(11) DEFAULT NULL,
  PRIMARY KEY (`id`),
  KEY `id_bu` (`id_bu`)
) ENGINE=InnoDB  DEFAULT CHARSET=latin1 AUTO_INCREMENT=4 ;

--
-- Dumping data for table `skills`
--

INSERT INTO `skills` (`id`, `name`, `order`, `deleted`, `id_bu`) VALUES
(1, 'MOD1', 10000, 0, 1),
(2, 'MOD2', 20000, 0, 1),
(3, 'MOD1', 1000, 0, 2);

-- --------------------------------------------------------

--
-- Table structure for table `skills_category`
--

CREATE TABLE IF NOT EXISTS `skills_category` (
  `id` int(10) unsigned NOT NULL AUTO_INCREMENT,
  `name` varchar(50) NOT NULL,
  `order` bigint(20) DEFAULT NULL,
  `deleted` tinyint(1) NOT NULL DEFAULT '0',
  `id_bu` int(11) DEFAULT NULL,
  PRIMARY KEY (`id`),
  KEY `id_bu` (`id_bu`)
) ENGINE=InnoDB  DEFAULT CHARSET=latin1 AUTO_INCREMENT=10 ;

--
-- Dumping data for table `skills_category`
--

INSERT INTO `skills_category` (`id`, `name`, `order`, `deleted`, `id_bu`) VALUES
(2, 'Bienvenue', 10000, 0, 1),
(3, 'Service', 20000, 0, 1),
(4, 'Général', 30000, 0, 1),
(5, 'Cuisine', 40000, 0, 1),
(6, 'BIENVENUE', 1000, 0, 2),
(7, 'SERVICE', 2000, 0, 2),
(8, 'GENERAL', 3000, 0, 2),
(9, 'CUISINE', 4000, 0, 2);

-- --------------------------------------------------------

--
-- Table structure for table `skills_item`
--

CREATE TABLE IF NOT EXISTS `skills_item` (
  `id` int(10) unsigned NOT NULL AUTO_INCREMENT,
  `id_skills` int(11) DEFAULT NULL,
  `name` text NOT NULL,
  `link` text NOT NULL,
  `id_cat` int(11) DEFAULT NULL,
  `id_sub_cat` int(11) DEFAULT NULL,
  `order` bigint(20) DEFAULT NULL,
  `deleted` tinyint(1) NOT NULL DEFAULT '0',
  PRIMARY KEY (`id`),
  KEY `id_skills` (`id_skills`),
  KEY `id_cat` (`id_cat`),
  KEY `id_sub_cat` (`id_sub_cat`)
) ENGINE=InnoDB  DEFAULT CHARSET=latin1 AUTO_INCREMENT=169 ;

--
-- Dumping data for table `skills_item`
--

INSERT INTO `skills_item` (`id`, `id_skills`, `name`, `link`, `id_cat`, `id_sub_cat`, `order`, `deleted`) VALUES
(1, 1, 'Bonne connaissance du Book chapitre "Bienvenue"', '', 2, 2, 80000, 0),
(2, 1, 'Tant que je n’ai pas été autorisé à la faire, NE JAMAIS DONNER UN SAC A EMPORTER OU A LIVRER sans vérification d’une tierce personne.', '', 2, 2, 20000, 0),
(3, 1, 'Ne pas laisser un inconnu/une entreprise intervenir dans le restaurant sur du matériel ou mobilier… si vous n’avez pas été prévenu. ', '', 2, 2, 30000, 0),
(4, 1, 'Il vaut mieux faire patienter le client et lui donner un produit bien fait et bien cuit/chaud/emballé plutôt qu’aller trop vite au détriment de la qualité.', '', 2, 2, 40000, 0),
(5, 1, 'Allumer le bac à lampe dès qu’il y a des potatoes dedans.', '', 3, 3, 10000, 0),
(6, 1, 'Charger le plateau de potatoes (1kg)', '', 3, 3, 20000, 0),
(7, 1, 'Mettre le bon programme pour la cuisson', '', 3, 3, 30000, 0),
(8, 1, 'Vérifier la bonne cuisson des potatoes', '', 3, 3, 40000, 0),
(9, 1, 'Gouter les potatoes bonne/pas bonne', '', 3, 3, 50000, 0),
(10, 1, 'Saler les potatoes', '', 3, 3, 60000, 0),
(11, 1, 'Vérifier que les potatoes sont brulantes avant de servir', '', 3, 3, 70000, 0),
(12, 1, 'Remplir la pochette de potatoes à fond sans tasser et sans miettes', '', 3, 3, 80000, 0),
(13, 1, 'Vider régulièrement le fond du bac à potatoes pour enlever les miettes', '', 3, 3, 90000, 1),
(14, 1, 'Installer les potatoes couchées sur le plateau', '', 3, 3, 100000, 0),
(15, 1, 'Ne pas mettre les bacs au fond sur le dessus du four pour ne pas obstruer la ventilation du four', '', 3, 3, 110000, 0),
(16, 1, 'Eteindre et snoozer le four', '', 3, 3, 120000, 0),
(17, 1, 'Recharger les frigo, respecter le FIFO, recharger les bac de potatoes', '', 3, 3, 115000, 0),
(18, 1, 'Connaitre les actions à effectuer lors de temps libre', '', 3, 4, NULL, 0),
(19, 1, 'Avoir la bonne quantité de potatoes en fonction de l’affluence et de l’heure', '', 3, 3, 115500, 0),
(20, 1, 'Bonne connaissance du book chapitre  "Burgers"', '', 3, 5, 10000, 0),
(21, 1, 'Mettre un tablier et des gants + chapeau/casquette', '', 3, 5, 20000, 0),
(22, 1, 'Le grill burger ne doit PAS dépasser la température de 200°', '', 3, 5, 30000, 0),
(23, 1, 'Les nouveaux tickets cuisine doivent être placés à gauche de la barre', '', 3, 5, 40000, 0),
(24, 1, 'Jeter les tickets faits dès que le burger sort de l’espace confection en jetant les tickets par la droite', '', 3, 5, 50000, 0),
(25, 1, 'Les steaks sont cuits environ 10 minutes dans le grill; les retourner, ne pas les écraser', '', 3, 5, 60000, 0),
(26, 1, 'Cuisson en mode tampon', '', 3, 5, 70000, 0),
(27, 1, 'Mettre la bonne quantité de steak en fonction de l’affluence et de l’heure', '', 3, 5, 80000, 0),
(28, 1, 'Servir au client un steak doré, très chaud et pas sec', '', 3, 5, 90000, 0),
(29, 1, 'Faire toaster des pains, 4 maximum dans le four', '', 3, 5, 100000, 0),
(30, 1, 'Avoir constamment 2 bibs de chaque sauce sortis', '', 3, 5, 110000, 0),
(31, 1, 'Réassort des steak', '', 3, 5, 120000, 0),
(32, 1, 'Ne pas jeter/laver un bib qui contient au moins de quoi faire 2 burgers (sauf en fin de service)', '', 3, 5, 130000, 0),
(33, 1, 'Connaitre l’ordre des toppings', '', 3, 5, 140000, 0),
(34, 1, 'Disposer les éléments de sorte que la première bouchée contienne tous les ingrédients', '', 3, 5, 150000, 0),
(35, 1, 'Mettre la bonne quantité de sauce', '', 3, 5, 160000, 0),
(36, 1, 'Emballer et identifier le burger', '', 3, 5, 170000, 0),
(37, 1, 'Annoncer les burgers à la personne qui prépare les plateaux', '', 3, 5, 180000, 0),
(38, 1, 'Ne pas salir l’emballage en emballant le burger', '', 3, 5, 190000, 0),
(39, 1, 'Nettoyer le plan de travail régulièrement et à chaque fin de session de confection', '', 3, 5, 200000, 0),
(40, 1, 'Process de confection à 2', '', 3, 5, 210000, 0),
(41, 1, 'Ne pas accepter de livraison au restaurant, ne rien signer sans y avoir été autorisé et formé', '', 2, 2, 50000, 0),
(42, 1, 'Bonne connaissance du Book chapitre Potatoes', '', 3, 3, 9900, 0),
(43, 1, 'Savoir porter en protégeant le dos', '', 2, 2, 60000, 0),
(44, 1, 'Ne pas laisser un inconnu/une entreprise intervenir dans le restaurant sur du matériel ou mobilier… si vous n’avez pas été prévenu.', '', 2, 6, 10000, 0),
(45, 1, 'Ne pas accepter de livraison au restaurant, ne rien signer sans y avoir été autorisé et formé', '', 2, 6, 20000, 0),
(46, 1, 'Savoir porter en protégeant le dos', '', 2, 6, 30000, 0),
(47, 1, 'FIFO - Les plus anciens produits doivent se trouver en premier ou être rangés au-dessus des plus récents.', '', 2, 6, 35000, 0),
(48, 1, 'FIFO - Les plus anciens produits doivent se trouver en premier ou être rangés au-dessus des plus récents.', '', 2, 2, 55000, 0),
(49, 1, 'Bonne connaissance du Book chapitre "Bienvenue"', '', 2, 6, 60000, 0),
(50, 1, 'BONNE CONNAISSANCE DU BOOK CHAPITRE "PLATEAUX"', '', 3, 7, 10000, 0),
(51, 1, 'Confectionner un sac à emporter', '', 3, 7, 20000, 0),
(52, 1, 'Controler un sac à emporter/une livraison, toujours cocher tous les produits sur le ticket', '', 3, 7, 30000, 0),
(53, 1, 'Mettre immédiatement fourchette, salade ou paille sur produits nécessitant', '', 3, 7, 40000, 0),
(54, 1, 'Communication avec la cuisine, accuser oralement les annonces', '', 3, 7, 50000, 0),
(55, 1, 'Confection boissons thé/café/vin', '', 3, 7, 60000, 0),
(56, 1, 'Donner un plateau sec, propre non gras', '', 3, 7, 70000, 0),
(57, 1, 'Discours clients à la remise du plateau ', '', 3, 7, 80000, 0),
(58, 1, 'BONNE CONNAISSANCE DU BOOK CHAPITRE "Gestion Caisse"', '', 3, 8, 10000, 0),
(59, 1, 'Connaissance discours client, pas de négation', '', 3, 8, 20000, 0),
(60, 1, 'Explication du menu', '', 3, 8, 30000, 0),
(61, 1, 'Réponse sur les allergies ', '', 3, 8, 40000, 0),
(62, 1, 'Le restaurant ne prend pas les cartes titres restaurant mais les papiers titres restaurant ', '', 3, 8, 50000, 0),
(63, 1, 'Le restaurant ne prend pas les chèques vacances, chèques Tati, les 3 Suisses ou autres', '', 3, 8, 60000, 0),
(64, 1, 'Demander la monnaie en demandant le montant exact', '', 3, 8, 70000, 0),
(65, 1, 'Gérer les options et commandes spéciales (perso, avec/sans, notes)', '', 3, 8, 80000, 0),
(66, 1, 'Gestion des comptes fidélité', '', 3, 8, 90000, 0),
(67, 1, 'Gestion des discount', '', 3, 8, 100000, 0),
(68, 1, 'Gérer les réduction en mode paiement', '', 3, 8, 110000, 0),
(69, 1, 'Gestion des notes de frais ', '', 3, 8, 120000, 0),
(70, 1, 'Gestion des sous totaux à l''encaissement', '', 3, 8, 130000, 0),
(71, 1, 'Réouvrir un ticket et modifier la commande et/ou le paiement', '', 3, 8, 140000, 0),
(72, 1, 'Mettre en commentaire en cas d’annulation d’un ticket', '', 3, 8, 150000, 0),
(73, 1, 'Gérer un remboursement ', '', 3, 8, 160000, 0),
(74, 1, 'Machine CB, faire un duplicata', '', 3, 8, 170000, 0),
(75, 1, 'Sortie de caisse interdite sauf manager', '', 3, 8, 180000, 0),
(76, 1, 'Purger la caisse des petites pièces', '', 3, 8, 190000, 0),
(77, 1, 'BONNE CONNAISSANCE DU BOOK CHAPITRE “Ouverture"', '', 3, 9, 10000, 0),
(78, 1, 'Suivi de la checklist et fiche TODO', '', 3, 9, 20000, 0),
(79, 1, 'Valider le module SKILLS "Réception des livraisons" ', '', 3, 9, 30000, 0),
(80, 1, 'Ouverture au plus tard à 12:00:00', '', 3, 9, 40000, 0),
(81, 1, 'A réalisé au moins 5 ouvertures', '', 3, 9, 50000, 0),
(82, 1, 'BONNE CONNAISSANCE DU BOOK CHAPITRE “Fermeture"', '', 3, 10, 10000, 0),
(83, 1, 'Suivi de la checklist ', '', 3, 10, 20000, 0),
(84, 1, 'Fermeture à 22:00:00', '', 3, 10, 30000, 0),
(85, 1, 'Fermer la porte', '', 3, 10, 40000, 0),
(86, 1, 'A réalisé au moins 5 fermetures', '', 3, 10, 50000, 0),
(87, 1, 'BONNE CONNAISSANCE DU BOOK CHAPITRE "Livraisons au restaurant"', '', 4, 11, 10000, 0),
(88, 1, 'Rechercher le BL ', '', 4, 11, 20000, 0),
(89, 1, 'Différencier un BL d’un bon de transport', '', 4, 11, 30000, 0),
(90, 1, 'Vérifier BL avec transporteur ', '', 4, 11, 40000, 0),
(91, 1, 'Créer un BL si manquant', '', 4, 11, 50000, 0),
(92, 1, 'Ne pas signer le bon de transport si le BL n’est pas validé, meme sous la pression du chauffeur', '', 4, 11, 60000, 0),
(93, 1, 'Controler et cocher chaque produit ', '', 4, 11, 70000, 0),
(94, 1, 'Conserver le BL au bon endroit', '', 4, 11, 80000, 0),
(95, 1, 'BONNE CONNAISSANCE DU BOOK CHAPITRE "Rangement & Nettoyage"', '', 4, 12, 10000, 0),
(96, 1, 'Ranger en FIFO', '', 4, 12, 20000, 0),
(97, 1, 'Je ne laisse aucun objet personnel trainer dans les espaces de travail (téléphone, bijoux …)', '', 4, 12, 40000, 0),
(98, 1, 'Utiliser un tablier et tee shirt propre (meme en cuisine non visible des clients)', '', 4, 12, 50000, 0),
(99, 1, 'Une place pour chaque chose et chaque chose à sa place. Ce rangement permet entre autre de faire l''inventaire beaucoup plus rapidement.', '', 4, 12, 60000, 0),
(100, 1, 'Nettoyer les vitres avec microfibre bleu ou papier essuie tout et produit a vitre, surtout pas de vinaigre ', '', 4, 12, 70000, 0),
(101, 1, 'Faire attention aux produits lors du remplissage des laves mains (pas de produit à sol, vinaigre …)', '', 4, 12, 80000, 0),
(102, 1, 'Nettoyer votre plan de travail avant, après et entre chaque préparation différentes (même si je fais à côté, sans toucher, etc …)', '', 4, 12, 90000, 0),
(103, 1, 'Connaissance des différences entre poubelles vertes et jaunes', '', 4, 12, 100000, 0),
(104, 1, 'Faire fonctionner le lave vaisselle (allumer, éteindre), ne pas mettre de gras ni de légume ou autre, rincer les choses avant', '', 4, 12, 110000, 0),
(105, 1, 'Connaissance machine à laver et sèche linge', '', 4, 12, 120000, 0),
(106, 1, 'BONNE CONNAISSANCE DU BOOK CHAPITRE “Cuisine - General”', '', 5, 13, 10000, 0),
(107, 1, 'Equipement, tablier, charlotte, chaussure', '', 5, 13, 20000, 0),
(108, 1, 'Impérativement gouter les préparations ', '', 5, 13, 30000, 0),
(109, 1, 'Vérifier que tous les ingrédients sont présents avant de commencer une recette', '', 5, 13, 40000, 0),
(110, 1, 'Ne pas faire une recette sans y avoir été formé', '', 5, 13, 50000, 0),
(111, 1, 'BONNE CONNAISSANCE DU BOOK CHAPITRE “Cuisine - Etiquetage”', '', 5, 14, 10000, 0),
(112, 1, 'Enlever les éventuelles anciennes étiquettes', '', 5, 14, 20000, 0),
(113, 1, 'Etiqueter les préparations “QQQ" Qui/Quoi/Quand ', '', 5, 14, 30000, 0),
(114, 1, 'Tous les produits ouverts doivent obligatoirement être étiquetés avec la date d’ouverture.', '', 5, 14, 40000, 0),
(115, 1, 'BONNE CONNAISSANCE DU BOOK CHAPITRE “Cuisine - Pesées”', '', 5, 15, 10000, 0),
(116, 1, 'Toujours effectuer les pesées dans un récipient séparé', '', 5, 15, 20000, 0),
(117, 3, 'Tant que je n’ai pas été autorisé à la faire, NE JAMAIS DONNER UN SAC A EMPORTER OU A LIVRER sans vérification d’une tierce personne.', '', 6, 16, 1000, 0),
(118, 3, 'Ne pas laisser un inconnu/une entreprise intervenir dans le restaurant sur du matériel ou mobilier… si vous n’avez pas été prévenu.', '', 6, 16, 2000, 0),
(119, 3, 'Il vaut mieux faire patienter le client et lui donner un produit bien fait et bien cuit/chaud/emballé plutôt qu’aller trop vite au détriment de la qualité.', '', 6, 16, 3000, 0),
(120, 3, 'Ne pas accepter de livraison au restaurant, ne rien signer sans y avoir été autorisé et formé', '', 6, 16, 4000, 0),
(121, 3, 'FIFO - Les plus anciens produits doivent se trouver en premier ou être rangés au-dessus des plus récents.', '', 6, 16, 5000, 0),
(122, 3, 'Savoir porter en protégeant le dos', '', 6, 16, 6000, 0),
(123, 3, 'Bonne connaissance du Book chapitre "Bienvenue"', '', 6, 16, 7000, 0),
(124, 3, 'Ne pas laisser un inconnu/une entreprise intervenir dans le restaurant sur du matériel ou mobilier… si vous n’avez pas été prévenu.', '', 6, 17, 1000, 0),
(125, 3, 'Ne pas accepter de livraison au restaurant, ne rien signer sans y avoir été autorisé et formé', '', 6, 17, 2000, 0),
(126, 3, 'Savoir porter en protégeant le dos', '', 6, 17, 3000, 0),
(127, 3, 'FIFO - Les plus anciens produits doivent se trouver en premier ou être rangés au-dessus des plus récents.', '', 6, 17, 4000, 0),
(128, 3, 'Bonne connaissance du Book chapitre "Bienvenue"', '', 6, 17, 5000, 0),
(129, 3, 'Connaitre les actions à effectuer lors de temps libre', '', 7, 18, 1000, 0),
(130, 3, 'Connaissance du book chapitre Service -> Pizza', '', 7, 19, 1000, 0),
(131, 3, 'Connaissance du Book chapitre Service', '', 7, 20, 2000, 0),
(132, 3, 'Connaissance du Book chapitre Gestion caisse', '', 7, 21, 3000, 0),
(133, 3, 'BONNE CONNAISSANCE DU BOOK CHAPITRE “Ouverture"', '', 7, 22, 1000, 0),
(134, 3, 'A réalisé au moins 5 ouvertures', '', 7, 22, 2000, 0),
(135, 3, 'BONNE CONNAISSANCE DU BOOK CHAPITRE “Fermeture"', '', 7, 23, 1000, 0),
(136, 3, 'A réalisé au moins 5 fermetures', '', 7, 23, 2000, 0),
(137, 3, 'BONNE CONNAISSANCE DU BOOK CHAPITRE "Livraisons au restaurant"', '', 8, 24, 10000, 0),
(138, 3, 'Rechercher le BL ', '', 8, 24, 20000, 0),
(139, 3, 'Différencier un BL d’un bon de transport', '', 8, 24, 30000, 0),
(140, 3, 'Vérifier BL avec transporteur ', '', 8, 24, 40000, 0),
(141, 3, 'Créer un BL si manquant', '', 8, 24, 50000, 0),
(142, 3, 'Ne pas signer le bon de transport si le BL n’est pas validé, meme sous la pression du chauffeur', '', 8, 24, 60000, 0),
(143, 3, 'Controler et cocher chaque produit ', '', 8, 24, 70000, 0),
(144, 3, 'Conserver le BL au bon endroit', '', 8, 24, 80000, 0),
(145, 3, 'BONNE CONNAISSANCE DU BOOK CHAPITRE "Rangement & Nettoyage"', '', 8, 25, 10000, 0),
(146, 3, 'Ranger en FIFO', '', 8, 25, 20000, 0),
(147, 3, 'Je ne laisse aucun objet personnel trainer dans les espaces de travail (téléphone, bijoux …)', '', 8, 25, 40000, 0),
(148, 3, 'Utiliser un tablier et tee shirt propre (meme en cuisine non visible des clients)', '', 8, 25, 50000, 0),
(149, 3, 'Une place pour chaque chose et chaque chose à sa place. Ce rangement permet entre autre de faire l''inventaire beaucoup plus rapidement.', '', 8, 25, 60000, 0),
(150, 3, 'Nettoyer les vitres avec microfibre bleu ou papier essuie tout et produit a vitre, surtout pas de vinaigre ', '', 8, 25, 70000, 0),
(151, 3, 'Faire attention aux produits lors du remplissage des laves mains (pas de produit à sol, vinaigre …)', '', 8, 25, 80000, 0),
(152, 3, 'Nettoyer votre plan de travail avant, après et entre chaque préparation différentes (même si je fais à côté, sans toucher, etc …)', '', 8, 25, 90000, 0),
(153, 3, 'Connaissance des différences entre poubelles vertes et jaunes', '', 8, 25, 100000, 0),
(154, 3, 'Faire fonctionner le lave vaisselle (allumer, éteindre), ne pas mettre de gras ni de légume ou autre, rincer les choses avant', '', 8, 25, 110000, 0),
(155, 3, 'Connaissance machine à laver et sèche linge', '', 6, 16, 120000, 0),
(156, 3, 'BONNE CONNAISSANCE DU BOOK CHAPITRE “Cuisine - General”', '', 9, 26, 10000, 0),
(157, 3, 'Equipement, tablier, charlotte, chaussure', '', 9, 26, 20000, 0),
(158, 3, 'Impérativement gouter les préparations', '', 9, 26, 30000, 0),
(159, 3, 'Vérifier que tous les ingrédients sont présents avant de commencer une recette', '', 9, 26, 40000, 0),
(160, 3, 'Ne pas faire une recette sans y avoir été formé', '', 9, 26, 50000, 0),
(161, 3, 'BONNE CONNAISSANCE DU BOOK CHAPITRE “Cuisine - Etiquetage”', '', 9, 27, 10000, 0),
(162, 3, 'Enlever les éventuelles anciennes étiquettes', '', 9, 27, 20000, 0),
(163, 3, 'Etiqueter les préparations “QQQ" Qui/Quoi/Quand', '', 9, 27, 30000, 0),
(164, 3, 'Tous les produits ouverts doivent obligatoirement être étiquetés avec la date d’ouverture.', '', 9, 27, 40000, 0),
(165, 3, 'BONNE CONNAISSANCE DU BOOK CHAPITRE “Cuisine - Pesées”', '', 9, 28, 10000, 0),
(166, 3, 'Toujours effectuer les pesées dans un récipient séparé', '', 9, 28, 20000, 0),
(167, 3, 'BONNE CONNAISSANCE DU BOOK CHAPITRE “CUISINE - Usage du matériel” notamment ROBOT COUPE', '', 9, 26, 60000, 0),
(168, 1, 'BONNE CONNAISSANCE DU BOOK CHAPITRE “CUISINE - Usage du matériel” notamment ROBOT COUPE', '', 5, 13, 60000, 0);

-- --------------------------------------------------------

--
-- Table structure for table `skills_log`
--

CREATE TABLE IF NOT EXISTS `skills_log` (
  `id` int(10) unsigned NOT NULL AUTO_INCREMENT,
  `id_user` int(11) NOT NULL,
  `id_skills_record` int(11) NOT NULL,
  `type` enum('create','edit') NOT NULL DEFAULT 'create',
  `date` datetime NOT NULL,
  `id_bu` mediumint(8) unsigned NOT NULL,
  PRIMARY KEY (`id`)
) ENGINE=InnoDB DEFAULT CHARSET=latin1 AUTO_INCREMENT=1 ;

-- --------------------------------------------------------

--
-- Table structure for table `skills_log_item`
--

CREATE TABLE IF NOT EXISTS `skills_log_item` (
  `id` int(10) unsigned NOT NULL AUTO_INCREMENT,
  `id_log` int(11) NOT NULL,
  `id_record_item` int(11) NOT NULL,
  `checked` enum('YES','NO') DEFAULT NULL,
  `comment` text,
  PRIMARY KEY (`id`)
) ENGINE=InnoDB DEFAULT CHARSET=latin1 AUTO_INCREMENT=1 ;

-- --------------------------------------------------------

--
-- Table structure for table `skills_record`
--

CREATE TABLE IF NOT EXISTS `skills_record` (
  `id` int(10) unsigned NOT NULL AUTO_INCREMENT,
  `id_sponsor` int(11) NOT NULL,
  `id_user` int(11) NOT NULL,
  `date` datetime DEFAULT NULL,
  `id_bu` int(11) NOT NULL,
  PRIMARY KEY (`id`),
  UNIQUE KEY `BU_SPE` (`id_sponsor`,`id_user`,`id_bu`)
) ENGINE=InnoDB DEFAULT CHARSET=latin1 AUTO_INCREMENT=1 ;

-- --------------------------------------------------------

--
-- Table structure for table `skills_record_item`
--

CREATE TABLE IF NOT EXISTS `skills_record_item` (
  `id` int(10) unsigned NOT NULL AUTO_INCREMENT,
  `id_skills_record` int(11) NOT NULL,
  `id_skills_item` int(11) NOT NULL,
  `checked` tinyint(1) NOT NULL,
  `date` datetime DEFAULT NULL,
  `comment` text NOT NULL,
  PRIMARY KEY (`id`)
) ENGINE=InnoDB DEFAULT CHARSET=latin1 AUTO_INCREMENT=1 ;

-- --------------------------------------------------------

--
-- Table structure for table `skills_sub_category`
--

CREATE TABLE IF NOT EXISTS `skills_sub_category` (
  `id` int(10) unsigned NOT NULL AUTO_INCREMENT,
  `name` varchar(50) NOT NULL,
  `order` bigint(20) DEFAULT NULL,
  `deleted` tinyint(1) NOT NULL DEFAULT '0',
  `id_bu` int(11) NOT NULL,
  PRIMARY KEY (`id`)
) ENGINE=InnoDB  DEFAULT CHARSET=latin1 AUTO_INCREMENT=29 ;

--
-- Dumping data for table `skills_sub_category`
--

INSERT INTO `skills_sub_category` (`id`, `name`, `order`, `deleted`, `id_bu`) VALUES
(2, 'Staff Service', 10000, 0, 1),
(3, 'Potatoes', 20000, 0, 1),
(4, 'Temps libre', 15000, 0, 1),
(5, 'Burgers', 30000, 0, 1),
(6, 'Staff Cuisine', 20000, 0, 1),
(7, 'Plateaux', 40000, 0, 1),
(8, 'Caisse', 50000, 0, 1),
(9, 'Ouverture', 60000, 0, 1),
(10, 'Fermeture', 70000, 0, 1),
(11, 'Réception des livraisons', 10000, 0, 1),
(12, 'Rangement & nettoyage', 20000, 0, 1),
(13, 'Général', 10000, 0, 1),
(14, 'Etiquetage', 20000, 0, 1),
(15, 'Pesées', 30000, 0, 1),
(16, 'STAFF SERVICE', 1000, 0, 2),
(17, 'STAFF CUISINE', 2000, 0, 2),
(18, 'TEMPS LIBRE ', 1000, 0, 2),
(19, 'FOUR', 2000, 0, 2),
(20, 'PLATEAUX', 3000, 0, 2),
(21, 'CAISSE', 4000, 0, 2),
(22, 'OUVERTURE', 5000, 0, 2),
(23, 'FERMETURE', 6000, 0, 2),
(24, 'RECEPTION DES LIVRAISONS', 1000, 0, 2),
(25, 'RANGEMENT & NETTOYAGE ', 2000, 0, 2),
(26, 'GENERAL ', 1000, 0, 2),
(27, 'ETIQUETAGE', 2000, 0, 2),
(28, 'PESEES', 3000, 0, 2);

-- --------------------------------------------------------

--
-- Table structure for table `stock_history`
--

CREATE TABLE IF NOT EXISTS `stock_history` (
  `id` int(11) NOT NULL AUTO_INCREMENT,
  `id_user` int(11) NOT NULL,
  `id_product` int(11) NOT NULL,
  `date_inv` date NOT NULL,
  `stock_theorical` int(11) NOT NULL,
  `stock_real` int(11) NOT NULL,
  `deleted` tinyint(1) NOT NULL DEFAULT '0',
  PRIMARY KEY (`id`)
) ENGINE=InnoDB  DEFAULT CHARSET=latin1 AUTO_INCREMENT=2140 ;

--
-- Dumping data for table `stock_history`
--

INSERT INTO `stock_history` (`id`, `id_user`, `id_product`, `date_inv`, `stock_theorical`, `stock_real`, `deleted`) VALUES
(18, 1, 801, '2017-07-04', 0, 0, 0),
(19, 1, 801, '2017-07-04', 0, 10, 0),
(24, 76, 801, '2017-07-11', 10, 10, 0),
(29, 76, 801, '2017-07-17', 10, 0, 0),
(44, 76, 801, '2017-07-20', 0, 0, 0),
(79, 76, 464, '2017-07-24', 4, 4, 0),
(80, 76, 464, '2017-07-24', 4, 4, 0),
(81, 76, 464, '2017-07-24', 4, 4, 0),
(89, 76, 285, '2017-07-24', 12, 12, 0),
(146, 1, 380, '2017-08-05', 1632, 1632, 0),
(157, 1, 821, '2017-08-05', -1356, -1356, 0),
(213, 76, 137, '2017-08-07', 68, 68, 0),
(369, 76, 995, '2017-08-23', 0, 0, 0),
(371, 76, 39, '2017-08-24', 9, 9, 0),
(409, 76, 995, '2017-08-28', 0, 2, 0),
(420, 76, 961, '2017-08-28', 0, 0, 0),
(453, 76, 347, '2017-09-04', 51, 26, 0),
(454, 76, 346, '2017-09-04', 53, 30, 0),
(455, 76, 344, '2017-09-04', 50, 17, 0),
(463, 76, 995, '2017-09-04', 18, 17, 0),
(473, 97, 969, '2017-09-04', 2000, 2000, 0),
(474, 1, 364, '2017-09-05', 15, 15, 0),
(520, 1, 768, '2017-09-12', 0, 0, 0),
(521, 1, 768, '2017-09-12', 0, 10, 0),
(570, 97, 284, '2017-09-25', 5, 1, 0),
(582, 49, 1014, '2017-09-29', 0, 0, 0),
(583, 49, 1015, '2017-09-29', 0, 0, 0),
(671, 76, 953, '2017-10-10', 5, 5, 0),
(672, 76, 973, '2017-10-11', 0, 0, 0),
(682, 49, 624, '2017-10-11', 1, 1, 0),
(686, 49, 865, '2017-10-11', 2, 2, 0),
(692, 49, 869, '2017-10-11', 84, 84, 0),
(693, 49, 869, '2017-10-11', 84, 84, 0),
(694, 49, 746, '2017-10-11', 52, 52, 0),
(695, 49, 667, '2017-10-11', 46, 46, 0),
(696, 49, 667, '2017-10-11', 46, 46, 0),
(697, 49, 716, '2017-10-11', 0, 0, 0),
(699, 49, 852, '2017-10-11', 0, 0, 0),
(701, 49, 771, '2017-10-11', 0, 0, 0),
(702, 49, 642, '2017-10-11', 144, 144, 0),
(703, 49, 668, '2017-10-11', 42, 42, 0),
(704, 49, 668, '2017-10-11', 42, 42, 0),
(705, 49, 641, '2017-10-11', 62, 62, 0),
(706, 49, 634, '2017-10-11', 0, 0, 0),
(707, 49, 670, '2017-10-11', 389, 389, 0),
(710, 49, 845, '2017-10-11', 0, 0, 0),
(714, 49, 805, '2017-10-11', 835, 835, 0),
(715, 49, 853, '2017-10-11', 150, 150, 0),
(716, 49, 853, '2017-10-11', 150, 150, 0),
(720, 49, 854, '2017-10-11', 0, 0, 0),
(721, 49, 937, '2017-10-11', 50, 50, 0),
(722, 49, 638, '2017-10-11', 1920, 1920, 0),
(723, 49, 756, '2017-10-11', 400, 400, 0),
(724, 49, 757, '2017-10-11', 498, 498, 0),
(725, 49, 756, '2017-10-11', 400, 400, 0),
(726, 49, 758, '2017-10-11', 385, 385, 0),
(727, 49, 737, '2017-10-11', 380, 380, 0),
(728, 49, 738, '2017-10-11', 570, 570, 0),
(729, 49, 804, '2017-10-11', 270, 270, 0),
(730, 49, 794, '2017-10-13', 80, 80, 0),
(731, 49, 1010, '2017-10-13', 5, 5, 0),
(732, 49, 1009, '2017-10-13', 3, 3, 0),
(733, 49, 834, '2017-10-13', 12, 12, 0),
(734, 49, 834, '2017-10-13', 12, 12, 0),
(738, 49, 774, '2017-10-13', 0, 0, 0),
(739, 49, 775, '2017-10-13', 0, 0, 0),
(740, 49, 779, '2017-10-14', 21, 21, 0),
(741, 49, 780, '2017-10-14', 0, 0, 0),
(754, 97, 1000, '2017-10-16', 5, 3, 0),
(776, 49, 1023, '2017-10-19', 0, 0, 0),
(777, 49, 1024, '2017-10-19', 0, 0, 0),
(778, 49, 780, '2017-10-19', 0, 0, 0),
(779, 49, 780, '2017-10-19', 0, 0, 0),
(780, 49, 780, '2017-10-19', 0, 0, 0),
(791, 97, 1000, '2017-10-23', 4, 5, 0),
(812, 48, 993, '2017-10-24', 38, 38, 0),
(814, 49, 1020, '2017-10-26', 0, 0, 0),
(815, 49, 1010, '2017-10-26', 5, 5, 0),
(816, 49, 1009, '2017-10-26', 3, 3, 0),
(817, 49, 993, '2017-10-26', 38, 38, 0),
(818, 49, 990, '2017-10-26', 0, 0, 0),
(819, 49, 989, '2017-10-26', 10, 10, 0),
(820, 49, 988, '2017-10-26', 15, 15, 0),
(821, 49, 986, '2017-10-26', 3, 3, 0),
(822, 49, 915, '2017-10-26', 3, 3, 0),
(823, 49, 914, '2017-10-26', 74, 74, 0),
(824, 49, 913, '2017-10-26', 0, 0, 0),
(825, 49, 911, '2017-10-26', 26, 26, 0),
(826, 49, 844, '2017-10-26', 27, 27, 0),
(827, 49, 838, '2017-10-26', 108, 108, 0),
(828, 49, 834, '2017-10-26', 12, 12, 0),
(829, 49, 838, '2017-10-26', 108, 108, 0),
(830, 49, 834, '2017-10-26', 12, 12, 0),
(831, 49, 797, '2017-10-26', 19, 19, 0),
(832, 49, 796, '2017-10-26', 208, 208, 0),
(833, 49, 721, '2017-10-26', 8, 8, 0),
(834, 49, 719, '2017-10-26', 20, 20, 0),
(835, 49, 692, '2017-10-26', 12, 12, 0),
(836, 49, 691, '2017-10-26', 1, 1, 0),
(837, 49, 687, '2017-10-26', 4, 4, 0),
(838, 49, 686, '2017-10-26', 28, 28, 0),
(839, 49, 685, '2017-10-26', 11, 11, 0),
(840, 49, 840, '2017-10-26', 15, 15, 0),
(848, 76, 1000, '2017-10-30', 5, 4, 0),
(849, 76, 978, '2017-10-30', 6, 3, 0),
(855, 76, 565, '2017-10-30', 30, 0, 1),
(856, 76, 565, '2017-10-30', 0, 12, 0),
(867, 76, 291, '2017-10-30', 5, 4, 0),
(878, 76, 482, '2017-10-30', 2256, 140, 0),
(885, 76, 863, '2017-10-30', 8, 0, 0),
(894, 1, 766, '2017-11-01', 0, 0, 0),
(902, 76, 948, '2017-11-07', 10, 10, 0),
(905, 76, 981, '2017-11-07', 0, 1, 0),
(906, 76, 978, '2017-11-07', 3, 3, 0),
(907, 76, 938, '2017-11-07', 8, 8, 0),
(909, 76, 892, '2017-11-07', 3, 3, 0),
(910, 76, 810, '2017-11-07', 7, 2, 0),
(914, 76, 565, '2017-11-07', 12, 12, 0),
(917, 76, 466, '2017-11-07', 10, 2, 0),
(918, 76, 433, '2017-11-07', 2, 1, 0),
(921, 76, 322, '2017-11-07', 5, 1, 0),
(926, 76, 291, '2017-11-07', 4, 4, 0),
(927, 76, 289, '2017-11-07', 1, 1, 0),
(934, 76, 693, '2017-11-07', 8, 8, 0),
(939, 76, 283, '2017-11-07', 8, 100, 0),
(941, 133, 611, '2017-11-07', 48, 48, 0),
(943, 133, 429, '2017-11-07', 7, 7, 0),
(945, 133, 1027, '2017-11-07', 144, 26, 0),
(947, 133, 828, '2017-11-07', 177, 17, 0),
(948, 133, 829, '2017-11-07', 173, 44, 0),
(950, 133, 103, '2017-11-07', 292, 22, 0),
(951, 133, 104, '2017-11-07', 239, 39, 0),
(952, 133, 416, '2017-11-07', 408, 140, 0),
(953, 133, 417, '2017-11-07', 285, 118, 0),
(954, 133, 29, '2017-11-07', 19, 10, 0),
(955, 133, 76, '2017-11-07', 62, 31, 0),
(956, 133, 80, '2017-11-07', 31, 2, 0),
(957, 133, 355, '2017-11-07', 400, 80, 0),
(958, 133, 100, '2017-11-07', 7, 3, 0),
(959, 133, 101, '2017-11-07', 8, 7, 0),
(960, 133, 342, '2017-11-07', 9935, 80, 0),
(961, 133, 883, '2017-11-07', 0, 27, 0),
(962, 133, 482, '2017-11-07', 412, 180, 0),
(963, 133, 263, '2017-11-07', 1127, 1, 0),
(964, 133, 263, '2017-11-07', 1, 24, 0),
(965, 133, 960, '2017-11-07', -271, 3500, 0),
(966, 133, 1011, '2017-11-07', 16, 3500, 0),
(967, 133, 405, '2017-11-07', 4652, 5000, 0),
(968, 133, 923, '2017-11-07', 225, 156, 0),
(969, 133, 371, '2017-11-07', 741, 577, 0),
(970, 133, 883, '2017-11-09', 27, 65, 0),
(971, 133, 932, '2017-11-09', 6, 2, 1),
(972, 133, 548, '2017-11-09', 11, 7, 1),
(973, 133, 547, '2017-11-09', 20, 12, 1),
(974, 133, 433, '2017-11-09', 5, 3, 1),
(975, 133, 325, '2017-11-09', 29, 10, 1),
(976, 133, 323, '2017-11-09', 10, 7, 1),
(977, 133, 322, '2017-11-09', 1, 4, 0),
(978, 133, 322, '2017-11-09', 4, 4, 1),
(979, 133, 322, '2017-11-09', 4, 4, 1),
(980, 133, 321, '2017-11-09', 18, 5, 1),
(981, 133, 294, '2017-11-09', 9, 5, 1),
(982, 133, 289, '2017-11-09', 5, 3, 1),
(983, 133, 286, '2017-11-09', 8, 5, 1),
(984, 133, 282, '2017-11-09', 6, 3, 1),
(985, 133, 279, '2017-11-09', 5, 4, 1),
(986, 133, 278, '2017-11-09', 11, 6, 1),
(987, 133, 272, '2017-11-09', 2, 3, 1),
(988, 133, 272, '2017-11-09', 3, 3, 1),
(989, 133, 948, '2017-11-09', 10, 2, 0),
(990, 133, 269, '2017-11-09', 78, 39, 0),
(991, 133, 40, '2017-11-09', 18, 9, 1),
(992, 133, 28, '2017-11-09', 8, 3, 0),
(993, 133, 28, '2017-11-09', 3, 3, 0),
(994, 133, 49, '2017-11-09', 20, 1, 1),
(995, 133, 355, '2017-11-09', 80, 40, 0),
(996, 133, 29, '2017-11-09', 10, 7, 0),
(997, 133, 100, '2017-11-09', 3, 3, 0),
(998, 133, 101, '2017-11-09', 7, 6, 0),
(999, 133, 76, '2017-11-09', 31, 21, 0),
(1000, 133, 80, '2017-11-09', 2, 0, 0),
(1001, 133, 265, '2017-11-09', 28, 6, 0),
(1002, 133, 266, '2017-11-09', 9, 6, 0),
(1003, 133, 322, '2017-11-09', 5, 3, 0),
(1004, 49, 741, '2017-11-09', 219, 219, 0),
(1005, 49, 764, '2017-11-09', 346, 346, 0),
(1006, 49, 764, '2017-11-09', 346, 346, 0),
(1007, 49, 764, '2017-11-09', 346, 346, 0),
(1008, 1, 1029, '2017-11-10', 1000, 1000, 0),
(1009, 133, 883, '2017-11-12', 65, 45, 0),
(1010, 97, 102, '2017-11-13', 252, 137, 0),
(1011, 97, 1027, '2017-11-13', 26, 31, 0),
(1012, 97, 103, '2017-11-13', 274, 109, 0),
(1013, 97, 104, '2017-11-13', 231, 108, 0),
(1014, 97, 829, '2017-11-13', 236, 129, 0),
(1015, 97, 828, '2017-11-13', 233, 178, 0),
(1016, 97, 827, '2017-11-13', 149, 85, 0),
(1017, 97, 417, '2017-11-13', 190, 90, 0),
(1018, 97, 416, '2017-11-13', 260, 144, 0),
(1019, 97, 371, '2017-11-13', 577, 360, 0),
(1020, 97, 923, '2017-11-13', 156, 103, 0),
(1021, 97, 355, '2017-11-13', 360, 194, 0),
(1022, 97, 883, '2017-11-13', 45, 26, 0),
(1023, 97, 883, '2017-11-13', 26, 66, 0),
(1024, 97, 809, '2017-11-13', 5, 4, 0),
(1025, 97, 693, '2017-11-13', 8, 6, 0),
(1026, 97, 548, '2017-11-13', 8, 5, 0),
(1027, 97, 547, '2017-11-13', 18, 12, 0),
(1028, 97, 429, '2017-11-13', 7, 6, 0),
(1029, 97, 325, '2017-11-13', 10, 4, 0),
(1030, 97, 294, '2017-11-13', 5, 4, 0),
(1031, 97, 295, '2017-11-13', 6, 3, 0),
(1032, 97, 279, '2017-11-13', 4, 2, 0),
(1033, 97, 278, '2017-11-13', 18, 9, 0),
(1034, 97, 272, '2017-11-13', 4, 3, 0),
(1035, 97, 271, '2017-11-13', 8, 6, 0),
(1036, 97, 1017, '2017-11-13', 13, 5, 0),
(1037, 97, 623, '2017-11-13', 3, 2, 0),
(1038, 133, 960, '2017-11-16', 943, 2500, 0),
(1039, 133, 405, '2017-11-16', 2927, 7000, 0),
(1040, 133, 74, '2017-11-17', 4791, 5050, 0),
(1041, 97, 355, '2017-11-21', 294, 46, 0),
(1042, 97, 371, '2017-11-21', 360, 73, 0),
(1043, 97, 1027, '2017-11-21', 31, 0, 0),
(1044, 97, 829, '2017-11-21', 165, 96, 0),
(1045, 97, 828, '2017-11-21', 214, 78, 0),
(1046, 97, 827, '2017-11-21', 133, 52, 0),
(1047, 97, 417, '2017-11-21', 210, 77, 0),
(1048, 97, 416, '2017-11-21', 264, 56, 0),
(1049, 97, 103, '2017-11-21', 145, 12, 0),
(1050, 97, 102, '2017-11-21', 185, 18, 0),
(1051, 97, 923, '2017-11-21', 379, 254, 0),
(1052, 97, 1028, '2017-11-21', 4, 3, 0),
(1053, 97, 1017, '2017-11-21', 6, 3, 0),
(1054, 97, 932, '2017-11-21', 16, 3, 0),
(1055, 97, 809, '2017-11-21', 4, 0, 0),
(1056, 97, 548, '2017-11-21', 8, 1, 0),
(1057, 97, 547, '2017-11-21', 30, 17, 0),
(1058, 97, 325, '2017-11-21', 16, 2, 0),
(1059, 97, 323, '2017-11-21', 7, 4, 0),
(1060, 97, 321, '2017-11-21', 35, 17, 0),
(1061, 97, 295, '2017-11-21', 3, 1, 0),
(1062, 97, 294, '2017-11-21', 4, 2, 0),
(1063, 97, 286, '2017-11-21', 7, 3, 0),
(1064, 97, 286, '2017-11-21', 3, 3, 1),
(1065, 97, 282, '2017-11-21', 7, 2, 0),
(1066, 97, 279, '2017-11-21', 4, 2, 0),
(1067, 97, 278, '2017-11-21', 21, 10, 0),
(1068, 97, 272, '2017-11-21', 3, 2, 0),
(1069, 97, 271, '2017-11-21', 9, 5, 0),
(1070, 97, 269, '2017-11-21', 93, 15, 0),
(1071, 97, 266, '2017-11-21', 8, 4, 0),
(1072, 97, 265, '2017-11-21', 8, 4, 0),
(1073, 97, 49, '2017-11-21', 3, 0, 0),
(1074, 97, 40, '2017-11-21', 39, 12, 0),
(1075, 97, 28, '2017-11-21', 10, 4, 0),
(1076, 1, 1018, '2017-11-21', 6, 6, 0),
(1077, 76, 74, '2017-11-27', 1898, 1500, 0),
(1078, 97, 828, '2017-11-28', 150, 64, 0),
(1079, 97, 1027, '2017-11-28', 0, 77, 0),
(1080, 97, 827, '2017-11-28', 76, 0, 0),
(1081, 97, 829, '2017-11-28', 168, 87, 0),
(1082, 97, 102, '2017-11-28', 210, 71, 0),
(1083, 97, 103, '2017-11-28', 204, 0, 0),
(1084, 97, 104, '2017-11-28', 312, 28, 0),
(1085, 97, 416, '2017-11-28', 224, 25, 0),
(1086, 97, 417, '2017-11-28', 197, 83, 0),
(1087, 97, 355, '2017-11-28', 306, 75, 0),
(1088, 97, 932, '2017-11-28', 13, 5, 0),
(1089, 97, 809, '2017-11-28', 6, 4, 0),
(1090, 97, 548, '2017-11-28', 8, 3, 0),
(1091, 97, 547, '2017-11-28', 17, 5, 0),
(1092, 97, 429, '2017-11-28', 6, 5, 0),
(1093, 97, 325, '2017-11-28', 26, 12, 0),
(1094, 97, 321, '2017-11-28', 29, 23, 0),
(1095, 97, 286, '2017-11-28', 6, 4, 0),
(1096, 97, 282, '2017-11-28', 5, 2, 0),
(1097, 97, 278, '2017-11-28', 22, 10, 0),
(1098, 97, 272, '2017-11-28', 3, 2, 0),
(1099, 97, 271, '2017-11-28', 5, 1, 0),
(1100, 97, 693, '2017-11-28', 12, 10, 0),
(1101, 1, 960, '2017-11-30', -1327, -1327, 0),
(1102, 97, 1027, '2017-12-05', 161, 37, 0),
(1103, 97, 827, '2017-12-05', 144, 75, 0),
(1104, 97, 828, '2017-12-05', 136, 45, 0),
(1105, 97, 829, '2017-12-05', 123, 48, 0),
(1106, 97, 102, '2017-12-05', 179, 54, 0),
(1107, 97, 103, '2017-12-05', 72, 0, 0),
(1108, 97, 104, '2017-12-05', 172, 12, 0),
(1109, 97, 416, '2017-12-05', 241, 99, 0),
(1110, 97, 417, '2017-12-05', 167, 52, 0),
(1111, 97, 1017, '2017-12-05', 3, 2, 0),
(1112, 97, 932, '2017-12-05', 7, 1, 0),
(1113, 97, 809, '2017-12-05', 10, 6, 0),
(1114, 97, 809, '2017-12-05', 6, 6, 0),
(1115, 97, 809, '2017-12-05', 6, 6, 0),
(1116, 97, 693, '2017-12-05', 10, 7, 0),
(1117, 97, 623, '2017-12-05', 2, 3, 0),
(1118, 97, 548, '2017-12-05', 5, 5, 0),
(1119, 97, 547, '2017-12-05', 18, 6, 0),
(1120, 97, 433, '2017-12-05', 3, 2, 0),
(1121, 97, 429, '2017-12-05', 5, 4, 0),
(1122, 97, 325, '2017-12-05', 12, 4, 0),
(1123, 97, 323, '2017-12-05', 7, 4, 0),
(1124, 97, 322, '2017-12-05', 4, 3, 0),
(1125, 97, 321, '2017-12-05', 23, 15, 0),
(1126, 97, 295, '2017-12-05', 9, 4, 0),
(1127, 97, 294, '2017-12-05', 12, 9, 0),
(1128, 97, 286, '2017-12-05', 9, 5, 0),
(1129, 97, 282, '2017-12-05', 5, 0, 0),
(1130, 97, 282, '2017-12-05', 0, 0, 0),
(1131, 97, 282, '2017-12-05', 0, 0, 0),
(1132, 97, 279, '2017-12-05', 5, 1, 0),
(1133, 97, 279, '2017-12-05', 1, 1, 0),
(1134, 97, 279, '2017-12-05', 1, 1, 0),
(1135, 97, 278, '2017-12-05', 16, 5, 0),
(1136, 97, 271, '2017-12-05', 5, 2, 0),
(1137, 49, 780, '2017-12-06', 12, 12, 0),
(1138, 76, 969, '2017-12-07', 2000, 2000, 0),
(1139, 76, 969, '2017-12-07', 2000, 2000, 0),
(1140, 76, 969, '2017-12-07', 2000, 2000, 0),
(1141, 76, 74, '2017-12-08', 1503, 1600, 0),
(1142, 133, 80, '2017-12-11', 120, 6, 0),
(1143, 133, 29, '2017-12-11', 43, 16, 0),
(1144, 133, 355, '2017-12-11', 575, 180, 1),
(1145, 133, 355, '2017-12-11', 180, 120, 0),
(1146, 133, 76, '2017-12-11', 129, 31, 0),
(1147, 133, 100, '2017-12-11', 21, 3, 0),
(1148, 133, 101, '2017-12-11', 12, 6, 0),
(1149, 133, 1028, '2017-12-12', 5, 3, 0),
(1150, 133, 1017, '2017-12-12', 2, 2, 0),
(1151, 133, 932, '2017-12-12', 7, 1, 0),
(1152, 133, 809, '2017-12-12', 6, 6, 0),
(1153, 133, 693, '2017-12-12', 7, 8, 0),
(1154, 133, 623, '2017-12-12', 3, 2, 0),
(1155, 133, 548, '2017-12-12', 9, 3, 1),
(1156, 133, 547, '2017-12-12', 18, 4, 0),
(1157, 133, 429, '2017-12-12', 4, 3, 0),
(1158, 133, 325, '2017-12-12', 16, 4, 0),
(1159, 133, 323, '2017-12-12', 4, 3, 0),
(1160, 133, 322, '2017-12-12', 5, 4, 0),
(1161, 133, 321, '2017-12-12', 33, 22, 0),
(1162, 133, 295, '2017-12-12', 7, 3, 0),
(1163, 133, 289, '2017-12-12', 4, 3, 0),
(1164, 133, 286, '2017-12-12', 7, 5, 0),
(1165, 133, 282, '2017-12-12', 3, 3, 0),
(1166, 133, 279, '2017-12-12', 3, 2, 0),
(1167, 133, 278, '2017-12-12', 17, 5, 0),
(1168, 133, 272, '2017-12-12', 3, 1, 0),
(1169, 133, 271, '2017-12-12', 4, 0, 0),
(1170, 133, 40, '2017-12-12', 39, 0, 0),
(1171, 133, 269, '2017-12-12', 153, 33, 0),
(1172, 133, 28, '2017-12-12', 16, 3, 0),
(1173, 133, 266, '2017-12-12', 12, 4, 0),
(1174, 133, 49, '2017-12-12', 6, 1, 0),
(1175, 133, 1027, '2017-12-12', 229, 50, 0),
(1176, 133, 827, '2017-12-12', 219, 120, 0),
(1177, 133, 827, '2017-12-12', 120, 140, 0),
(1178, 133, 828, '2017-12-12', 225, 130, 0),
(1179, 133, 829, '2017-12-12', 228, 140, 0),
(1180, 133, 102, '2017-12-12', 246, 104, 0),
(1181, 133, 104, '2017-12-12', 228, 106, 0),
(1182, 133, 102, '2017-12-12', 104, 118, 1),
(1183, 133, 416, '2017-12-12', 243, 57, 0),
(1184, 133, 417, '2017-12-12', 124, 8, 0),
(1185, 133, 265, '2017-12-12', 11, 6, 0),
(1186, 133, 266, '2017-12-12', 4, 4, 0),
(1187, 133, 548, '2017-12-12', 7, 9, 0),
(1188, 76, 74, '2017-12-14', 2909, 2780, 0),
(1189, 97, 1027, '2017-12-19', 218, 107, 0),
(1190, 97, 827, '2017-12-19', 176, 87, 0),
(1191, 97, 828, '2017-12-19', 178, 63, 0),
(1192, 97, 829, '2017-12-19', 176, 75, 0),
(1193, 97, 102, '2017-12-19', 262, 130, 0),
(1194, 97, 104, '2017-12-19', 226, 36, 0),
(1195, 97, 416, '2017-12-19', 297, 212, 0),
(1196, 97, 417, '2017-12-19', 176, 92, 0),
(1197, 76, 1027, '2017-12-20', 179, 108, 0),
(1198, 76, 827, '2017-12-20', 123, 104, 0),
(1199, 76, 828, '2017-12-20', 111, 87, 0),
(1200, 76, 829, '2017-12-20', 123, 112, 0),
(1201, 76, 102, '2017-12-20', 178, 128, 0),
(1202, 76, 104, '2017-12-20', 84, 58, 0),
(1203, 76, 417, '2017-12-20', 140, 78, 0),
(1204, 76, 416, '2017-12-20', 308, 198, 0),
(1205, 133, 1011, '2017-12-21', 3506, 5000, 0),
(1206, 133, 405, '2017-12-21', -1195, 8000, 0),
(1207, 133, 361, '2017-12-21', 10908, 7000, 0),
(1208, 133, 361, '2017-12-21', 7000, 500, 0),
(1209, 97, 883, '2017-12-22', 66, 66, 0),
(1210, 76, 342, '2017-12-23', 752, 752, 0),
(1211, 76, 342, '2017-12-23', 752, 752, 0),
(1212, 76, 342, '2017-12-23', 752, 752, 0),
(1213, 76, 342, '2017-12-23', 752, 752, 0),
(1214, 97, 1027, '2017-12-26', 168, 54, 0),
(1215, 97, 827, '2017-12-26', 116, 79, 0),
(1216, 97, 828, '2017-12-26', 159, 69, 0),
(1217, 97, 829, '2017-12-26', 112, 49, 0),
(1218, 97, 102, '2017-12-26', 176, 52, 0),
(1219, 97, 104, '2017-12-26', 154, 49, 0),
(1220, 97, 416, '2017-12-26', 270, 116, 0),
(1221, 97, 417, '2017-12-26', 174, 88, 0),
(1222, 97, 355, '2017-12-26', 480, 92, 0),
(1223, 97, 100, '2017-12-26', 8, 2, 0),
(1224, 97, 101, '2017-12-26', 6, 2, 0),
(1225, 97, 80, '2017-12-26', 78, 8, 0),
(1226, 97, 76, '2017-12-26', 91, 49, 0),
(1227, 97, 29, '2017-12-26', 28, 19, 0),
(1228, 1, 845, '2017-12-31', 0, 0, 0),
(1229, 97, 1027, '2018-01-02', 186, 0, 0),
(1230, 97, 104, '2018-01-02', 181, 0, 0),
(1231, 97, 102, '2018-01-02', 184, 0, 0),
(1232, 97, 828, '2018-01-02', 141, 0, 0),
(1233, 97, 829, '2018-01-02', 133, 16, 0),
(1234, 97, 827, '2018-01-02', 139, 26, 0),
(1235, 97, 417, '2018-01-02', 232, 18, 0),
(1236, 97, 416, '2018-01-02', 260, 0, 0),
(1237, 97, 1017, '2018-01-02', 7, 9, 0),
(1238, 97, 1000, '2018-01-02', 4, 0, 0),
(1239, 97, 932, '2018-01-02', 20, 4, 0),
(1240, 97, 809, '2018-01-02', 12, 4, 0),
(1241, 97, 693, '2018-01-02', 8, 4, 0),
(1242, 97, 547, '2018-01-02', 42, 5, 1),
(1243, 97, 548, '2018-01-02', 20, 5, 0),
(1244, 97, 547, '2018-01-02', 5, 12, 0),
(1245, 97, 429, '2018-01-02', 9, 6, 0),
(1246, 97, 325, '2018-01-02', 64, 10, 0),
(1247, 97, 323, '2018-01-02', 8, 6, 0),
(1248, 97, 321, '2018-01-02', 52, 25, 0),
(1249, 97, 294, '2018-01-02', 14, 9, 0),
(1250, 97, 291, '2018-01-02', 4, 0, 0),
(1251, 97, 286, '2018-01-02', 18, 11, 0),
(1252, 97, 284, '2018-01-02', 6, 2, 0),
(1253, 97, 282, '2018-01-02', 12, 2, 0),
(1254, 97, 272, '2018-01-02', 4, 1, 0),
(1255, 97, 278, '2018-01-02', 44, 4, 0),
(1256, 97, 279, '2018-01-02', 8, 2, 0),
(1257, 97, 265, '2018-01-02', 12, 2, 0),
(1258, 97, 266, '2018-01-02', 10, 2, 0),
(1259, 97, 40, '2018-01-02', 30, 0, 0),
(1260, 97, 39, '2018-01-02', 28, 0, 0),
(1261, 97, 294, '2018-01-02', 9, 9, 0),
(1262, 76, 342, '2018-01-05', 759, 759, 0),
(1263, 76, 74, '2018-01-05', 2040, 1600, 0),
(1264, 133, 74, '2018-01-06', 1261, 4144, 0),
(1265, 133, 74, '2018-01-06', 7152, 4144, 0),
(1266, 76, 40, '2018-01-06', 15, 15, 0),
(1267, 76, 282, '2018-01-06', 4, 4, 0),
(1268, 76, 321, '2018-01-06', 31, 31, 0),
(1269, 76, 323, '2018-01-06', 7, 7, 0),
(1270, 76, 278, '2018-01-06', 16, 16, 0),
(1271, 76, 642, '2018-01-06', 252, 252, 0),
(1272, 76, 844, '2018-01-06', 39, 39, 0),
(1273, 1, 340, '2018-01-09', 168, 168, 0),
(1274, 1, 835, '2018-01-09', 103, 103, 0),
(1275, 1, 835, '2018-01-09', 103, 103, 0),
(1276, 1, 835, '2018-01-09', 103, 103, 0),
(1277, 1, 2, '2018-01-09', 956, 956, 0),
(1278, 1, 2, '2018-01-09', 956, 956, 0),
(1279, 1, 936, '2018-01-09', 281, 281, 0),
(1280, 1, 51, '2018-01-09', 0, 0, 0),
(1281, 1, 243, '2018-01-09', 6, 6, 0),
(1282, 1, 243, '2018-01-09', 6, 6, 0),
(1283, 1, 463, '2018-01-09', 0, 0, 0),
(1284, 1, 463, '2018-01-09', 0, 0, 0),
(1285, 76, 794, '2018-01-09', 100, 100, 0),
(1286, 76, 74, '2018-01-13', 2340, 2000, 0),
(1287, 97, 104, '2018-01-16', 348, 71, 0),
(1288, 97, 1027, '2018-01-16', 360, 34, 0),
(1289, 97, 102, '2018-01-16', 372, 68, 0),
(1290, 97, 827, '2018-01-16', 266, 65, 0),
(1291, 97, 828, '2018-01-16', 264, 10, 0),
(1292, 97, 829, '2018-01-16', 256, 38, 0),
(1293, 97, 416, '2018-01-16', 516, 99, 0),
(1294, 97, 417, '2018-01-16', 300, 52, 0),
(1295, 133, 960, '2018-01-18', -15046, 5000, 0),
(1296, 133, 973, '2018-01-18', 10, 1, 0),
(1297, 133, 973, '2018-01-18', 1, 300, 0),
(1298, 133, 405, '2018-01-18', 1923, 3000, 1),
(1299, 133, 1003, '2018-01-18', 1, 1, 0),
(1300, 133, 973, '2018-01-18', 300, 7, 0),
(1301, 133, 1018, '2018-01-18', 6, 5, 0),
(1302, 133, 983, '2018-01-18', 4, 4, 0),
(1303, 133, 960, '2018-01-18', 5000, 8, 1),
(1304, 133, 1033, '2018-01-18', 2, 2, 0),
(1305, 133, 405, '2018-01-18', 3000, 3, 1),
(1306, 133, 405, '2018-01-18', 3, 3000, 0),
(1307, 76, 361, '2018-01-19', 500, 500, 0),
(1308, 76, 1023, '2018-01-19', 100, 100, 0),
(1309, 97, 932, '2018-01-23', 36, 1, 0),
(1310, 97, 548, '2018-01-23', 22, 3, 0),
(1311, 76, 74, '2018-01-24', -1003, 1632, 0),
(1312, 133, 405, '2018-01-25', 1188, 2000, 0),
(1313, 133, 1011, '2018-01-25', 5000, 1000, 0),
(1314, 133, 960, '2018-01-25', -2146, 4000, 0),
(1315, 133, 361, '2018-01-25', 508, 1000, 0),
(1316, 133, 499, '2018-01-25', 3, 3, 0),
(1317, 133, 499, '2018-01-25', 3, 3, 0),
(1318, 76, 29, '2018-01-29', 49, 10, 0),
(1319, 76, 76, '2018-01-29', 162, 60, 0),
(1320, 76, 80, '2018-01-29', 254, 35, 0),
(1321, 76, 355, '2018-01-29', 1372, 100, 0),
(1322, 76, 100, '2018-01-29', 14, 3, 0),
(1323, 76, 101, '2018-01-29', 8, 3, 0),
(1324, 1, 883, '2018-01-30', 66, 66, 0),
(1325, 133, 29, '2018-01-31', 10, 10, 0),
(1326, 133, 76, '2018-01-31', 60, 57, 0),
(1327, 133, 80, '2018-01-31', 35, 22, 0),
(1328, 133, 100, '2018-01-31', 3, 1, 0),
(1329, 133, 101, '2018-01-31', 3, 2, 0),
(1330, 133, 355, '2018-01-31', 100, 39, 1),
(1331, 133, 970, '2018-01-31', 4, 8, 0),
(1332, 133, 970, '2018-01-31', 8, 8, 0),
(1333, 133, 949, '2018-01-31', 0, 0, 0),
(1334, 133, 948, '2018-01-31', 5, 1, 0),
(1335, 133, 868, '2018-01-31', 15, 2, 0),
(1336, 133, 812, '2018-01-31', 18, 2, 1),
(1337, 133, 810, '2018-01-31', 11, 2, 0),
(1338, 133, 376, '2018-01-31', 31, 1, 0),
(1339, 133, 330, '2018-01-31', 180, 300, 0),
(1340, 133, 329, '2018-01-31', 28, 400, 0),
(1341, 133, 327, '2018-01-31', 3, 1, 0),
(1342, 133, 136, '2018-01-31', 70, 2, 0),
(1343, 133, 137, '2018-01-31', 993, 10, 0),
(1344, 133, 137, '2018-01-31', 10, 10, 1),
(1345, 133, 137, '2018-01-31', 10, 10, 1),
(1346, 133, 137, '2018-01-31', 10, 10, 0),
(1347, 133, 137, '2018-01-31', 10, 10, 1),
(1348, 133, 137, '2018-01-31', 10, 10, 1),
(1349, 133, 139, '2018-01-31', 8, 10, 0),
(1350, 133, 142, '2018-01-31', 50, 1, 0),
(1351, 133, 286, '2018-01-31', 13, 4, 0),
(1352, 133, 282, '2018-01-31', 15, 4, 0),
(1353, 133, 28, '2018-01-31', 33, 2, 0),
(1354, 133, 49, '2018-01-31', 17, 1, 0),
(1355, 133, 279, '2018-01-31', 11, 3, 0),
(1356, 133, 325, '2018-01-31', 58, 12, 0),
(1357, 133, 272, '2018-01-31', 3, 2, 0),
(1358, 133, 548, '2018-01-31', 4, 5, 0),
(1359, 133, 278, '2018-01-31', 67, 7, 0),
(1360, 133, 271, '2018-01-31', 32, 2, 0),
(1361, 133, 812, '2018-01-31', 2, 3, 0),
(1362, 133, 294, '2018-01-31', 11, 4, 0),
(1363, 133, 295, '2018-01-31', 15, 4, 0),
(1364, 133, 321, '2018-01-31', 49, 15, 0),
(1365, 133, 323, '2018-01-31', 14, 3, 0),
(1366, 133, 623, '2018-01-31', 2, 1, 0),
(1367, 133, 433, '2018-01-31', 2, 1, 0),
(1368, 133, 322, '2018-01-31', 9, 7, 0),
(1369, 133, 269, '2018-01-31', 351, 42, 0),
(1370, 133, 265, '2018-01-31', 15, 4, 0),
(1371, 133, 266, '2018-01-31', 6, 2, 0),
(1372, 133, 289, '2018-01-31', 6, 1, 0),
(1373, 133, 932, '2018-01-31', 12, 15, 0),
(1374, 133, 938, '2018-01-31', 18, 7, 0),
(1375, 133, 809, '2018-01-31', 16, 7, 0),
(1376, 133, 429, '2018-01-31', 6, 4, 0),
(1377, 133, 693, '2018-01-31', 10, 4, 0),
(1378, 133, 892, '2018-01-31', 4, 1, 0),
(1379, 133, 355, '2018-01-31', 39, 59, 0),
(1380, 133, 416, '2018-01-31', 1095, 250, 0),
(1381, 133, 417, '2018-01-31', 352, 106, 0),
(1382, 133, 102, '2018-01-31', 416, 156, 0),
(1383, 133, 1027, '2018-01-31', 454, 96, 0),
(1384, 133, 104, '2018-01-31', 491, 156, 0),
(1385, 133, 827, '2018-01-31', 269, 96, 0),
(1386, 133, 829, '2018-01-31', 266, 60, 0),
(1387, 133, 828, '2018-01-31', 346, 96, 0),
(1388, 133, 263, '2018-01-31', 912, 120, 0),
(1389, 133, 482, '2018-01-31', 1532, 200, 0),
(1390, 133, 342, '2018-01-31', 766, 32, 0),
(1391, 133, 923, '2018-01-31', 1358, 276, 0),
(1392, 133, 95, '2018-01-31', -271, 100, 0),
(1393, 133, 1049, '2018-01-31', 15, 15, 0),
(1394, 133, 283, '2018-01-31', 116, 500, 0),
(1395, 133, 284, '2018-01-31', 3, 300, 0),
(1396, 1, 1054, '2018-01-31', 0, 0, 0),
(1397, 133, 946, '2018-02-01', 23, 3, 0),
(1398, 133, 960, '2018-02-01', 1993, 300, 0),
(1399, 133, 979, '2018-02-01', 4, 3, 0),
(1400, 133, 1003, '2018-02-01', 1, 2, 0),
(1401, 133, 361, '2018-02-01', 1000, 2000, 0),
(1402, 133, 499, '2018-02-01', 3, 4, 0),
(1403, 133, 405, '2018-02-01', 382, 2000, 0),
(1404, 133, 355, '2018-02-07', 299, 100, 0),
(1405, 133, 80, '2018-02-07', 46, 15, 0),
(1406, 133, 29, '2018-02-07', 16, 10, 0),
(1407, 133, 76, '2018-02-07', 57, 12, 0),
(1408, 133, 263, '2018-02-08', 335, 120, 0),
(1409, 133, 1049, '2018-02-08', 16, 30, 0),
(1410, 133, 95, '2018-02-08', 110, 225, 0),
(1411, 133, 482, '2018-02-08', 200, 130, 0),
(1412, 133, 361, '2018-02-08', 2000, 700, 0),
(1413, 133, 960, '2018-02-08', -1783, 5000, 0),
(1414, 133, 979, '2018-02-08', 3, 3, 0),
(1415, 133, 1003, '2018-02-08', 2, 1, 0),
(1416, 133, 1018, '2018-02-08', 5, 3, 0),
(1417, 133, 946, '2018-02-08', 3, 2, 0),
(1418, 133, 405, '2018-02-08', 239, 5000, 0),
(1419, 133, 74, '2018-02-09', 122, 4288, 0),
(1420, 48, 1055, '2018-02-09', 0, 0, 0),
(1421, 48, 1057, '2018-02-13', 0, 0, 0),
(1422, 133, 76, '2018-02-14', 60, 60, 0),
(1423, 133, 29, '2018-02-14', 22, 19, 0),
(1424, 133, 80, '2018-02-14', 93, 48, 0),
(1425, 133, 355, '2018-02-14', 340, 60, 0),
(1426, 133, 100, '2018-02-14', 5, 1, 0),
(1427, 133, 101, '2018-02-14', 8, 1, 0),
(1428, 133, 118, '2018-02-14', 0, 0, 0),
(1429, 133, 118, '2018-02-14', 10, 8, 0),
(1430, 133, 923, '2018-02-15', 552, 192, 0),
(1431, 133, 263, '2018-02-15', 312, 240, 0),
(1432, 133, 342, '2018-02-15', 43, 132, 0),
(1433, 133, 482, '2018-02-15', 130, 80, 0),
(1434, 133, 960, '2018-02-15', 2787, 7000, 0),
(1435, 133, 946, '2018-02-15', 2, 2, 0),
(1436, 48, 686, '2018-02-16', 48, 48, 0),
(1437, 146, 136, '2018-02-16', 14, 14, 0),
(1438, 146, 137, '2018-02-16', 70, 70, 0),
(1439, 146, 137, '2018-02-16', 70, 70, 0),
(1440, 146, 136, '2018-02-16', 14, 14, 0),
(1441, 146, 136, '2018-02-16', 14, 14, 0),
(1442, 146, 137, '2018-02-16', 70, 70, 0),
(1443, 146, 137, '2018-02-16', 70, 70, 0),
(1444, 133, 74, '2018-02-17', 7420, 5056, 0),
(1445, 1, 1058, '2018-02-17', 0, 0, 0),
(1446, 97, 355, '2018-02-19', 240, 60, 0),
(1447, 97, 101, '2018-02-19', 1, 0, 0),
(1448, 97, 100, '2018-02-19', 5, 4, 0),
(1449, 97, 76, '2018-02-19', 72, 59, 0),
(1450, 97, 80, '2018-02-19', 72, 53, 0),
(1451, 157, 1059, '2018-02-19', 0, 0, 0),
(1452, 1, 1061, '2018-02-20', 0, 0, 0),
(1453, 1, 1062, '2018-02-20', 0, 0, 0),
(1454, 76, 835, '2018-02-20', 100, 100, 0),
(1455, 76, 611, '2018-02-20', 48, 48, 0),
(1456, 76, 340, '2018-02-20', 174, 174, 0),
(1457, 1, 1069, '2018-02-20', 0, 0, 0),
(1458, 1, 1068, '2018-02-20', 0, 0, 0),
(1459, 1, 1063, '2018-02-20', 0, 0, 0),
(1460, 1, 1064, '2018-02-20', 0, 0, 0),
(1461, 1, 1066, '2018-02-20', 0, 0, 0),
(1462, 1, 1067, '2018-02-20', 0, 0, 0),
(1463, 1, 1070, '2018-02-20', 0, 0, 0),
(1464, 1, 1071, '2018-02-20', 0, 0, 0),
(1465, 1, 1072, '2018-02-20', 0, 0, 0),
(1466, 1, 1073, '2018-02-20', 0, 0, 0),
(1467, 1, 1074, '2018-02-20', 0, 0, 0),
(1468, 1, 1075, '2018-02-20', 0, 0, 0),
(1469, 1, 1073, '2018-02-20', 0, 0, 0),
(1470, 1, 1069, '2018-02-20', 0, 2000, 0),
(1471, 133, 1027, '2018-02-21', 552, 40, 1),
(1472, 133, 827, '2018-02-21', 216, 68, 0),
(1473, 133, 1027, '2018-02-21', 124, 132, 0),
(1474, 133, 828, '2018-02-21', 432, 36, 0),
(1475, 133, 829, '2018-02-21', 456, 84, 0),
(1476, 133, 102, '2018-02-21', 660, 120, 0),
(1477, 133, 104, '2018-02-21', 672, 120, 0),
(1478, 133, 416, '2018-02-21', 850, 72, 0),
(1479, 133, 417, '2018-02-21', 610, 126, 0),
(1480, 133, 1055, '2018-02-21', 6, 4, 0),
(1481, 133, 1028, '2018-02-21', 15, 2, 0),
(1482, 133, 1017, '2018-02-21', 13, 3, 0),
(1483, 133, 932, '2018-02-21', 22, 10, 0),
(1484, 133, 892, '2018-02-21', 2, 1, 1),
(1485, 133, 892, '2018-02-21', 1, 2, 0),
(1486, 133, 28, '2018-02-21', 19, 10, 0),
(1487, 133, 28, '2018-02-21', 10, 10, 1),
(1488, 133, 28, '2018-02-21', 10, 10, 0),
(1489, 133, 286, '2018-02-21', 12, 5, 0),
(1490, 133, 49, '2018-02-21', 9, 3, 0),
(1491, 133, 279, '2018-02-21', 10, 2, 0),
(1492, 133, 325, '2018-02-21', 60, 20, 0),
(1493, 133, 265, '2018-02-21', 9, 3, 0),
(1494, 133, 548, '2018-02-21', 20, 7, 0),
(1495, 133, 269, '2018-02-21', 60, 33, 0),
(1496, 133, 321, '2018-02-21', 39, 17, 0),
(1497, 133, 40, '2018-02-21', 87, 0, 0),
(1498, 133, 278, '2018-02-21', 43, 12, 0),
(1499, 133, 272, '2018-02-21', 2, 3, 0),
(1500, 133, 271, '2018-02-21', 11, 3, 0),
(1501, 133, 282, '2018-02-21', 8, 2, 0),
(1502, 133, 547, '2018-02-21', 86, 12, 0),
(1503, 133, 693, '2018-02-21', 10, 7, 0),
(1504, 133, 809, '2018-02-21', 13, 4, 0),
(1505, 133, 429, '2018-02-21', 10, 7, 0),
(1506, 133, 323, '2018-02-21', 8, 5, 0),
(1507, 133, 623, '2018-02-21', 3, 1, 0),
(1508, 133, 433, '2018-02-21', 2, 1, 0),
(1509, 133, 294, '2018-02-21', 10, 5, 0),
(1510, 133, 295, '2018-02-21', 8, 4, 0),
(1511, 133, 330, '2018-02-21', 312, 3, 0),
(1512, 133, 283, '2018-02-21', 503, 2, 0),
(1513, 133, 284, '2018-02-21', 301, 2, 0),
(1514, 133, 342, '2018-02-21', 132, 0, 0),
(1515, 133, 263, '2018-02-21', 240, 168, 0),
(1516, 133, 482, '2018-02-21', 352, 280, 0),
(1517, 1, 1103, '2018-02-21', 0, 0, 0),
(1518, 1, 1104, '2018-02-21', 0, 0, 0),
(1519, 133, 355, '2018-02-21', 60, 0, 1),
(1520, 133, 355, '2018-02-21', 0, 20, 1),
(1521, 1, 1105, '2018-02-21', 0, 0, 0),
(1522, 1, 1105, '2018-02-21', 0, 0, 0),
(1523, 133, 946, '2018-02-22', 5, 4, 0),
(1524, 133, 960, '2018-02-22', 4778, 6000, 0),
(1525, 133, 835, '2018-02-24', 99, 99, 0),
(1526, 48, 137, '2018-02-27', 83, 83, 0),
(1527, 97, 405, '2018-02-27', -178, -178, 0),
(1528, 76, 76, '2018-02-28', 77, 54, 0),
(1529, 76, 29, '2018-02-28', 37, 14, 0),
(1530, 76, 80, '2018-02-28', 65, 17, 0),
(1531, 76, 100, '2018-02-28', 5, 3, 0),
(1532, 76, 101, '2018-02-28', 6, 4, 0),
(1533, 76, 355, '2018-02-28', 280, 65, 0),
(1534, 133, 416, '2018-02-28', 216, 120, 0),
(1535, 133, 417, '2018-02-28', 198, 168, 0),
(1536, 133, 1027, '2018-02-28', 216, 108, 0),
(1537, 133, 104, '2018-02-28', 228, 132, 0),
(1538, 133, 102, '2018-02-28', 204, 120, 0),
(1539, 133, 827, '2018-02-28', 128, 60, 0),
(1540, 133, 828, '2018-02-28', 132, 48, 0),
(1541, 133, 829, '2018-02-28', 132, 48, 0),
(1542, 133, 1055, '2018-02-28', 4, 2, 0),
(1543, 133, 265, '2018-02-28', 4, 2, 0),
(1544, 133, 548, '2018-02-28', 8, 5, 0),
(1545, 133, 269, '2018-02-28', 51, 24, 0),
(1546, 133, 321, '2018-02-28', 17, 21, 0),
(1547, 133, 1017, '2018-02-28', 3, 3, 0),
(1548, 133, 323, '2018-02-28', 5, 3, 0),
(1549, 133, 322, '2018-02-28', 7, 6, 0),
(1550, 133, 623, '2018-02-28', 1, 1, 0),
(1551, 133, 294, '2018-02-28', 5, 4, 0),
(1552, 133, 295, '2018-02-28', 4, 4, 0),
(1553, 133, 295, '2018-02-28', 4, 4, 0),
(1554, 133, 295, '2018-02-28', 4, 4, 0),
(1555, 133, 282, '2018-02-28', 5, 3, 0),
(1556, 133, 271, '2018-02-28', 5, 3, 0),
(1557, 133, 278, '2018-02-28', 21, 9, 0),
(1558, 133, 272, '2018-02-28', 2, 1, 0),
(1559, 133, 286, '2018-02-28', 5, 4, 0),
(1560, 133, 28, '2018-02-28', 10, 4, 0),
(1561, 133, 49, '2018-02-28', 3, 2, 0),
(1562, 133, 279, '2018-02-28', 5, 2, 0),
(1563, 133, 547, '2018-02-28', 16, 6, 0),
(1564, 133, 693, '2018-02-28', 7, 6, 0),
(1565, 133, 809, '2018-02-28', 4, 6, 1),
(1566, 133, 809, '2018-02-28', 6, 2, 0),
(1567, 133, 429, '2018-02-28', 7, 6, 0),
(1568, 133, 932, '2018-02-28', 10, 6, 1),
(1569, 133, 325, '2018-02-28', 20, 20, 0),
(1570, 133, 283, '2018-02-28', 2, 1, 0),
(1571, 133, 284, '2018-02-28', 2, 2, 0),
(1572, 133, 74, '2018-02-28', 4620, 3264, 0),
(1573, 133, 1055, '2018-02-28', 4, 2, 1),
(1574, 133, 1017, '2018-02-28', 4, 3, 0),
(1575, 133, 932, '2018-02-28', 10, 6, 0),
(1576, 133, 40, '2018-02-28', 15, 9, 0),
(1577, 133, 263, '2018-03-01', 312, 192, 0),
(1578, 1, 978, '2018-03-02', 4, 4, 0),
(1579, 1, 973, '2018-03-05', 7, 7, 0),
(1580, 157, 1074, '2018-03-05', 0, 0, 0),
(1581, 133, 1027, '2018-03-07', 324, 84, 0),
(1582, 133, 102, '2018-03-07', 312, 120, 0),
(1583, 133, 104, '2018-03-07', 336, 72, 0),
(1584, 133, 827, '2018-03-07', 216, 84, 0),
(1585, 133, 828, '2018-03-07', 240, 48, 0),
(1586, 133, 829, '2018-03-07', 240, 84, 0),
(1587, 133, 416, '2018-03-07', 408, 192, 0),
(1588, 133, 417, '2018-03-07', 288, 168, 0),
(1589, 133, 1055, '2018-03-07', 6, 2, 0),
(1590, 133, 286, '2018-03-07', 6, 2, 0),
(1591, 133, 28, '2018-03-07', 8, 5, 0),
(1592, 133, 49, '2018-03-07', 8, 5, 0),
(1593, 133, 279, '2018-03-07', 6, 2, 0),
(1594, 133, 265, '2018-03-07', 3, 1, 0),
(1595, 133, 282, '2018-03-07', 8, 4, 0),
(1596, 133, 271, '2018-03-07', 7, 2, 0),
(1597, 133, 278, '2018-03-07', 27, 14, 0),
(1598, 133, 272, '2018-03-07', 1, 2, 0),
(1599, 133, 321, '2018-03-07', 39, 16, 0),
(1600, 133, 294, '2018-03-07', 7, 5, 0),
(1601, 133, 269, '2018-03-07', 102, 48, 0),
(1602, 133, 548, '2018-03-07', 14, 6, 0),
(1603, 133, 322, '2018-03-07', 6, 7, 0),
(1604, 133, 323, '2018-03-07', 3, 3, 0),
(1605, 133, 1017, '2018-03-07', 3, 3, 0),
(1606, 133, 623, '2018-03-07', 1, 1, 0),
(1607, 133, 433, '2018-03-07', 1, 1, 0),
(1608, 133, 547, '2018-03-07', 26, 12, 0),
(1609, 133, 809, '2018-03-07', 8, 7, 0),
(1610, 133, 429, '2018-03-07', 6, 3, 0),
(1611, 133, 693, '2018-03-07', 6, 6, 1),
(1612, 133, 693, '2018-03-07', 6, 6, 1),
(1613, 133, 693, '2018-03-07', 6, 6, 0),
(1614, 133, 932, '2018-03-07', 10, 4, 0),
(1615, 133, 29, '2018-03-07', 20, 9, 0),
(1616, 133, 76, '2018-03-07', 54, 24, 0),
(1617, 133, 355, '2018-03-07', 325, 80, 0),
(1618, 133, 100, '2018-03-07', 8, 4, 1),
(1619, 133, 100, '2018-03-07', 4, 4, 0),
(1620, 133, 101, '2018-03-07', 4, 4, 0),
(1621, 133, 100, '2018-03-07', 4, 4, 1),
(1622, 133, 80, '2018-03-07', 53, 17, 0),
(1623, 133, 80, '2018-03-07', 17, 17, 1),
(1624, 133, 80, '2018-03-07', 17, 17, 1),
(1625, 133, 342, '2018-03-07', 11, 72, 1),
(1626, 133, 263, '2018-03-07', 192, 120, 0),
(1627, 133, 482, '2018-03-07', 280, 80, 0),
(1628, 133, 946, '2018-03-07', 4, 1, 0),
(1629, 133, 979, '2018-03-07', 3, 2, 0),
(1630, 133, 1003, '2018-03-07', 2, 2, 0),
(1631, 133, 960, '2018-03-07', 1961, 2000, 0),
(1632, 133, 405, '2018-03-07', -2109, 5000, 0),
(1633, 133, 361, '2018-03-07', 706, 350, 0),
(1634, 133, 499, '2018-03-07', 9, 3, 0),
(1635, 133, 74, '2018-03-07', 4220, 4288, 0),
(1636, 133, 40, '2018-03-07', 18, 6, 0),
(1637, 48, 737, '2018-03-09', 1442, 1000, 0),
(1638, 48, 1121, '2018-03-12', 0, 0, 0),
(1639, 48, 1010, '2018-03-12', 20, 20, 0),
(1640, 133, 1027, '2018-03-14', 264, 76, 0),
(1641, 133, 102, '2018-03-14', 288, 108, 0),
(1642, 133, 104, '2018-03-14', 240, 108, 0),
(1643, 133, 827, '2018-03-14', 168, 72, 0),
(1644, 133, 828, '2018-03-14', 180, 60, 0),
(1645, 133, 829, '2018-03-14', 180, 72, 0),
(1646, 133, 416, '2018-03-14', 384, 159, 0),
(1647, 133, 417, '2018-03-14', 216, 121, 0),
(1648, 133, 923, '2018-03-14', 468, 120, 0),
(1649, 133, 283, '2018-03-14', 5, 3, 0),
(1650, 133, 284, '2018-03-14', 3, 2, 0),
(1651, 133, 329, '2018-03-14', 406, 1, 0),
(1652, 133, 330, '2018-03-14', 14, 3, 0),
(1653, 133, 265, '2018-03-14', 6, 6, 0),
(1654, 133, 1055, '2018-03-14', 6, 4, 0),
(1655, 133, 40, '2018-03-14', 18, 3, 0),
(1656, 133, 286, '2018-03-14', 8, 4, 0),
(1657, 133, 49, '2018-03-14', 5, 2, 0),
(1658, 133, 279, '2018-03-14', 5, 4, 0),
(1659, 133, 282, '2018-03-14', 7, 4, 0),
(1660, 133, 271, '2018-03-14', 7, 3, 0),
(1661, 133, 272, '2018-03-14', 1, 1, 0),
(1662, 133, 548, '2018-03-14', 11, 5, 0),
(1663, 133, 278, '2018-03-14', 26, 8, 0),
(1664, 133, 269, '2018-03-14', 84, 39, 0),
(1665, 133, 294, '2018-03-14', 7, 6, 0),
(1666, 133, 295, '2018-03-14', 10, 7, 0),
(1667, 133, 321, '2018-03-14', 34, 21, 0),
(1668, 133, 323, '2018-03-14', 9, 6, 0),
(1669, 133, 1017, '2018-03-14', 4, 3, 0),
(1670, 133, 547, '2018-03-14', 24, 12, 0),
(1671, 133, 932, '2018-03-14', 10, 5, 0),
(1672, 133, 1028, '2018-03-14', 6, 2, 0),
(1673, 133, 693, '2018-03-14', 6, 4, 0),
(1674, 133, 809, '2018-03-14', 13, 10, 0),
(1675, 133, 429, '2018-03-14', 9, 11, 0),
(1676, 133, 263, '2018-03-14', 120, 96, 0),
(1677, 133, 342, '2018-03-14', 83, 240, 1),
(1678, 133, 355, '2018-03-14', 280, 50, 0),
(1679, 133, 100, '2018-03-14', 7, 4, 0),
(1680, 133, 101, '2018-03-14', 4, 2, 0),
(1681, 133, 80, '2018-03-14', 53, 1, 0),
(1682, 133, 76, '2018-03-14', 48, 20, 0),
(1683, 133, 29, '2018-03-14', 15, 10, 0),
(1684, 133, 1028, '2018-03-14', 2, 2, 0),
(1685, 133, 266, '2018-03-14', -9, -9, 0),
(1686, 133, 291, '2018-03-14', 0, 0, 0),
(1687, 133, 547, '2018-03-14', 12, 12, 0),
(1688, 133, 295, '2018-03-14', 7, 7, 0),
(1689, 133, 810, '2018-03-14', 4, 4, 0),
(1690, 133, 812, '2018-03-14', 4, 4, 0),
(1691, 133, 565, '2018-03-14', 12, 12, 0),
(1692, 133, 51, '2018-03-14', 0, 0, 0),
(1693, 133, 322, '2018-03-14', 7, 7, 0),
(1694, 133, 892, '2018-03-14', 2, 2, 0),
(1695, 133, 142, '2018-03-14', 7, 7, 0),
(1696, 133, 948, '2018-03-14', 3, 3, 0),
(1697, 133, 693, '2018-03-14', 4, 4, 0),
(1698, 133, 463, '2018-03-14', -1, -1, 0),
(1699, 133, 1000, '2018-03-14', 0, 0, 0),
(1700, 133, 1000, '2018-03-14', 0, 0, 0),
(1701, 133, 995, '2018-03-14', 33, 33, 0),
(1702, 133, 863, '2018-03-14', 0, 0, 0),
(1703, 133, 973, '2018-03-14', 7, 7, 0),
(1704, 133, 983, '2018-03-14', 4, 4, 0),
(1705, 133, 1018, '2018-03-14', 3, 3, 0),
(1706, 76, 80, '2018-03-14', 1, 1, 0),
(1707, 76, 364, '2018-03-14', 15, 15, 0),
(1708, 76, 969, '2018-03-14', 2007, 2007, 0),
(1709, 133, 265, '2018-03-14', 6, 6, 1),
(1710, 133, 269, '2018-03-14', 39, 39, 0),
(1711, 133, 1055, '2018-03-14', 4, 4, 1),
(1712, 133, 548, '2018-03-14', 5, 5, 0),
(1713, 133, 40, '2018-03-14', 3, 3, 0),
(1714, 133, 323, '2018-03-14', 6, 6, 0),
(1715, 76, 946, '2018-03-14', 3, 3, 0),
(1716, 76, 1018, '2018-03-14', 3, 3, 0),
(1717, 76, 1018, '2018-03-14', 3, 3, 0),
(1718, 76, 973, '2018-03-14', 7, 7, 0),
(1719, 76, 946, '2018-03-14', 3, 3, 0),
(1720, 76, 1028, '2018-03-14', 2, 2, 1),
(1721, 76, 978, '2018-03-14', 4, 4, 0),
(1722, 133, 265, '2018-03-15', 6, 4, 0),
(1723, 133, 28, '2018-03-15', 13, 8, 0),
(1724, 133, 1053, '2018-03-15', 2, 1, 0),
(1725, 133, 289, '2018-03-15', 4, 2, 0),
(1726, 133, 810, '2018-03-15', 4, 1, 0),
(1727, 133, 812, '2018-03-15', 4, 2, 0),
(1728, 133, 325, '2018-03-15', 56, 20, 0),
(1729, 133, 327, '2018-03-15', 2, 0, 0),
(1730, 133, 866, '2018-03-15', 50, 2, 0),
(1731, 133, 868, '2018-03-15', 5, 1, 0),
(1732, 133, 623, '2018-03-15', 2, 1, 0),
(1733, 133, 376, '2018-03-15', 4, 0, 0),
(1734, 133, 137, '2018-03-15', 100, 24, 0),
(1735, 133, 142, '2018-03-15', 7, 1, 0),
(1736, 133, 328, '2018-03-15', 5, 5, 0),
(1737, 76, 74, '2018-03-16', 1612, 1800, 0),
(1738, 48, 634, '2018-03-19', 0, 0, 0),
(1739, 133, 328, '2018-03-21', 5, 1, 0),
(1740, 133, 329, '2018-03-21', 1, 0, 0),
(1741, 133, 330, '2018-03-21', 3, 0, 0),
(1742, 133, 283, '2018-03-21', 3, 2, 0),
(1743, 133, 284, '2018-03-21', 2, 2, 0),
(1744, 133, 1028, '2018-03-21', 4, 2, 1),
(1745, 133, 265, '2018-03-21', 3, 2, 0),
(1746, 133, 269, '2018-03-21', 81, 48, 0),
(1747, 133, 271, '2018-03-21', 5, 2, 0),
(1748, 133, 272, '2018-03-21', 2, 2, 0),
(1749, 133, 278, '2018-03-21', 23, 15, 0),
(1750, 133, 279, '2018-03-21', 6, 4, 0),
(1751, 133, 282, '2018-03-21', 6, 2, 0),
(1752, 133, 28, '2018-03-21', 8, 4, 0),
(1753, 133, 286, '2018-03-21', 6, 4, 0),
(1754, 133, 1055, '2018-03-21', 6, 4, 0),
(1755, 133, 547, '2018-03-21', 12, 6, 0),
(1756, 133, 548, '2018-03-21', 10, 7, 0),
(1757, 133, 294, '2018-03-21', 6, 5, 0),
(1758, 133, 295, '2018-03-21', 7, 7, 0),
(1759, 133, 40, '2018-03-21', 12, 3, 0),
(1760, 133, 809, '2018-03-21', 10, 7, 0),
(1761, 133, 49, '2018-03-21', 5, 4, 0),
(1762, 133, 321, '2018-03-21', 27, 18, 0),
(1763, 133, 322, '2018-03-21', 7, 6, 0),
(1764, 133, 323, '2018-03-21', 9, 2, 0),
(1765, 133, 325, '2018-03-21', 20, 11, 0),
(1766, 133, 866, '2018-03-21', 2, 4, 0),
(1767, 133, 137, '2018-03-21', 24, 3, 0),
(1768, 133, 1028, '2018-03-21', 2, 4, 0),
(1769, 133, 932, '2018-03-21', 8, 2, 0),
(1770, 133, 1017, '2018-03-21', 3, 2, 0),
(1771, 133, 355, '2018-03-21', 250, 6, 0),
(1772, 133, 100, '2018-03-21', 4, 0, 0),
(1773, 133, 101, '2018-03-21', 8, 6, 0),
(1774, 133, 80, '2018-03-21', 37, 2, 0),
(1775, 133, 76, '2018-03-21', 50, 19, 0),
(1776, 133, 29, '2018-03-21', 16, 5, 0),
(1777, 133, 693, '2018-03-21', 4, 3, 0),
(1778, 133, 429, '2018-03-21', 11, 10, 0),
(1779, 133, 1027, '2018-03-21', 244, 108, 0),
(1780, 133, 102, '2018-03-21', 216, 96, 0),
(1781, 133, 104, '2018-03-21', 252, 108, 0),
(1782, 133, 416, '2018-03-21', 351, 96, 0),
(1783, 133, 417, '2018-03-21', 193, 72, 0),
(1784, 133, 827, '2018-03-21', 156, 72, 0),
(1785, 133, 828, '2018-03-21', 216, 72, 0),
(1786, 133, 829, '2018-03-21', 168, 72, 0),
(1787, 133, 263, '2018-03-21', 214, 168, 0),
(1788, 133, 342, '2018-03-21', 240, 156, 0),
(1789, 133, 1027, '2018-03-21', 108, 108, 1),
(1790, 76, 74, '2018-03-25', 4832, 5364, 0),
(1791, 76, 74, '2018-03-25', 5364, 5364, 0),
(1792, 1, 482, '2018-03-26', 80, 80, 0),
(1793, 1, 482, '2018-03-26', 80, 80, 0),
(1794, 1, 1104, '2018-03-27', 0, 0, 0),
(1795, 1, 1180, '2018-03-27', 0, 0, 0),
(1796, 1, 1059, '2018-03-27', 0, 0, 0),
(1797, 1, 1180, '2018-03-27', 0, 0, 0),
(1798, 1, 883, '2018-03-27', 66, 66, 0),
(1799, 1, 1180, '2018-03-27', 0, 0, 0),
(1800, 133, 102, '2018-03-28', 192, 50, 0),
(1801, 133, 104, '2018-03-28', 192, 72, 0),
(1802, 133, 1027, '2018-03-28', 192, 24, 0),
(1803, 133, 827, '2018-03-28', 132, 48, 0),
(1804, 133, 829, '2018-03-28', 144, 36, 0),
(1805, 133, 828, '2018-03-28', 156, 24, 0),
(1806, 133, 416, '2018-03-28', 240, 36, 0),
(1807, 133, 417, '2018-03-28', 144, 36, 0),
(1808, 133, 1028, '2018-03-28', 8, 4, 0),
(1809, 133, 265, '2018-03-28', 3, 2, 0),
(1810, 133, 269, '2018-03-28', 84, 39, 0),
(1811, 133, 271, '2018-03-28', 6, 2, 0),
(1812, 133, 272, '2018-03-28', 2, 2, 0),
(1813, 133, 278, '2018-03-28', 30, 19, 0),
(1814, 133, 279, '2018-03-28', 5, 2, 0),
(1815, 133, 282, '2018-03-28', 4, 1, 0),
(1816, 133, 28, '2018-03-28', 8, 3, 0),
(1817, 133, 286, '2018-03-28', 7, 4, 0),
(1818, 133, 1055, '2018-03-28', 8, 6, 0),
(1819, 133, 289, '2018-03-28', 2, 1, 0),
(1820, 133, 547, '2018-03-28', 18, 12, 0),
(1821, 133, 548, '2018-03-28', 12, 7, 0),
(1822, 133, 294, '2018-03-28', 5, 1, 0),
(1823, 133, 295, '2018-03-28', 9, 8, 0),
(1824, 133, 40, '2018-03-28', 21, 9, 0),
(1825, 133, 809, '2018-03-28', 13, 12, 0),
(1826, 133, 49, '2018-03-28', 5, 3, 0),
(1827, 133, 321, '2018-03-28', 36, 18, 1),
(1828, 133, 322, '2018-03-28', 6, 7, 0),
(1829, 133, 321, '2018-03-28', 18, 21, 1),
(1830, 133, 321, '2018-03-28', 21, 21, 1),
(1831, 133, 321, '2018-03-28', 21, 21, 0),
(1832, 133, 323, '2018-03-28', 11, 8, 0),
(1833, 133, 325, '2018-03-28', 11, 3, 0),
(1834, 133, 866, '2018-03-28', 6, 4, 0),
(1835, 133, 932, '2018-03-28', 12, 5, 0),
(1836, 133, 938, '2018-03-28', 43, 9, 0),
(1837, 133, 429, '2018-03-28', 10, 8, 0),
(1838, 133, 433, '2018-03-28', 4, 2, 0),
(1839, 133, 693, '2018-03-28', 9, 6, 0),
(1840, 133, 1017, '2018-03-28', 8, 5, 0),
(1841, 133, 29, '2018-03-28', 17, 10, 0),
(1842, 133, 76, '2018-03-28', 61, 33, 0),
(1843, 133, 80, '2018-03-28', 50, 22, 0),
(1844, 133, 355, '2018-03-28', 266, 60, 0),
(1845, 133, 100, '2018-03-28', 5, 0, 0),
(1846, 133, 101, '2018-03-28', 6, 3, 0),
(1847, 1, 883, '2018-03-29', 66, 66, 0),
(1848, 1, 74, '2018-04-01', 2830, 2832, 0),
(1849, 1, 1058, '2018-04-01', 0, 0, 0),
(1850, 76, 74, '2018-04-02', 2356, 2356, 0),
(1851, 133, 1027, '2018-04-04', 216, 24, 0),
(1852, 133, 827, '2018-04-04', 144, 60, 0),
(1853, 133, 828, '2018-04-04', 132, 12, 0),
(1854, 133, 829, '2018-04-04', 144, 36, 0),
(1855, 133, 102, '2018-04-04', 230, 60, 0),
(1856, 133, 104, '2018-04-04', 252, 60, 0),
(1857, 133, 416, '2018-04-04', 300, 18, 0),
(1858, 133, 417, '2018-04-04', 180, 24, 0),
(1859, 133, 29, '2018-04-04', 22, 13, 0),
(1860, 133, 76, '2018-04-04', 63, 25, 0),
(1861, 133, 80, '2018-04-04', 52, 4, 0),
(1862, 133, 355, '2018-04-04', 300, 0, 0),
(1863, 133, 100, '2018-04-04', 3, 1, 0),
(1864, 133, 101, '2018-04-04', 3, 3, 0),
(1865, 133, 1055, '2018-04-04', 6, 1, 0),
(1866, 133, 1028, '2018-04-04', 4, 4, 0),
(1867, 133, 1017, '2018-04-04', 6, 5, 0),
(1868, 133, 932, '2018-04-04', 9, 2, 0),
(1869, 133, 866, '2018-04-04', 4, 2, 0),
(1870, 133, 548, '2018-04-04', 10, 2, 0),
(1871, 133, 547, '2018-04-04', 20, 8, 0),
(1872, 133, 429, '2018-04-04', 8, 8, 0),
(1873, 133, 693, '2018-04-04', 6, 6, 0),
(1874, 133, 809, '2018-04-04', 12, 8, 0),
(1875, 133, 325, '2018-04-04', 27, 17, 0),
(1876, 133, 323, '2018-04-04', 10, 8, 0),
(1877, 133, 321, '2018-04-04', 33, 23, 0),
(1878, 133, 286, '2018-04-04', 5, 2, 0),
(1879, 133, 49, '2018-04-04', 5, 2, 0),
(1880, 133, 28, '2018-04-04', 5, 1, 0),
(1881, 133, 279, '2018-04-04', 4, 2, 0),
(1882, 133, 278, '2018-04-04', 25, 9, 0),
(1883, 133, 271, '2018-04-04', 6, 1, 0),
(1884, 133, 269, '2018-04-04', 99, 48, 0),
(1885, 133, 265, '2018-04-04', 4, 3, 0),
(1886, 133, 40, '2018-04-04', 15, 0, 0),
(1887, 133, 330, '2018-04-04', 11, 3, 0),
(1888, 133, 329, '2018-04-04', 4, 2, 0),
(1889, 133, 328, '2018-04-04', 10, 3, 0),
(1890, 133, 482, '2018-04-04', 352, 150, 0),
(1891, 133, 342, '2018-04-04', 167, 167, 0),
(1892, 133, 263, '2018-04-04', 312, 120, 0),
(1893, 133, 1003, '2018-04-04', 2, 2, 0),
(1894, 133, 979, '2018-04-04', 3, 2, 0),
(1895, 133, 946, '2018-04-04', 6, 2, 0),
(1896, 1, 1180, '2018-04-09', 0, 0, 0),
(1897, 76, 74, '2018-04-09', 147, 1728, 0),
(1898, 133, 355, '2018-04-11', 160, 220, 0),
(1899, 133, 100, '2018-04-11', 4, 3, 1),
(1900, 133, 80, '2018-04-11', 40, 54, 0),
(1901, 133, 76, '2018-04-11', 67, 58, 0),
(1902, 133, 29, '2018-04-11', 25, 33, 0),
(1903, 133, 100, '2018-04-11', 3, 5, 0),
(1904, 133, 101, '2018-04-11', 3, 5, 0),
(1905, 133, 1028, '2018-04-11', 5, 3, 0),
(1906, 133, 932, '2018-04-11', 13, 7, 0),
(1907, 133, 265, '2018-04-11', 6, 2, 0),
(1908, 133, 269, '2018-04-11', 96, 48, 0),
(1909, 133, 271, '2018-04-11', 10, 4, 0),
(1910, 133, 278, '2018-04-11', 42, 23, 0),
(1911, 133, 278, '2018-04-11', 23, 23, 1),
(1912, 133, 272, '2018-04-11', 1, 1, 0),
(1913, 133, 279, '2018-04-11', 7, 4, 0),
(1914, 133, 282, '2018-04-11', 12, 3, 0),
(1915, 133, 28, '2018-04-11', 9, 5, 0),
(1916, 133, 284, '2018-04-11', 3, 1, 0),
(1917, 133, 286, '2018-04-11', 7, 4, 0),
(1918, 133, 1055, '2018-04-11', 7, 4, 0),
(1919, 133, 547, '2018-04-11', 30, 12, 0),
(1920, 133, 548, '2018-04-11', 10, 4, 0),
(1921, 133, 294, '2018-04-11', 6, 5, 0),
(1922, 133, 40, '2018-04-11', 27, 3, 0),
(1923, 133, 295, '2018-04-11', 11, 4, 0),
(1924, 133, 809, '2018-04-11', 8, 5, 0),
(1925, 133, 812, '2018-04-11', 2, 1, 0),
(1926, 133, 49, '2018-04-11', 7, 3, 0),
(1927, 133, 321, '2018-04-11', 41, 18, 0),
(1928, 133, 323, '2018-04-11', 8, 8, 0),
(1929, 133, 325, '2018-04-11', 29, 12, 0),
(1930, 133, 866, '2018-04-11', 2, 0, 0),
(1931, 133, 623, '2018-04-11', 2, 1, 0),
(1932, 133, 433, '2018-04-11', 2, 1, 0),
(1933, 133, 1017, '2018-04-11', 5, 1, 0),
(1934, 133, 429, '2018-04-11', 8, 8, 0),
(1935, 133, 693, '2018-04-11', 6, 5, 0),
(1936, 133, 868, '2018-04-12', 4, 1, 0),
(1937, 133, 330, '2018-04-12', 12, 4, 0),
(1938, 133, 329, '2018-04-12', 3, 2, 0),
(1939, 133, 328, '2018-04-12', 10, 5, 0),
(1940, 133, 102, '2018-04-13', 288, 96, 0),
(1941, 133, 1027, '2018-04-13', 252, 60, 0),
(1942, 133, 104, '2018-04-13', 288, 96, 0),
(1943, 133, 827, '2018-04-13', 192, 96, 0),
(1944, 133, 828, '2018-04-13', 192, 24, 0),
(1945, 133, 829, '2018-04-13', 192, 72, 0),
(1946, 133, 416, '2018-04-13', 714, 144, 0),
(1947, 133, 417, '2018-04-13', 216, 48, 0),
(1948, 48, 1204, '2018-04-13', 0, 0, 0),
(1949, 76, 1205, '2018-04-16', 0, 0, 0),
(1950, 76, 1206, '2018-04-16', 0, 0, 0),
(1951, 76, 1207, '2018-04-16', 0, 0, 0),
(1952, 76, 1208, '2018-04-16', 0, 0, 0),
(1953, 76, 1209, '2018-04-16', 0, 0, 0),
(1954, 76, 1210, '2018-04-16', 0, 0, 0),
(1955, 76, 1211, '2018-04-16', 0, 0, 0),
(1956, 76, 1210, '2018-04-16', 0, 0, 0),
(1957, 76, 1212, '2018-04-16', 0, 0, 0),
(1958, 76, 1213, '2018-04-16', 0, 0, 0),
(1959, 76, 1214, '2018-04-16', 0, 0, 0),
(1960, 76, 1208, '2018-04-16', 0, 0, 0),
(1961, 76, 1213, '2018-04-16', 0, 0, 0),
(1962, 76, 1215, '2018-04-16', 0, 0, 0),
(1963, 76, 1216, '2018-04-16', 0, 0, 0),
(1964, 76, 1217, '2018-04-16', 0, 0, 0),
(1965, 76, 1218, '2018-04-16', 0, 0, 0),
(1966, 76, 1219, '2018-04-16', 0, 0, 0),
(1967, 76, 1220, '2018-04-16', 0, 0, 0),
(1968, 76, 1205, '2018-04-16', 0, 0, 0),
(1969, 76, 1206, '2018-04-16', 0, 0, 0),
(1970, 76, 1207, '2018-04-16', 0, 0, 0),
(1971, 76, 1208, '2018-04-16', 0, 0, 0),
(1972, 76, 1210, '2018-04-16', 0, 0, 0),
(1973, 76, 1211, '2018-04-16', 0, 0, 0),
(1974, 76, 1212, '2018-04-16', 0, 0, 0),
(1975, 76, 1213, '2018-04-16', 0, 0, 0),
(1976, 76, 1214, '2018-04-16', 0, 0, 0),
(1977, 76, 1221, '2018-04-16', 0, 0, 0),
(1978, 76, 1222, '2018-04-16', 0, 0, 0),
(1979, 76, 1223, '2018-04-16', 0, 0, 0),
(1980, 76, 1209, '2018-04-16', 0, 0, 0),
(1981, 76, 1221, '2018-04-16', 0, 0, 0),
(1982, 76, 1222, '2018-04-16', 0, 0, 0),
(1983, 76, 1225, '2018-04-16', 0, 0, 0),
(1984, 76, 1226, '2018-04-16', 0, 0, 0),
(1985, 76, 1239, '2018-04-16', 0, 0, 0),
(1986, 76, 1240, '2018-04-16', 0, 0, 0),
(1987, 133, 1027, '2018-04-18', 192, 60, 0),
(1988, 133, 102, '2018-04-18', 192, 60, 0),
(1989, 133, 104, '2018-04-18', 180, 48, 0),
(1990, 133, 827, '2018-04-18', 120, 60, 1),
(1991, 133, 828, '2018-04-18', 120, 24, 0),
(1992, 133, 829, '2018-04-18', 156, 60, 0),
(1993, 133, 827, '2018-04-18', 60, 36, 0),
(1994, 133, 416, '2018-04-18', 216, 85, 0),
(1995, 133, 417, '2018-04-18', 120, 24, 0),
(1996, 133, 355, '2018-04-18', 220, 0, 0),
(1997, 133, 80, '2018-04-18', 54, 6, 0),
(1998, 133, 76, '2018-04-18', 58, 32, 0),
(1999, 133, 100, '2018-04-18', 5, 3, 0),
(2000, 133, 29, '2018-04-18', 33, 18, 0),
(2001, 133, 1055, '2018-04-18', 6, 4, 0),
(2002, 133, 1028, '2018-04-18', 6, 4, 0),
(2003, 133, 932, '2018-04-18', 11, 5, 0),
(2004, 133, 809, '2018-04-18', 5, 3, 0),
(2005, 133, 693, '2018-04-18', 5, 4, 0),
(2006, 133, 548, '2018-04-18', 10, 4, 0),
(2007, 133, 265, '2018-04-18', 4, 2, 0),
(2008, 133, 40, '2018-04-18', 21, 6, 0),
(2009, 133, 49, '2018-04-18', 4, 2, 0),
(2010, 133, 28, '2018-04-18', 9, 4, 0),
(2011, 133, 325, '2018-04-18', 12, 3, 0),
(2012, 133, 279, '2018-04-18', 5, 1, 0),
(2013, 133, 278, '2018-04-18', 32, 20, 0),
(2014, 133, 271, '2018-04-18', 6, 2, 0),
(2015, 133, 286, '2018-04-18', 6, 5, 0),
(2016, 133, 269, '2018-04-18', 78, 39, 0),
(2017, 133, 282, '2018-04-18', 6, 3, 0),
(2018, 133, 282, '2018-04-18', 3, 3, 0),
(2019, 133, 282, '2018-04-18', 3, 3, 0),
(2020, 133, 547, '2018-04-18', 18, 12, 0),
(2021, 76, 1265, '2018-04-18', 0, 0, 0),
(2022, 76, 1293, '2018-04-19', 0, 0, 0),
(2023, 76, 1298, '2018-04-19', 0, 0, 0),
(2024, 76, 1289, '2018-04-19', 0, 0, 0),
(2025, 76, 1290, '2018-04-19', 0, 0, 0),
(2026, 76, 1291, '2018-04-19', 0, 0, 0),
(2027, 76, 1292, '2018-04-19', 0, 0, 0),
(2028, 76, 1291, '2018-04-19', 0, 0, 0),
(2029, 76, 1294, '2018-04-19', 0, 0, 0),
(2030, 76, 1295, '2018-04-19', 0, 0, 0),
(2031, 76, 1296, '2018-04-19', 0, 0, 0),
(2032, 76, 1297, '2018-04-19', 0, 0, 0),
(2033, 76, 1299, '2018-04-19', 0, 0, 0),
(2034, 76, 1300, '2018-04-19', 0, 0, 0),
(2035, 76, 1301, '2018-04-19', 0, 0, 0),
(2036, 76, 1302, '2018-04-19', 0, 0, 0),
(2037, 76, 1303, '2018-04-19', 0, 0, 0),
(2038, 76, 1304, '2018-04-19', 0, 0, 0),
(2039, 76, 1305, '2018-04-19', 0, 0, 0),
(2040, 76, 1306, '2018-04-19', 0, 0, 0),
(2041, 76, 1307, '2018-04-19', 0, 0, 0),
(2042, 76, 1308, '2018-04-19', 0, 0, 0),
(2043, 76, 1309, '2018-04-19', 0, 0, 0),
(2044, 76, 1310, '2018-04-19', 0, 0, 0),
(2045, 76, 1311, '2018-04-19', 0, 0, 0),
(2046, 76, 1312, '2018-04-19', 0, 0, 0),
(2047, 76, 1313, '2018-04-19', 0, 0, 0),
(2048, 76, 1314, '2018-04-19', 0, 0, 0),
(2049, 76, 1315, '2018-04-19', 0, 0, 0),
(2050, 76, 1316, '2018-04-19', 0, 0, 0),
(2051, 76, 1317, '2018-04-19', 0, 0, 0),
(2052, 76, 1318, '2018-04-19', 0, 0, 0),
(2053, 76, 1319, '2018-04-19', 0, 0, 0),
(2054, 76, 1320, '2018-04-19', 0, 0, 0),
(2055, 76, 1321, '2018-04-19', 0, 0, 0),
(2056, 76, 1322, '2018-04-19', 0, 0, 0),
(2057, 76, 1323, '2018-04-19', 0, 0, 0),
(2058, 76, 1324, '2018-04-19', 0, 0, 0),
(2059, 76, 1325, '2018-04-19', 0, 0, 0),
(2060, 76, 1327, '2018-04-19', 0, 0, 0),
(2061, 76, 1329, '2018-04-19', 0, 0, 0),
(2062, 76, 1330, '2018-04-19', 0, 0, 0),
(2063, 76, 1331, '2018-04-19', 0, 0, 0),
(2064, 76, 1332, '2018-04-19', 0, 0, 0),
(2065, 76, 1333, '2018-04-19', 0, 0, 0),
(2066, 76, 1334, '2018-04-19', 0, 0, 0),
(2067, 76, 1335, '2018-04-19', 0, 0, 0),
(2068, 76, 1297, '2018-04-19', 0, 0, 0);
INSERT INTO `stock_history` (`id`, `id_user`, `id_product`, `date_inv`, `stock_theorical`, `stock_real`, `deleted`) VALUES
(2069, 76, 1305, '2018-04-19', 0, 0, 0),
(2070, 76, 1306, '2018-04-19', 0, 0, 0),
(2071, 76, 1341, '2018-04-19', 0, 0, 0),
(2072, 76, 1342, '2018-04-19', 0, 0, 0),
(2073, 76, 1343, '2018-04-19', 0, 0, 0),
(2074, 76, 1344, '2018-04-19', 0, 0, 0),
(2075, 76, 868, '2018-04-19', 2, 2, 0),
(2076, 76, 1345, '2018-04-19', 0, 0, 0),
(2077, 76, 1329, '2018-04-19', 0, 0, 0),
(2078, 76, 1320, '2018-04-19', 0, 0, 0),
(2079, 76, 1325, '2018-04-19', 0, 0, 0),
(2080, 48, 774, '2018-04-19', 0, 0, 0),
(2081, 48, 775, '2018-04-19', 0, 0, 0),
(2082, 76, 1330, '2018-04-20', 0, 0, 0),
(2083, 133, 28, '2018-04-20', 6, 6, 1),
(2084, 133, 74, '2018-04-21', 4360, 3024, 0),
(2085, 48, 865, '2018-04-24', 5, 0, 0),
(2086, 133, 1027, '2018-04-25', 276, 120, 0),
(2087, 133, 827, '2018-04-25', 156, 84, 0),
(2088, 133, 828, '2018-04-25', 192, 72, 0),
(2089, 133, 829, '2018-04-25', 156, 48, 0),
(2090, 133, 102, '2018-04-25', 264, 120, 0),
(2091, 133, 104, '2018-04-25', 252, 120, 0),
(2092, 133, 416, '2018-04-25', 373, 162, 0),
(2093, 133, 417, '2018-04-25', 240, 120, 0),
(2094, 133, 1028, '2018-04-25', 6, 6, 0),
(2095, 133, 265, '2018-04-25', 4, 2, 0),
(2096, 133, 269, '2018-04-25', 69, 39, 0),
(2097, 133, 271, '2018-04-25', 7, 5, 0),
(2098, 133, 272, '2018-04-25', 2, 2, 0),
(2099, 133, 278, '2018-04-25', 29, 21, 0),
(2100, 133, 279, '2018-04-25', 5, 4, 0),
(2101, 133, 282, '2018-04-25', 5, 3, 0),
(2102, 133, 283, '2018-04-25', 8, 0, 0),
(2103, 133, 28, '2018-04-25', 8, 5, 0),
(2104, 133, 286, '2018-04-25', 5, 3, 0),
(2105, 133, 1055, '2018-04-25', 6, 2, 0),
(2106, 133, 289, '2018-04-25', 4, 2, 0),
(2107, 133, 547, '2018-04-25', 24, 12, 0),
(2108, 133, 548, '2018-04-25', 10, 5, 0),
(2109, 133, 294, '2018-04-25', 8, 5, 0),
(2110, 133, 295, '2018-04-25', 6, 4, 0),
(2111, 133, 40, '2018-04-25', 21, 9, 0),
(2112, 133, 49, '2018-04-25', 5, 3, 0),
(2113, 133, 321, '2018-04-25', 24, 19, 0),
(2114, 133, 323, '2018-04-25', 8, 5, 0),
(2115, 133, 325, '2018-04-25', 27, 18, 0),
(2116, 133, 328, '2018-04-25', 6, 3, 0),
(2117, 133, 329, '2018-04-25', 3, 2, 0),
(2118, 133, 330, '2018-04-25', 12, 5, 0),
(2119, 133, 866, '2018-04-25', 2, 0, 0),
(2120, 133, 623, '2018-04-25', 3, 2, 0),
(2121, 133, 376, '2018-04-25', 5, 2, 0),
(2122, 133, 137, '2018-04-25', 17, 11, 0),
(2123, 133, 137, '2018-04-25', 11, 1, 0),
(2124, 133, 932, '2018-04-25', 11, 5, 0),
(2125, 133, 429, '2018-04-25', 8, 5, 0),
(2126, 133, 433, '2018-04-25', 3, 3, 0),
(2127, 133, 693, '2018-04-25', 10, 9, 0),
(2128, 133, 949, '2018-04-25', 8, 1, 0),
(2129, 133, 809, '2018-04-25', 9, 9, 0),
(2130, 133, 29, '2018-04-25', 30, 20, 0),
(2131, 133, 76, '2018-04-25', 56, 44, 0),
(2132, 133, 80, '2018-04-25', 36, 24, 0),
(2133, 133, 355, '2018-04-25', 320, 60, 0),
(2134, 133, 100, '2018-04-25', 4, 1, 0),
(2135, 133, 101, '2018-04-25', 5, 5, 0),
(2136, 133, 1378, '2018-04-25', 0, 0, 0),
(2137, 133, 1017, '2018-04-25', 5, 6, 0),
(2138, 133, 74, '2018-04-26', 1763, 1710, 0),
(2139, 133, 263, '2018-04-26', 384, 144, 0);

-- --------------------------------------------------------

--
-- Table structure for table `suppliers`
--

CREATE TABLE IF NOT EXISTS `suppliers` (
  `id` int(11) NOT NULL AUTO_INCREMENT,
  `id_category` int(11) DEFAULT NULL,
  `name` varchar(255) COLLATE utf8_unicode_ci NOT NULL,
  `main_product` varchar(255) COLLATE utf8_unicode_ci NOT NULL,
  `location` varchar(255) COLLATE utf8_unicode_ci NOT NULL,
  `carriage_paid` int(11) NOT NULL DEFAULT '0',
  `payment_type` enum('LCR','WIRE','CHEQ','CARD','CASH','DEBIT') COLLATE utf8_unicode_ci NOT NULL DEFAULT 'CARD',
  `payment_delay` text COLLATE utf8_unicode_ci NOT NULL,
  `delivery_days` varchar(255) COLLATE utf8_unicode_ci NOT NULL,
  `contact_sale_name` varchar(255) COLLATE utf8_unicode_ci NOT NULL,
  `contact_sale_tel` varchar(255) COLLATE utf8_unicode_ci NOT NULL,
  `contact_sale_email` varchar(255) COLLATE utf8_unicode_ci NOT NULL,
  `contact_order_name` varchar(255) COLLATE utf8_unicode_ci NOT NULL,
  `contact_order_tel` varchar(255) COLLATE utf8_unicode_ci NOT NULL,
  `contact_order_email` varchar(255) COLLATE utf8_unicode_ci NOT NULL,
  `order_method` enum('email','tel','fax','www') COLLATE utf8_unicode_ci NOT NULL DEFAULT 'email',
  `website` varchar(255) COLLATE utf8_unicode_ci NOT NULL,
  `comment_internal` text COLLATE utf8_unicode_ci NOT NULL,
  `comment_order` text COLLATE utf8_unicode_ci NOT NULL,
  `comment_delivery` text COLLATE utf8_unicode_ci NOT NULL,
  `comment_delivery_info` text COLLATE utf8_unicode_ci NOT NULL,
  `active` tinyint(1) NOT NULL DEFAULT '1',
  `deleted` tinyint(1) NOT NULL DEFAULT '0',
  `simple_order_form` tinyint(1) NOT NULL,
  `no_chased_email` tinyint(1) NOT NULL,
  `id_bu` int(11) NOT NULL,
  PRIMARY KEY (`id`),
  UNIQUE KEY `name` (`name`,`id_bu`),
  KEY `deleted` (`deleted`),
  KEY `active` (`active`),
  KEY `order_method` (`order_method`),
  KEY `id_category` (`id_category`)
) ENGINE=InnoDB  DEFAULT CHARSET=utf8 COLLATE=utf8_unicode_ci AUTO_INCREMENT=139 ;

--
-- Dumping data for table `suppliers`
--

INSERT INTO `suppliers` (`id`, `id_category`, `name`, `main_product`, `location`, `carriage_paid`, `payment_type`, `payment_delay`, `delivery_days`, `contact_sale_name`, `contact_sale_tel`, `contact_sale_email`, `contact_order_name`, `contact_order_tel`, `contact_order_email`, `order_method`, `website`, `comment_internal`, `comment_order`, `comment_delivery`, `comment_delivery_info`, `active`, `deleted`, `simple_order_form`, `no_chased_email`, `id_bu`) VALUES
(1, 6, 'KRILL', 'frite bio lutosa', 'paris', 0, 'LCR', 'LCR 30 jours', 'Livraison automatique - mercredi et vendredi', '', '', '', '', '', '', 'email', '', '', '', '', 'Tous les jours entre 9h et 11h', 0, 0, 0, 0, 1),
(2, 6, 'CRETAGEL', 'potatoes', 'Paris', 0, 'DEBIT', '', 'Tous les jours sauf dimanche, A->B Avant 12h', '', '', '', '', '', '', 'email', '', '', '', '', 'Tous les jours entre 9h et 11h', 1, 0, 0, 0, 1),
(3, 8, 'LCACHAT_HALLESPRESTIGE', 'Légumes frais', 'Paris', 0, 'DEBIT', '30js', 'A-B', '', '', '', '', '', '', 'email', '', '', '', '', 'Tous les jours entre 9h et 11h', 1, 0, 1, 1, 1),
(4, 13, 'ARCADIE', 'Epices bio/poudre oignons', '', 0, 'CARD', '', 'A-C', '', '', '', '', '', '', 'email', '', '', '', '', 'Tous les jours entre 9h et 11h', 1, 0, 0, 0, 1),
(5, 13, 'MEZEPICES', 'Paprika fumé', '', 0, 'CARD', '', '', '', '', '', '', '', '', 'email', ' www.meszepices.com', '', '', '', '', 1, 0, 0, 0, 1),
(6, 14, 'EMBALEO', 'Pleatpak ', '', 0, 'CARD', '', 'A-D', '', '', '', '', '', '', 'email', '', '', '', '', '<p>\r\n Tous les jours entre 9h et 11h</p>\r\n', 1, 0, 0, 0, 1),
(7, 15, 'PRONGO', 'Serviettes hank', '', 0, 'WIRE', '', '', '', '', '', '', '', '', 'email', '', '', '', '', '', 1, 0, 0, 0, 1),
(8, 15, 'FAVRY', 'Emballages', '', 0, 'LCR', 'LCR 30 jours', '', '', '', '', '', '', '', '', '', '', '', '', '', 1, 0, 0, 0, 1),
(9, 15, 'MULTYPAC', 'sac hank, serviettes hank, sets à plateaux hank', 'IDF', 0, 'WIRE', '', '', '', '', '', '', '', '', 'email', '', '', '', '', 'Tous les jours entre 9h et 11h', 1, 0, 0, 0, 1),
(10, 11, 'DRINKYZ', 'Bionades', 'IDF', 0, 'LCR', '<p>\r\n 30 jrs</p>\r\n', 'A-C', '', '', '', '', '', '', 'email', '', '', '', '', '<p>\r\n Tous les jours entre 9h et 11h</p>\r\n', 1, 0, 0, 0, 1),
(11, 6, 'GFD', 'pain Sans Gluten', 'Paris', 0, 'WIRE', '<p>\r\n Virement/cheque</p>\r\n', 'A-C', '', '', '', '', '', '', 'email', '', '', '', '', '', 1, 0, 0, 0, 1),
(12, 6, 'TERREADELICE', 'Sorbets', 'Sud', 0, 'WIRE', '', 'A-D', '', '', '', '', '', '', 'email', '', '', '', '', 'Tous les jours entre 9h et 11h', 1, 0, 0, 0, 1),
(13, 11, 'MOULIN_DES_MOINES', 'Bionades & bières ambrée et sans gluten', '', 0, 'LCR', 'LCR 30 jours', 'A-F', '', '', '', '', '', '', 'email', '', '', '', '', 'Lundi, mercredi, vendredi entre 9h et 11h', 1, 0, 0, 0, 1),
(14, 11, 'BOUTIQUE_NATURE', 'The', '', 0, 'LCR', '', 'A-C', '', '', '', '', '', '', 'email', '', '', '', '', 'Tous les jours entre 9h et 11h', 1, 0, 0, 0, 1),
(15, 8, 'NATURSOY', '', 'Espagne', 0, 'WIRE', '', '', '', '', '', '', '', '', 'email', '', '', '', 'Transporteur Delanchy  0169101710', '<p>\r\n Lundi, mercredi, vendredi entre 9h et 11h</p>\r\n', 1, 0, 0, 0, 1),
(16, 11, 'EKITRADE', 'cola', '', 0, 'WIRE', '', 'A-C', '', '', '', '', '', '', 'email', '', '', '', '', 'Du lundi au vendredi entre 9h et 11h', 1, 0, 0, 0, 1),
(17, 10, 'BIOCOOP', 'Divers épicerie', '', 0, 'LCR', 'LCR 30 jrs', 'A-C', '', '', '', '', '', '', 'email', '', '', '', '', 'Du lundi au vendredi. Le transporteur a pour obligation de livrer le jour demandé mais n''a aucune obligation quant à l''heure.. il peut donc parfois livrer après 12h', 1, 0, 0, 0, 1),
(18, 11, 'CAFERICHARD', 'cafe', 'Paris', 0, 'DEBIT', '<p>\r\n 30js</p>\r\n', 'A-C', '', '', '', '', '', '', 'email', '', '', '', '', '<p>\r\n Tous les jours entre 9h et 11h</p>\r\n', 1, 0, 0, 0, 1),
(19, 3, 'ALTERNATURE', 'vegusto', '', 0, 'CARD', '<p>\r\n LCR 30 jours</p>\r\n', 'commande jeudi > mardi ou lundi > mardi ', '', '', '', '', '', '', 'email', '', '', '', 'transporteur : DPD', 'Du lundi au vendredi entre 9h et 11j', 1, 0, 0, 0, 1),
(20, 15, 'CLEMSYS', 'rouleau caisse', 'Paris', 0, 'WIRE', '30 jrs', 'A-C', '', '', '', '', '', '', 'email', 'http://www.clemsys.com/', '', '', '', '', 1, 0, 0, 0, 1),
(21, 2, 'METRO', '', '', 0, 'CARD', '', '', '', '', '', '', '', '', 'email', '', '', '', '', '', 1, 0, 0, 0, 1),
(22, 2, 'CERCLEVERT_MRNET', '', 'Paris', 0, 'LCR', '30 jours fin de mois, prélèvement', 'A-C', '', '', '', '', '', '', 'email', '', '', '', '', 'Tous les jours entre 9h et 11h', 1, 0, 0, 0, 1),
(23, 15, 'RAJA', 'pochette frites', '', 0, 'CARD', '', 'A-B', '', '', '', '', '', '', 'email', '', '', '', '', '', 1, 0, 0, 0, 1),
(24, 2, 'MISC', '', '', 0, 'CARD', '', '', '', '', '', '', '', '', 'email', '', '', '', '', '', 1, 0, 0, 0, 1),
(25, 15, 'TACHESDENCRE', 'set de plateaux hank', '', 0, 'CARD', '', '', '', '', '', '', '', '', 'email', '', '', '', '', '', 1, 0, 0, 0, 1),
(26, 2, 'HOURA', 'farine et jus de fruits', '', 0, 'CARD', '', '', '', '', '', '', '', '', 'email', '', '', '', '', '', 1, 0, 0, 0, 1),
(27, 8, 'RACHEL_BMR', 'Pain burger', '', 0, 'DEBIT', '', 'Jeudi et vendredi. 300 pains par jour ', '', '', '', '', '', '', 'email', '', '', '', '', '', 1, 0, 0, 0, 1),
(28, 12, 'RAPIDFLYER', 'Flyer', '', 0, 'CARD', '', '', '', '', '', '', '', '', '', '', '', '', '', '', 1, 0, 0, 0, 1),
(29, 2, 'OFFICEDEPOT', '', '', 0, 'CARD', '', '', '', '', '', '', '', '', 'email', '', '', '', '', '', 1, 0, 0, 0, 1),
(30, 2, 'LEROYMERLIN', '', '', 0, 'CARD', '', '', '', '', '', '', '', '', 'email', '', '', '', '', '', 1, 0, 0, 0, 1),
(32, 1, 'SUDNSOL', 'Steak sans gluten/soja', '', 0, 'WIRE', '', '', '', '', '', '', '', '', 'email', '', '', '', '', '', 1, 0, 0, 0, 1),
(33, 10, 'MAISON_BIO_SAIN', 'Epicerie bio', 'Rungis', 0, 'CARD', '', '', '', '', '', '', '', '', 'email', 'www.maison-bio-sain.com', '', '', '', '', 1, 0, 0, 0, 1),
(34, 2, 'AUROUZE', 'LUTTE CONTRE LES NUISIBLES', 'Paris 1er', 0, 'CHEQ', '', '', '', '', '', '', '', '', 'tel', 'aurouze.fr', '', '', '', '', 1, 0, 0, 0, 1),
(40, 10, 'BIOCOOP', '', '', 0, 'LCR', 'LCR 30 jrs', 'A-C', '', '', '', '', '', '', 'email', '', '', '', 'Tous les jours entre 9h et 11h', '', 1, 0, 0, 0, 2),
(41, 10, 'CERCLEVERT_MRNET', '', 'Paris', 0, 'LCR', '30 js ', 'A-C', '', '', '', '', '', '', 'email', '', '', '', 'Tous les jours entre 9h et 11h', '', 1, 0, 0, 0, 2),
(42, 8, 'LCACHAT_HALLESPRESTIGE', 'frais', 'Paris', 0, 'LCR', '30 js', 'A-B', '', '', '', '', '', '', '', '', '', '', 'Tous les jours entre 9h et 11h', '', 1, 0, 1, 1, 2),
(43, 10, 'BOUTIQUE_VEGAN', 'Violife Tofurki Tofu', 'Allemagne', 0, 'CARD', '', '', '', '', '', '', '', '', 'email', '', '', '', '', '', 1, 0, 0, 0, 2),
(44, 10, 'CUISINEADDICT', 'Carraghenanes', '', 0, 'CARD', '', '', '', '', '', '', '', '', 'email', '', '', '', '', '', 1, 0, 0, 0, 2),
(45, 10, 'CULINAIDE', ' Arome FROMAGE', '', 0, 'CARD', '', '', '', '', '', '', '', '', 'email', '', '', '', '', '', 1, 0, 0, 0, 2),
(46, 11, 'DRINKYZ', 'Eau', 'Paris', 0, 'LCR', '<p>\r\n 30 jrs</p>\r\n', 'A-C', '', '', '', '', '', '', 'email', '', '', '', '<p>\r\n Tous les jours entre 9h et 11h</p>\r\n', '', 1, 0, 0, 0, 2),
(47, 11, 'EKITRADE', 'Soda', '', 0, 'WIRE', 'A-C', '', '', '', '', '', '', '', 'email', '', '', '', 'Tous les jours entre 9h et 11h', '', 1, 0, 0, 0, 2),
(48, 15, 'MULTYPAC', '', '', 0, 'WIRE', '', '', '', '', '', '', '', '', '', '', '', '', 'Tous les jours entre 9h et 11h - FRANCO 8 CARTONS', '', 1, 0, 0, 0, 2),
(49, 6, 'TERREADELICE', 'Sorbets', '', 0, 'DEBIT', '', 'A-D', '', '', '', '', '', '', 'email', '', '', '', '', 'Tous les jours entre 9h et 11h', 1, 0, 0, 0, 2),
(50, 11, 'BOUTIQUENATURE', 'The', '', 0, 'LCR', '', 'A-C', '', '', '', '', '', '', 'email', '', '', '', '', 'Tous les jours entre 9h et 11h', 1, 0, 0, 0, 2),
(51, 15, 'CLEMSYS', 'rouleaux CB caisse', 'Paris', 0, 'WIRE', '30 jrs', 'A-C', '', '', '', '', '', '', 'email', '', '', '', '', 'Tous les jours entre 9h et 11h', 1, 0, 0, 0, 2),
(52, 2, 'METRO', '', '', 0, 'CARD', '', '', '', '', '', '', '', '', 'email', '', '', '', '', '', 1, 0, 0, 0, 2),
(53, 10, 'MAISON_BIO_SAIN', 'Epicerie bio', 'Rungis', 0, 'WIRE', '', '', '', '', '', '', '', '', 'email', 'www.maison-bio-sain.com', '', '', '', '', 1, 0, 0, 0, 2),
(54, 1, 'CARNIATO', 'Truffe', '94', 0, 'LCR', '30 days', '', '', '', '', '', '', '', 'email', 'carniato.com', '', '', '', '', 1, 0, 0, 0, 2),
(55, 1, 'MOZZALAT', 'Farine', 'Evreux', 0, 'DEBIT', '30 days', '', '', '', '', '', '', '', 'email', '', '', '', '', '', 1, 0, 0, 0, 2),
(56, 1, 'GRECI', '', '', 0, 'WIRE', '', 'A-B  avant 12h', '', '', '', '', '', '', 'email', '', '', '', '', '', 1, 0, 0, 0, 2),
(57, 1, 'MAISON_ALEX', 'Sel salish', '', 0, 'CARD', '', '', '', '', '', '', '', '', 'email', '', '', '', '', '', 0, 0, 0, 0, 2),
(58, 1, 'AGIDRA', 'Noix de cajou', 'Lyon', 0, 'CARD', '', '', '', '', '', '', '', '', 'email', '', '', '', '', '', 1, 0, 0, 0, 2),
(59, 1, 'MISC', 'misc', '', 0, '', '', '', '', '', '', '', '', '', 'email', '', '', '', '', '', 1, 0, 0, 0, 2),
(60, 8, 'AVE', 'Tofu fume', 'DE', 0, 'CARD', '', 'A-E', '', '', '', '', '', '', 'email', 'http://www.ave.vg/en/', '', '', '', '', 1, 0, 0, 0, 2),
(61, 10, 'AMANVIDA', 'huile coco desodorise', 'BE', 0, 'CARD', '', 'A-F', '', '', '', '', '', '', 'email', '', '', '', '', '', 1, 0, 0, 0, 2),
(62, 10, 'TERRE_EXOTIQUE', 'sel salish', '', 0, 'CARD', '', '', '', '', '', '', '', '', 'email', 'terreexotique.fr', '', '', '', '', 1, 0, 0, 0, 2),
(63, 10, 'MEX_AL', 'LIQUIDHICKORYSMOKE1,89l', 'DE', 0, 'CARD', '', 'A-F', '', '', '', '', '', '', 'email', 'mex-al.de', '', '', '', '', 1, 0, 0, 0, 2),
(64, 8, 'MAMMAROMA_APCFOOD', 'Pate pizza', 'BE', 0, 'WIRE', '', 'du lundi au vendredi', '', '', '', '', '', '', 'email', '', '', '', 'Appeller Mohamed 0611212082 si livreur pas là, dès 10h30.', '', 1, 0, 0, 0, 2),
(65, 15, 'FAVRY', 'Emballages', '', 0, 'LCR', 'LCR 30 jours', '', '', '', '', '', '', '', 'email', '', '', '', '', '', 0, 0, 0, 0, 2),
(66, 2, 'HOURA', 'farine et jus de fruits', '', 0, 'CARD', '', '', '', '', '', '', '', '', 'email', '', '', '', '', '', 1, 0, 0, 0, 2),
(67, 11, 'CAFERICHARD', 'cafe', 'Paris', 0, 'CARD', '30js', '', '', '', '', '', '', '', 'email', '', '', '', '', 'Tous les jours entre 9h et 11h', 1, 0, 0, 0, 2),
(68, 11, 'AZADE', '', 'IDF', 0, 'LCR', '30 js', '', '', '', '', '', '', '', 'email', '', '', '', '', '', 1, 0, 0, 0, 2),
(69, 10, 'GENERATIONCOOKING', 'GRAINE DE Tournesol', '', 0, 'CARD', '', '', '', '', '', '', '', '', 'email', '', '', '', '', '', 0, 0, 0, 0, 2),
(71, 15, 'RAJA', '', '', 0, 'CARD', '', 'A-B', '', '', '', '', '', '', 'email', '', '', '', '', '', 1, 0, 0, 0, 2),
(72, 15, 'KEDYPACK', 'emballage', 'Bobigny', 0, 'WIRE', '', 'A-B', '', '', '', '', '', '', 'email', '', '', '', '', '', 1, 0, 0, 0, 2),
(73, 15, 'KEDYPACK', 'emballage', 'Bobigny', 0, 'WIRE', '', 'A-B', '', '', '', '', '', '', 'email', '', '', '', '', '', 1, 0, 0, 0, 1),
(74, 14, 'SFE', 'Turbochef supply', '', 0, 'WIRE', '', '', '', '', '', '', '', '', 'email', '', '', '', '', '', 1, 0, 0, 0, 1),
(75, 11, 'LA_NOUVELLE_EPICERIE', 'Canette Ice Tea', 'IDF', 0, 'WIRE', '<p>\r\n 30 DAYS</p>\r\n', 'A-B si avant 16h sinon A-C', '', '', '', '', '', '', 'email', '', '', '', '', '<p>\r\n Tous les jours entre 9h et 11h</p>\r\n', 1, 0, 0, 0, 2),
(76, 5, 'CHAMBELLAND', 'Pain SG', 'IDF', 0, '', '', '', '', '', '', '', '', '', 'email', 'chambelland.com', '', '', '', 'Livraison chez Wild and the Moon \nAnnulation commande idéalement 48h avant si la veille avant 15h.', 1, 0, 0, 0, 2),
(77, 11, 'LA_NOUVELLE_EPICERIE', 'Canette Ice Tea', 'IDF', 0, 'WIRE', '<p>\r\n 30 DAYS</p>\r\n', 'A-C', '', '', '', '', '', '', 'email', '', '', '', '', '<p>\r\n Tous les jours entre 9h et 11h</p>\r\n', 1, 0, 0, 0, 1),
(78, 8, 'QUELLIDELLAPIZZA', 'pate pizza', 'IT', 0, 'CARD', 'Instant', '10', '', '', '', '', '', '', 'email', 'www.quellidellapizza.fr', '', '', '', '', 1, 0, 0, 0, 2),
(79, 8, 'CHEDEVILLE', 'Margarine', 'IDF', 0, 'WIRE', '', 'Livraison les mardi', '', '', '', '', '', '', 'email', '', '', '', '', '', 1, 0, 0, 0, 2),
(80, 8, 'CHEDEVILLE', 'Margarine', 'IDF', 0, 'WIRE', '', '', '', '', '', '', '', '', '', '', '', '', '', '', 1, 0, 0, 0, 1),
(82, 8, 'AS_GOURMET', 'Violife', 'IDF', 0, 'WIRE', '30 jrs', '', '', '', '', '', '', '', 'email', '', '', '', '', '', 1, 0, 0, 0, 2),
(83, 8, 'NATURSOY', '', 'Espagne', 0, 'WIRE', '', '', '', '', '', '', '', '', 'email', '', '', '', 'Transporteur Delanchy  0169101710', 'Lundi, mercredi, vendredi entre 9h et 11h\r\n', 1, 0, 0, 0, 4),
(85, 6, 'DAVIGEL', '', 'LYON', 0, 'WIRE', '', 'Mardi Jeudi Samedi', '', '', '', '', '', '', 'email', 'www.davigel.fr', '', '', '', '', 1, 0, 0, 0, 4),
(86, 13, 'MEZEPICES', 'Paprika fumé', '', 0, 'CARD', '', '', '', '', '', '', '', '', 'email', ' www.meszepices.com', '', '', '', '', 1, 0, 0, 0, 4),
(87, 6, 'TERREADELICE', 'Sorbets', 'Sud', 0, 'WIRE', '', 'A-D', '', '', '', '', '', '', 'email', '', '', '', '', 'Tous les jours entre 9h et 11h', 1, 0, 0, 0, 4),
(88, 3, 'ALTERNATURE', 'vegusto', '', 0, 'CARD', '<p>\r\n LCR 30 jours</p>\r\n', 'commande jeudi > mardi ou lundi > mardi ', '', '', '', '', '', '', 'email', '', '', '', 'transporteur : DPD', 'Du lundi au vendredi entre 9h et 11j', 1, 0, 0, 0, 4),
(89, 11, 'MOULIN_DES_MOINES', 'Bionades & bières ambrée et sans gluten', '', 0, 'LCR', 'LCR 30 jours', 'A-F', '', '', '', '', '', '', 'email', '', '', '', '', 'Lundi, mercredi, vendredi entre 9h et 11h', 1, 0, 0, 0, 4),
(90, 15, 'KEDYPACK', 'emballage', 'Bobigny', 0, 'WIRE', '', 'A-B', '', '', '', '', '', '', 'www', '', '', '', '', '', 1, 0, 0, 0, 4),
(91, 15, 'RAJA', 'pochette frites', '', 0, 'CARD', '', 'A-B', '', '', '', '', '', '', 'email', '', '', '', '', '', 1, 0, 0, 0, 4),
(92, 14, 'EMBALEO', 'Pleatpak ', '', 0, 'CARD', '', 'A-D', '', '', '', '', '', '', 'email', '', '', '', '', '<p>\r\n Tous les jours entre 9h et 11h</p>\r\n', 1, 0, 0, 0, 4),
(93, 15, 'MULTYPAC', 'sac hank, serviettes hank, sets à plateaux hank', 'IDF', 0, 'WIRE', '', '', '', '', '', '', '', '', 'email', '', '', '', '', 'Tous les jours entre 9h et 11h', 1, 0, 0, 0, 4),
(94, 2, 'HOURA', 'farine et jus de fruits', '', 0, 'CARD', '', '', '', '', '', '', '', '', 'email', '', '', '', '', '', 1, 0, 0, 0, 4),
(95, 6, 'GFD', 'pain Sans Gluten', 'Paris', 0, 'WIRE', '<p>\r\n Virement/cheque</p>\r\n', 'A-C', '', '', '', '', '', '', 'email', '', '', '', '', '', 1, 0, 0, 0, 4),
(96, 8, 'AS_GOURMET', 'Violife', 'IDF', 0, 'WIRE', '30 jrs', '', '', '', '', '', '', '', 'email', '', '', '', '', '', 1, 0, 0, 0, 4),
(97, 15, 'CLEMSYS', 'rouleau caisse', 'Paris', 0, 'WIRE', '30 jrs', 'A-C', '', '', '', '', '', '', 'email', 'http://www.clemsys.com/', '', '', '', '', 1, 0, 0, 0, 4),
(98, 1, 'SUDNSOL', 'Steak sans gluten/soja', '', 0, 'WIRE', '', '', '', '', '', '', '', '', 'email', '', '', '', '', '', 1, 0, 0, 0, 4),
(99, 8, 'DISPRODAL', 'Margarine', 'LYON', 0, 'LCR', '', '', '', '', '', '', '', '', 'email', '', '', '', '', '', 1, 0, 0, 0, 4),
(100, 11, 'EKITRADE', 'cola', '', 0, 'WIRE', '', 'A-C', '', '', '', '', '', '', 'email', '', '', '', '', 'Du lundi au vendredi entre 9h et 11h', 1, 0, 0, 0, 4),
(101, 8, 'BAIL DISTRIBUTION', '', '', 0, 'WIRE', '', '', '', '', '', '', '', '', '', '', '', '', '', '', 1, 0, 0, 0, 4),
(102, 10, 'TRANSGOURMET', '', 'Lyon', 0, 'WIRE', '30 js ', 'A-B', '', '', '', '', '', '', 'email', '', '', '', 'Tous les jours entre 9h et 11h', '', 1, 0, 0, 0, 4),
(103, 10, 'CULINAIDE', 'Arôme fromage ', '', 0, 'CARD', '', '', '', '', '', '', '', '', '', '', '', '', '', '', 1, 0, 0, 0, 1),
(104, 10, 'MEX_AL', 'Liquid smoke ', 'Allemagne ', 0, 'CARD', '', '', '', '', '', '', '', '', 'email', '', '', '', '', '', 1, 0, 0, 0, 1),
(105, 11, 'DRINKYZ', 'Eau', 'Paris', 0, 'LCR', '<p>\r\n 30 jrs</p>\r\n', 'A-D', '', '', '', '', '', '', 'email', '', '', '', '<p>\r\n Tous les jours entre 9h et 11h</p>\r\n', '', 1, 0, 0, 0, 4),
(106, 6, 'CRETAGEL', 'potatoes', 'Paris', 0, 'WIRE', '', 'Tous les jours sauf dimanche, A->B Avant 12h', '', '', '', '', '', '', 'email', '', '', '', '', 'Tous les jours entre 9h et 11h', 1, 0, 0, 0, 4),
(107, 10, 'CPS', 'F&L', 'Lyon', 0, 'WIRE', '', '5/7', '', '', '', '', '', '', 'tel', '', '', '', '', '', 1, 0, 0, 0, 4),
(110, 10, 'LA MOZZARELLA ', 'poivron greci', 'Lyon', 0, 'WIRE', '15 jrs', '5/7', '', '', '', '', '', '', 'email', '', '', '', '', '', 1, 0, 0, 0, 4),
(111, 6, 'CRETAGEL', 'potatoes', 'Paris', 0, 'DEBIT', '', 'Tous les jours sauf dimanche, A->B Avant 12h', '', '', '', '', '', '', 'email', '', '', '', '', 'Tous les jours entre 9h et 11h', 1, 0, 0, 0, 3),
(112, 8, 'LCACHAT_HALLESPRESTIGE', 'Légumes frais', 'Paris', 0, 'DEBIT', '30js', 'A-B', '', '', '', '', '', '', 'email', '', '', '', '', 'Tous les jours entre 9h et 11h', 1, 0, 1, 1, 3),
(113, 13, 'MEZEPICES', 'Paprika fumé', '', 0, 'CARD', '', '', '', '', '', '', '', '', 'email', ' www.meszepices.com', '', '', '', '', 1, 0, 0, 0, 3),
(114, 15, 'MULTYPAC', 'sac hank, serviettes hank, sets à plateaux hank', 'IDF', 0, 'WIRE', '', '', '', '', '', '', '', '', 'email', '', '', '', '', 'Tous les jours entre 9h et 11h', 1, 0, 0, 0, 3),
(115, 11, 'DRINKYZ', 'Bionades', 'IDF', 0, 'LCR', '<p>\r\n 30 jrs</p>\r\n', 'A-C', '', '', '', '', '', '', 'email', '', '', '', '', '<p>\r\n Tous les jours entre 9h et 11h</p>\r\n', 1, 0, 0, 0, 3),
(116, 6, 'GFD', 'pain Sans Gluten', 'Paris', 0, 'WIRE', '<p>\r\n Virement/cheque</p>\r\n', 'A-C', '', '', '', '', '', '', 'email', '', '', '', '', '', 1, 0, 0, 0, 3),
(117, 6, 'TERREADELICE', 'Sorbets', 'Sud', 0, 'WIRE', '', 'A-D', '', '', '', '', '', '', 'email', '', '', '', '', 'Tous les jours entre 9h et 11h', 1, 0, 0, 0, 3),
(118, 11, 'BOUTIQUE_NATURE', 'The', '', 0, 'LCR', '', 'A-C', '', '', '', '', '', '', 'email', '', '', '', '', 'Tous les jours entre 9h et 11h', 1, 0, 0, 0, 3),
(119, 8, 'NATURSOY', '', 'Espagne', 0, 'WIRE', '', '', '', '', '', '', '', '', 'email', '', '', '', 'Transporteur Delanchy  0169101710', '<p>\r\n Lundi, mercredi, vendredi entre 9h et 11h</p>\r\n', 1, 0, 0, 0, 3),
(120, 11, 'EKITRADE', 'cola', '', 0, 'WIRE', '', 'A-C', '', '', '', '', '', '', 'email', '', '', '', '', 'Du lundi au vendredi entre 9h et 11h', 1, 0, 0, 0, 3),
(121, 10, 'BIOCOOP', 'Divers épicerie', '', 0, 'LCR', 'LCR 30 jrs', 'A-C', '', '', '', '', '', '', 'email', '', '', '', '', 'Du lundi au vendredi. Le transporteur a pour obligation de livrer le jour demandé mais n''a aucune obligation quant à l''heure.. il peut donc parfois livrer après 12h', 1, 0, 0, 0, 3),
(122, 3, 'ALTERNATURE', 'vegusto', '', 0, 'CARD', '<p>\r\n LCR 30 jours</p>\r\n', 'commande jeudi > mardi ou lundi > mardi ', '', '', '', '', '', '', 'email', '', '', '', 'transporteur : DPD', 'Du lundi au vendredi entre 9h et 11j', 1, 0, 0, 0, 3),
(123, 15, 'CLEMSYS', 'rouleau caisse', 'Paris', 0, 'WIRE', '30 jrs', 'A-C', '', '', '', '', '', '', 'email', 'http://www.clemsys.com/', '', '', '', '', 1, 0, 0, 0, 3),
(124, 2, 'METRO', '', '', 0, 'CARD', '', '', '', '', '', '', '', '', 'email', '', '', '', '', '', 1, 0, 0, 0, 3),
(125, 2, 'CERCLEVERT_MRNET', '', 'Paris', 0, 'LCR', '30 jours fin de mois, prélèvement', 'A-C', '', '', '', '', '', '', 'email', '', '', '', '', 'Tous les jours entre 9h et 11h', 1, 0, 0, 0, 3),
(126, 15, 'RAJA', 'pochette frites', '', 0, 'CARD', '', 'A-B', '', '', '', '', '', '', 'email', '', '', '', '', '', 1, 0, 0, 0, 3),
(127, 2, 'MISC', '', '', 0, 'CARD', '', '', '', '', '', '', '', '', 'email', '', '', '', '', '', 1, 0, 0, 0, 3),
(128, 2, 'HOURA', 'farine et jus de fruits', '', 0, 'CARD', '', '', '', '', '', '', '', '', 'email', '', '', '', '', '', 1, 0, 0, 0, 3),
(129, 1, 'SUDNSOL', 'Steak sans gluten/soja', '', 0, 'WIRE', '', '', '', '', '', '', '', '', 'email', '', '', '', '', '', 1, 0, 0, 0, 3),
(130, 8, 'CHEDEVILLE', 'Margarine', 'IDF', 0, 'WIRE', '', '', '', '', '', '', '', '', 'email', '', '', '', '', '', 1, 0, 0, 0, 3),
(131, 15, 'KEDYPACK', 'emballage', 'Bobigny', 0, 'WIRE', '', 'A-B', '', '', '', '', '', '', 'email', '', '', '', '', '', 1, 0, 0, 0, 3),
(132, 10, 'CULINAIDE', 'Arôme fromage ', '', 0, 'CARD', '', '', '', '', '', '', '', '', 'email', '', '', '', '', '', 1, 0, 0, 0, 3),
(133, 10, 'CULINAIDE', 'Arôme fromage ', '', 0, 'CARD', '', '', '', '', '', '', '', '', 'email', '', '', '', '', '', 1, 0, 0, 0, 4),
(134, 11, 'LA_NOUVELLE_EPICERIE', 'Canette Ice Tea', 'IDF', 0, 'WIRE', '<p>\r\n 30 DAYS</p>\r\n', 'A-C', '', '', '', '', '', '', 'email', '', '', '', '', '<p>\r\n Tous les jours entre 9h et 11h</p>\r\n', 1, 0, 0, 0, 3),
(135, 10, 'MAISON_BIO_SAIN', 'Epicerie bio', 'Rungis', 0, 'CARD', '', '', '', '', '', '', '', '', 'email', 'www.maison-bio-sain.com', '', '', '', '', 1, 0, 0, 0, 3),
(136, 8, 'AS_GOURMET', 'Violife', 'IDF', 0, 'WIRE', '30 jrs', '', '', '', '', '', '', '', 'email', '', '', '', '', '', 1, 0, 0, 0, 3),
(137, 10, 'MEX_AL', 'LIQUID SMOKE', '', 0, 'CARD', '', 'A-F', '', '', '', '', '', '', 'email', 'mex-al.de', '', '', '', '', 1, 0, 0, 0, 3),
(138, 5, 'Thevenet boulangerie', 'Pain', 'Lyon', 0, 'WIRE', '', '', '', '', '', '', '', '', 'email', '', '', '', '', '', 1, 0, 0, 0, 4);

-- --------------------------------------------------------

--
-- Table structure for table `suppliers_category`
--

CREATE TABLE IF NOT EXISTS `suppliers_category` (
  `id` int(11) NOT NULL AUTO_INCREMENT,
  `name` varchar(255) COLLATE utf8_unicode_ci NOT NULL,
  `active` tinyint(1) NOT NULL DEFAULT '1',
  `deleted` tinyint(1) NOT NULL DEFAULT '0',
  PRIMARY KEY (`id`)
) ENGINE=InnoDB  DEFAULT CHARSET=utf8 COLLATE=utf8_unicode_ci AUTO_INCREMENT=16 ;

--
-- Dumping data for table `suppliers_category`
--

INSERT INTO `suppliers_category` (`id`, `name`, `active`, `deleted`) VALUES
(1, 'food', 1, 0),
(2, 'misc', 1, 0),
(3, 'cheese', 1, 0),
(4, 'steak', 1, 0),
(5, 'bread', 1, 0),
(6, 'frozen', 1, 0),
(7, 'multi', 1, 0),
(8, 'fresh', 1, 0),
(9, 'vegetable', 1, 0),
(10, 'grocery', 1, 0),
(11, 'drink', 1, 0),
(12, 'flyer', 1, 0),
(13, 'Seasoning', 1, 0),
(14, 'Tools', 1, 0),
(15, 'Wrapping', 1, 0);

-- --------------------------------------------------------

--
-- Table structure for table `terminal_pos`
--

CREATE TABLE IF NOT EXISTS `terminal_pos` (
  `id` varchar(255) CHARACTER SET utf8 NOT NULL,
  `name` varchar(255) CHARACTER SET utf8 NOT NULL,
  `model` varchar(255) CHARACTER SET utf8 NOT NULL,
  `id_bu` int(11) NOT NULL,
  UNIQUE KEY `id` (`id`)
) ENGINE=InnoDB DEFAULT CHARSET=utf8 COLLATE=utf8_unicode_ci;

-- --------------------------------------------------------

--
-- Table structure for table `turnover`
--

CREATE TABLE IF NOT EXISTS `turnover` (
  `date` timestamp NOT NULL DEFAULT CURRENT_TIMESTAMP,
  `amount` float NOT NULL,
  `last` datetime NOT NULL,
  `num` int(11) NOT NULL,
  `id_bu` int(11) NOT NULL,
  KEY `id_bu` (`id_bu`)
) ENGINE=InnoDB DEFAULT CHARSET=utf8 COLLATE=utf8_unicode_ci;

--
-- Dumping data for table `turnover`
--

INSERT INTO `turnover` (`date`, `amount`, `last`, `num`, `id_bu`) VALUES
('2016-01-09 13:11:04', 0, '0000-00-00 00:00:00', 0, 1),
('2016-09-27 12:59:05', 0, '0000-00-00 00:00:00', 0, 2),
('2018-04-15 10:43:08', 0, '0000-00-00 00:00:00', 0, 3),
('2018-04-15 10:43:15', 0, '0000-00-00 00:00:00', 0, 4);

-- --------------------------------------------------------

--
-- Table structure for table `users`
--

CREATE TABLE IF NOT EXISTS `users` (
  `id` int(11) unsigned NOT NULL AUTO_INCREMENT,
  `ip_address` varchar(15) CHARACTER SET utf8 COLLATE utf8_unicode_ci NOT NULL,
  `username` varchar(100) CHARACTER SET utf8 COLLATE utf8_unicode_ci NOT NULL,
  `password` varchar(255) CHARACTER SET utf8 COLLATE utf8_unicode_ci NOT NULL,
  `salt` varchar(255) CHARACTER SET utf8 COLLATE utf8_unicode_ci DEFAULT NULL,
  `email` varchar(100) CHARACTER SET utf8 COLLATE utf8_unicode_ci NOT NULL,
  `activation_code` varchar(40) CHARACTER SET utf8 COLLATE utf8_unicode_ci DEFAULT NULL,
  `forgotten_password_code` varchar(40) CHARACTER SET utf8 COLLATE utf8_unicode_ci DEFAULT NULL,
  `forgotten_password_time` int(11) unsigned DEFAULT NULL,
  `remember_code` varchar(40) CHARACTER SET utf8 COLLATE utf8_unicode_ci DEFAULT NULL,
  `created_on` int(11) unsigned NOT NULL,
  `last_login` int(11) unsigned DEFAULT NULL,
  `active` tinyint(1) unsigned DEFAULT NULL,
  `first_name` varchar(50) CHARACTER SET utf8 COLLATE utf8_unicode_ci DEFAULT NULL,
  `last_name` varchar(50) CHARACTER SET utf8 COLLATE utf8_unicode_ci DEFAULT NULL,
  `company` varchar(100) CHARACTER SET utf8 COLLATE utf8_unicode_ci DEFAULT NULL,
  `phone` varchar(20) CHARACTER SET utf8 COLLATE utf8_unicode_ci DEFAULT NULL,
  `comment` varchar(255) NOT NULL,
  `iban` varchar(255) NOT NULL,
  `door_open` tinyint(1) NOT NULL,
  `current_bu_id` int(11) NOT NULL,
  `WordPress_UID` int(11) DEFAULT NULL,
  `first_shift` date DEFAULT NULL,
  `last_shift_rmd` date DEFAULT NULL,
  PRIMARY KEY (`id`)
) ENGINE=InnoDB  DEFAULT CHARSET=utf8 AUTO_INCREMENT=171 ;

--
-- Dumping data for table `users`
--

INSERT INTO `users` (`id`, `ip_address`, `username`, `password`, `salt`, `email`, `activation_code`, `forgotten_password_code`, `forgotten_password_time`, `remember_code`, `created_on`, `last_login`, `active`, `first_name`, `last_name`, `company`, `phone`, `comment`, `iban`, `door_open`, `current_bu_id`, `WordPress_UID`, `first_shift`, `last_shift_rmd`) VALUES
(1, '127.0.0.1', 'demo.demo', '$2y$10$DI3EnsYJQvZeRRiuLjX7aO/RfDIXrLLPDU0xEDLg5q.rat62Kw/Y2', NULL, 'demo@demo.com', NULL, '', 1510589870, '', 1268889823, 1524770740, 1, 'demo', 'demo', 'demo', '', 'pass = demo', '', 0, 4, 1, NULL, NULL);

-- --------------------------------------------------------

--
-- Table structure for table `users_bus`
--

CREATE TABLE IF NOT EXISTS `users_bus` (
  `id` int(11) unsigned NOT NULL AUTO_INCREMENT,
  `user_id` int(11) unsigned NOT NULL,
  `bu_id` mediumint(8) unsigned NOT NULL,
  PRIMARY KEY (`id`),
  UNIQUE KEY `uc_users_groups` (`user_id`,`bu_id`),
  KEY `fk_users_groups_users1_idx` (`user_id`),
  KEY `fk_users_groups_groups1_idx` (`bu_id`)
) ENGINE=InnoDB  DEFAULT CHARSET=utf8 AUTO_INCREMENT=612 ;

--
-- Dumping data for table `users_bus`
--

INSERT INTO `users_bus` (`id`, `user_id`, `bu_id`) VALUES
(532, 1, 1);

-- --------------------------------------------------------

--
-- Table structure for table `users_groups`
--

CREATE TABLE IF NOT EXISTS `users_groups` (
  `id` int(11) unsigned NOT NULL AUTO_INCREMENT,
  `user_id` int(11) unsigned NOT NULL,
  `group_id` mediumint(8) unsigned NOT NULL,
  PRIMARY KEY (`id`),
  UNIQUE KEY `uc_users_groups` (`user_id`,`group_id`),
  KEY `fk_users_groups_users1_idx` (`user_id`),
  KEY `fk_users_groups_groups1_idx` (`group_id`)
) ENGINE=InnoDB  DEFAULT CHARSET=utf8 AUTO_INCREMENT=585 ;

--
-- Dumping data for table `users_groups`
--

INSERT INTO `users_groups` (`id`, `user_id`, `group_id`) VALUES
(545, 1, 1);

-- --------------------------------------------------------

--
-- Table structure for table `users_permissions`
--

CREATE TABLE IF NOT EXISTS `users_permissions` (
  `id` int(11) NOT NULL,
  `user_id` int(11) NOT NULL,
  `perm_id` int(11) NOT NULL,
  `value` tinyint(1) NOT NULL DEFAULT '0',
  `created_at` int(11) NOT NULL,
  `updated_at` int(11) NOT NULL,
  PRIMARY KEY (`id`),
  UNIQUE KEY `userID` (`user_id`,`perm_id`)
) ENGINE=InnoDB DEFAULT CHARSET=latin1;

-- --------------------------------------------------------

--
-- Table structure for table `users_pos`
--

CREATE TABLE IF NOT EXISTS `users_pos` (
  `id` int(11) NOT NULL AUTO_INCREMENT,
  `id_user` int(11) NOT NULL,
  `id_pos` varchar(255) COLLATE utf8_unicode_ci NOT NULL,
  `id_bu` int(11) NOT NULL,
  `name` varchar(255) COLLATE utf8_unicode_ci NOT NULL,
  `deleted` tinyint(1) NOT NULL,
  PRIMARY KEY (`id`),
  UNIQUE KEY `id_user` (`id_pos`,`id_bu`)
) ENGINE=InnoDB DEFAULT CHARSET=utf8 COLLATE=utf8_unicode_ci AUTO_INCREMENT=1 ;

-- --------------------------------------------------------

--
-- Table structure for table `users_remember`
--

CREATE TABLE IF NOT EXISTS `users_remember` (
  `id` int(11) NOT NULL AUTO_INCREMENT,
  `user_id` int(11) NOT NULL,
  `remember_code` varchar(40) NOT NULL,
  PRIMARY KEY (`id`)
) ENGINE=InnoDB DEFAULT CHARSET=latin1 AUTO_INCREMENT=1 ;

-- --------------------------------------------------------

--
-- Table structure for table `wp_roles`
--

CREATE TABLE IF NOT EXISTS `wp_roles` (
  `id` int(11) NOT NULL AUTO_INCREMENT,
  `wp_role` enum('administrator','author','subscriber','contributor','editor') NOT NULL DEFAULT 'subscriber',
  `id_group_rms` int(11) NOT NULL,
  PRIMARY KEY (`id`)
) ENGINE=InnoDB  DEFAULT CHARSET=latin1 AUTO_INCREMENT=2 ;

--
-- Dumping data for table `wp_roles`
--

INSERT INTO `wp_roles` (`id`, `wp_role`, `id_group_rms`) VALUES
(1, 'administrator', 1);

--
-- Constraints for dumped tables
--

--
-- Constraints for table `checklists`
--
ALTER TABLE `checklists`
  ADD CONSTRAINT `checklists_ibfk_1` FOREIGN KEY (`id_bu`) REFERENCES `bus` (`id`) ON DELETE SET NULL ON UPDATE CASCADE;

--
-- Constraints for table `checklist_records`
--
ALTER TABLE `checklist_records`
  ADD CONSTRAINT `checklist_records_ibfk_1` FOREIGN KEY (`id_checklist`) REFERENCES `checklists` (`id`) ON DELETE SET NULL ON UPDATE CASCADE,
  ADD CONSTRAINT `checklist_records_ibfk_2` FOREIGN KEY (`user`) REFERENCES `users` (`id`) ON DELETE SET NULL ON UPDATE CASCADE;

--
-- Constraints for table `checklist_tasks`
--
ALTER TABLE `checklist_tasks`
  ADD CONSTRAINT `checklist_tasks_ibfk_1` FOREIGN KEY (`id_checklist`) REFERENCES `checklists` (`id`) ON DELETE SET NULL ON UPDATE CASCADE;

--
-- Constraints for table `discount`
--
ALTER TABLE `discount`
  ADD CONSTRAINT `discount_ibfk_1` FOREIGN KEY (`id_bu`) REFERENCES `bus` (`id`) ON DELETE SET NULL ON UPDATE CASCADE,
  ADD CONSTRAINT `discount_ibfk_2` FOREIGN KEY (`id_user`) REFERENCES `users` (`id`) ON DELETE SET NULL ON UPDATE CASCADE;

--
-- Constraints for table `news`
--
ALTER TABLE `news`
  ADD CONSTRAINT `news_ibfk_1` FOREIGN KEY (`id_user`) REFERENCES `users` (`id`) ON DELETE SET NULL ON UPDATE CASCADE;

--
-- Constraints for table `news_confirm`
--
ALTER TABLE `news_confirm`
  ADD CONSTRAINT `news_confirm_ibfk_1` FOREIGN KEY (`id_news`) REFERENCES `news` (`id`) ON DELETE CASCADE ON UPDATE CASCADE,
  ADD CONSTRAINT `news_confirm_ibfk_2` FOREIGN KEY (`id_user`) REFERENCES `users` (`id`) ON DELETE SET NULL ON UPDATE CASCADE;

--
-- Constraints for table `orders`
--
ALTER TABLE `orders`
  ADD CONSTRAINT `orders_ibfk_1` FOREIGN KEY (`id_bu`) REFERENCES `bus` (`id`) ON DELETE SET NULL ON UPDATE CASCADE,
  ADD CONSTRAINT `orders_ibfk_2` FOREIGN KEY (`user_reception`) REFERENCES `users` (`id`) ON DELETE SET NULL ON UPDATE CASCADE,
  ADD CONSTRAINT `orders_ibfk_3` FOREIGN KEY (`supplier_id`) REFERENCES `suppliers` (`id`) ON DELETE SET NULL ON UPDATE CASCADE,
  ADD CONSTRAINT `orders_ibfk_4` FOREIGN KEY (`user`) REFERENCES `users` (`id`) ON DELETE SET NULL ON UPDATE CASCADE;

--
-- Constraints for table `orders_confirm`
--
ALTER TABLE `orders_confirm`
  ADD CONSTRAINT `orders_confirm_ibfk_1` FOREIGN KEY (`idorder`) REFERENCES `orders` (`idorder`) ON DELETE CASCADE ON UPDATE NO ACTION;

--
-- Constraints for table `pos_movements`
--
ALTER TABLE `pos_movements`
  ADD CONSTRAINT `pos_movements_ibfk_1` FOREIGN KEY (`id_user`) REFERENCES `users` (`id`) ON DELETE SET NULL ON UPDATE CASCADE;

--
-- Constraints for table `pos_payments`
--
ALTER TABLE `pos_payments`
  ADD CONSTRAINT `pos_payments_ibfk_1` FOREIGN KEY (`id_movement`) REFERENCES `pos_movements` (`id`) ON DELETE CASCADE ON UPDATE NO ACTION;

--
-- Constraints for table `privmsgs`
--
ALTER TABLE `privmsgs`
  ADD CONSTRAINT `privmsgs_ibfk_1` FOREIGN KEY (`privmsg_id_bu`) REFERENCES `bus` (`id`) ON DELETE SET NULL ON UPDATE CASCADE;

--
-- Constraints for table `sales_cashmovements`
--
ALTER TABLE `sales_cashmovements`
  ADD CONSTRAINT `sales_cashmovements_ibfk_1` FOREIGN KEY (`id_bu`) REFERENCES `bus` (`id`) ON DELETE SET NULL ON UPDATE CASCADE;

--
-- Constraints for table `sales_customers`
--
ALTER TABLE `sales_customers`
  ADD CONSTRAINT `sales_customers_ibfk_1` FOREIGN KEY (`id_bu`) REFERENCES `bus` (`id`) ON DELETE SET NULL ON UPDATE CASCADE;

--
-- Constraints for table `sensors_temp`
--
ALTER TABLE `sensors_temp`
  ADD CONSTRAINT `sensors_temp_ibfk_1` FOREIGN KEY (`id_sensor`) REFERENCES `sensors` (`id`) ON DELETE CASCADE ON UPDATE CASCADE;

/*!40101 SET CHARACTER_SET_CLIENT=@OLD_CHARACTER_SET_CLIENT */;
/*!40101 SET CHARACTER_SET_RESULTS=@OLD_CHARACTER_SET_RESULTS */;
/*!40101 SET COLLATION_CONNECTION=@OLD_COLLATION_CONNECTION */;
